base_name,GT_Median_Distance_Metric,Completed_Median_Distance_Metric
ground_779_gt.ply,0.13599551570405405,0.06339024895716011
ground_679_gt.ply,0.13958094371003,0.06661404857360047
ground_128_gt.ply,0.14919696933107893,0.07443881951274602
ground_nofloor_164_gt.ply,0.06644681626906265,0.032078038424840374
ground_nofloor_482_gt.ply,0.0355020338590931,0.01782796402287154
ground_nofloor_582_gt.ply,0.04861724032917279,0.02250303809891699
ground_704_gt.ply,0.14244019706014177,0.06965108823382168
ground_604_gt.ply,0.14835435780061884,0.07082945108440208
ground_155_gt.ply,0.1407694974407346,0.06966309733540083
ground_nofloor_119_gt.ply,0.05607752161925731,0.026248046778217262
ground_62_gt.ply,0.14954264088899577,0.07253828249701301
ground_nofloor_65_gt.ply,0.03379579232563933,0.01864840177737743
ground_281_gt.ply,0.15765527714682176,0.07729696580285707
ground_767_gt.ply,0.1603452199966812,0.07581947344750292
ground_381_gt.ply,0.1453430734569731,0.07027591412996158
ground_667_gt.ply,0.13931955974136132,0.0696506050268978
ground_136_gt.ply,0.15103163215221152,0.07283952513127347
ground_nofloor_107_gt.ply,0.0438567777078442,0.02227259963963358
ground_nofloor_18_gt.ply,0.021029041590944857,0.008566628700513248
ground_nofloor_69_gt.ply,0.029607335502798905,0.01934732239112478
ground_nofloor_590_gt.ply,0.02908038496417978,0.016470984491608373
ground_nofloor_490_gt.ply,0.040185457136307126,0.020503033597578997
ground_nofloor_176_gt.ply,0.06372838683169617,0.03476579874007528
ground_nofloor_627_gt.ply,0.03444536976392741,0.016767480209792948
ground_147_gt.ply,0.15845509351270498,0.07564764931302176
ground_616_gt.ply,0.13952480974850073,0.06770378543843984
ground_nofloor_14_gt.ply,0.03354909381758657,0.017803902980347865
ground_716_gt.ply,0.1486357380466709,0.07101672376205947
ground_803_gt.ply,0.1485123916994386,0.07403788093072056
ground_13_gt.ply,0.15117400558825575,0.0707423595715359
ground_70_gt.ply,0.15663000420910025,0.07431018023172184
ground_nofloor_168_gt.ply,0.06378400320680304,0.029444259355679854
ground_124_gt.ply,0.1526669150173417,0.07540200583292311
ground_675_gt.ply,0.1503505955112049,0.06972294031123004
ground_393_gt.ply,0.1541629250896674,0.07452710082638911
ground_775_gt.ply,0.14931305619855378,0.07486941197177785
ground_nofloor_77_gt.ply,0.03570641996813478,0.018723959978906937
ground_293_gt.ply,0.15426729940470402,0.07677711887183944
ground_nofloor_115_gt.ply,0.03617131033764519,0.019997387528173892
ground_159_gt.ply,0.15653625171549368,0.0725617324131885
ground_608_gt.ply,0.14782643404492316,0.07552154235755756
ground_708_gt.ply,0.14631305511164786,0.06694330919730761
ground_58_gt.ply,0.15557196905496756,0.0756661159871215
ground_nofloor_611_gt.ply,0.0643752972741788,0.030988782490391876
ground_nofloor_140_gt.ply,0.05374786065310194,0.026918177701792126
ground_25_gt.ply,0.15182601940036725,0.07290342690678603
ground_620_gt.ply,0.15633735761501827,0.07380482350162507
ground_171_gt.ply,0.1402634086715265,0.06452308994624259
ground_497_gt.ply,0.1439919508361534,0.06964401684581592
ground_720_gt.ply,0.1556332118233988,0.07371446911824195
ground_597_gt.ply,0.14657597283809812,0.0688080454894216
ground_nofloor_22_gt.ply,0.03525502416143895,0.01849736817489809
ground_6_gt.ply,0.14874514121200333,0.07205109809451389
ground_643_gt.ply,0.15241676303790913,0.07537466477450068
ground_112_gt.ply,0.14304158943270492,0.07139113061938816
ground_nofloor_41_gt.ply,0.031920008514989946,0.015506841649396709
ground_743_gt.ply,0.1599570179054672,0.07456074818769058
ground_46_gt.ply,0.14631526257062608,0.07129051330819215
ground_489_gt.ply,0.15298462871154686,0.07577866742950065
ground_589_gt.ply,0.156763089459875,0.07702153228914349
ground_nofloor_294_gt.ply,0.053413012677905304,0.02411593734688989
ground_nofloor_394_gt.ply,0.062247705404276474,0.030100239435075078
ground_nofloor_123_gt.ply,0.023837409254621494,0.011575568755568394
ground_nofloor_152_gt.ply,0.06975545552372267,0.03383828884310752
ground_nofloor_603_gt.ply,0.04661143698853211,0.022106425277682456
ground_nofloor_398_gt.ply,0.05009278748934433,0.025140096933088083
ground_nofloor_298_gt.ply,0.05387511320476342,0.026299576771580464
ground_37_gt.ply,0.14034869462933947,0.07332319769534681
ground_nofloor_30_gt.ply,0.05069972447696443,0.026494449857158923
ground_585_gt.ply,0.14596980254119185,0.07109248871273308
ground_732_gt.ply,0.14873856586258621,0.07276910156590974
ground_485_gt.ply,0.1526549965609667,0.07251501746899808
ground_163_gt.ply,0.1537882758102383,0.07462401981388919
ground_632_gt.ply,0.14472524132684797,0.07176716433594313
ground_751_gt.ply,0.14817842793303465,0.07055900748914995
ground_nofloor_53_gt.ply,0.053768552795553586,0.02564559888406288
ground_100_gt.ply,0.1592113113219964,0.07392303185855052
ground_651_gt.ply,0.155805045167006,0.06881323462977647
ground_54_gt.ply,0.1491085005406425,0.07378214649420549
ground_nofloor_131_gt.ply,0.04767672866170652,0.023846788251764353
ground_nofloor_386_gt.ply,0.03349279896839736,0.016981824915332688
ground_29_gt.ply,0.15305440377762947,0.07693068944657594
ground_nofloor_286_gt.ply,0.04795481820390336,0.022270154605459176
ground_nofloor_351_gt.ply,0.06480842109089563,0.030106463735697975
ground_nofloor_400_gt.ply,0.05482203977344611,0.02720560132366237
ground_nofloor_251_gt.ply,0.08006023314303298,0.03906231155794169
ground_nofloor_500_gt.ply,0.06913732160920334,0.03522317252937968
ground_nofloor_84_gt.ply,0.03754633314069707,0.019153372062495934
ground_260_gt.ply,0.15063670573770135,0.07091234509271838
ground_531_gt.ply,0.1537202618798437,0.0731706791098043
ground_786_gt.ply,0.1436722244227751,0.07092073402280602
ground_360_gt.ply,0.14731545870355933,0.0740938164989452
ground_431_gt.ply,0.14931555743967329,0.07405565555593355
ground_686_gt.ply,0.1500976592409266,0.06774953652237575
ground_83_gt.ply,0.1496297831252983,0.07304096942660684
ground_203_gt.ply,0.15979788150054336,0.07471523774221853
ground_552_gt.ply,0.1435465400438626,0.06741489813799201
ground_303_gt.ply,0.142000928415491,0.07374545053522147
ground_452_gt.ply,0.15072600214784715,0.07248928405668105
ground_nofloor_185_gt.ply,0.07915247194547433,0.03642148138993544
ground_nofloor_332_gt.ply,0.0351873619257132,0.019460857011550863
ground_nofloor_463_gt.ply,0.024856060152078016,0.014695972367442372
ground_nofloor_232_gt.ply,0.06575788457785804,0.03256612114913881
ground_nofloor_563_gt.ply,0.05319489250200675,0.026357226588129563
ground_798_gt.ply,0.14603976079401346,0.0727805223370986
ground_698_gt.ply,0.15153164568072705,0.07084646225911374
ground_nofloor_512_gt.ply,0.058662296206038474,0.02833757196330525
ground_nofloor_243_gt.ply,0.06495854812512938,0.03435285542786702
ground_nofloor_412_gt.ply,0.056067260106506235,0.028612730020311186
ground_nofloor_343_gt.ply,0.023752115501482346,0.013690341599476977
ground_694_gt.ply,0.14808495446103132,0.07122096175310755
ground_423_gt.ply,0.14921438344970056,0.07207673930241754
ground_372_gt.ply,0.142027859691993,0.07313429328004167
ground_794_gt.ply,0.14513415716048111,0.07176922785174851
ground_523_gt.ply,0.14951420851318922,0.07066704920365519
ground_nofloor_96_gt.ply,0.019144362078942805,0.008481032543109755
ground_272_gt.ply,0.13317631374291472,0.06425368272335558
ground_91_gt.ply,0.14508480741874738,0.07175594648983948
ground_nofloor_189_gt.ply,0.07146413529045251,0.03273740919177644
ground_440_gt.ply,0.15040574413718522,0.07268393785170815
ground_311_gt.ply,0.14840357422822037,0.07161597345846463
ground_540_gt.ply,0.1524260008001554,0.07536385366345072
ground_211_gt.ply,0.14684756621621864,0.07120080564690492
ground_nofloor_571_gt.ply,0.05884637585651779,0.0316703973166055
ground_nofloor_220_gt.ply,0.05394361625409457,0.02628809815119175
ground_nofloor_471_gt.ply,0.025253325875822297,0.0146174912088545
ground_nofloor_320_gt.ply,0.05097600786708417,0.024805894054265233
ground_nofloor_197_gt.ply,0.057784642415483145,0.028945717113709878
ground_nofloor_88_gt.ply,0.04546676150921556,0.022126571142863625
ground_nofloor_275_gt.ply,0.06305521014188913,0.03111644512931286
ground_nofloor_524_gt.ply,0.06760289665953836,0.031069995145156456
ground_nofloor_375_gt.ply,0.040992607014330246,0.020340700422085863
ground_nofloor_424_gt.ply,0.06320488956687766,0.030416179597169107
ground_339_gt.ply,0.1445616327021359,0.07172137387173755
ground_468_gt.ply,0.14434114851833174,0.06977708172957915
ground_239_gt.ply,0.13838873363293863,0.0648719146383825
ground_568_gt.ply,0.16167013139237646,0.07516457256334229
ground_nofloor_208_gt.ply,0.04722122668866437,0.02180901853839118
ground_nofloor_559_gt.ply,0.06695546911148187,0.02977520323209217
ground_nofloor_308_gt.ply,0.07190603758615384,0.03359630010140528
ground_nofloor_459_gt.ply,0.07041443047176703,0.03328286150246069
ground_344_gt.ply,0.15119280120788842,0.0742721736205693
ground_415_gt.ply,0.14402891970069048,0.06861880056924971
ground_244_gt.ply,0.15619580889274942,0.07414881576522817
ground_515_gt.ply,0.1548900049624003,0.07278507345283038
ground_190_gt.ply,0.1347900797753636,0.06404461514833995
ground_327_gt.ply,0.15050596839020777,0.07623040405653456
ground_476_gt.ply,0.14835860142999646,0.0756557333011803
ground_227_gt.ply,0.1461850415326248,0.0738045748499941
ground_576_gt.ply,0.14959014586057406,0.07266116133035774
ground_nofloor_216_gt.ply,0.06477976207781536,0.031010787761530444
ground_nofloor_547_gt.ply,0.04575756325927524,0.02151685948045203
ground_nofloor_316_gt.ply,0.026865327042014657,0.014912884262684119
ground_nofloor_447_gt.ply,0.03229402145322155,0.015232476841154514
ground_nofloor_6_gt.ply,0.04589008420649448,0.02338263311581905
ground_nofloor_436_gt.ply,0.03642922267438127,0.01897284455787441
ground_nofloor_367_gt.ply,0.05964988451423498,0.028889715791518587
ground_nofloor_536_gt.ply,0.07173290826037129,0.033634854175196405
ground_nofloor_267_gt.ply,0.060768747076511975,0.03170139701336168
ground_507_gt.ply,0.150552915245816,0.07130771184492837
ground_256_gt.ply,0.14130843190819828,0.06732360146837402
ground_407_gt.ply,0.1555137075852369,0.07415188223016868
ground_356_gt.ply,0.14515128265351734,0.0692481553252628
ground_564_gt.ply,0.15491924725162828,0.07346577315989174
ground_235_gt.ply,0.15098248556346053,0.0732169463499406
ground_464_gt.ply,0.13897111887412078,0.06940351387666105
ground_335_gt.ply,0.1479003198533329,0.07228307622673678
ground_182_gt.ply,0.15162819284656442,0.07358860808532033
ground_nofloor_428_gt.ply,0.06844268309460849,0.03172887626923041
ground_nofloor_379_gt.ply,0.06712470488735967,0.030948278932901117
ground_nofloor_528_gt.ply,0.038262940062686254,0.018406509724225324
ground_nofloor_279_gt.ply,0.06005334375077646,0.026680032801888617
ground_519_gt.ply,0.1384976329003824,0.07056849799376182
ground_248_gt.ply,0.13731953723703577,0.06648599494532179
ground_419_gt.ply,0.14171994798720983,0.06661524030932867
ground_348_gt.ply,0.14106095590454532,0.06403316492439204
ground_nofloor_455_gt.ply,0.05943073411382559,0.02753170682773924
ground_nofloor_304_gt.ply,0.06100047193966672,0.031029973391970646
ground_nofloor_555_gt.ply,0.06384156503506366,0.03052748348422171
ground_nofloor_204_gt.ply,0.06585725820704844,0.031169867114899434
ground_442_gt.ply,0.15009627711999804,0.0746923179210946
ground_313_gt.ply,0.1560208867163906,0.07596688132067575
ground_542_gt.ply,0.15243246620286244,0.07377536128731504
ground_213_gt.ply,0.1489413017522893,0.07191755783603415
ground_688_gt.ply,0.14321799262352738,0.06702241271298268
ground_788_gt.ply,0.14559739739318145,0.06921799001163256
ground_nofloor_573_gt.ply,0.06729006860581085,0.03014091910483882
ground_nofloor_222_gt.ply,0.06518762311290044,0.032552313605950844
ground_nofloor_473_gt.ply,0.05617859575145726,0.028154910980087378
ground_nofloor_322_gt.ply,0.02444320315425107,0.013420779607743204
ground_nofloor_195_gt.ply,0.06702379375478981,0.03082484493484269
ground_nofloor_510_gt.ply,0.06873104849791759,0.03251513708264589
ground_nofloor_241_gt.ply,0.05849899787028701,0.027384818292464586
ground_nofloor_410_gt.ply,0.041097065827555665,0.020431353257096406
ground_nofloor_341_gt.ply,0.024186547663676367,0.013233683884895028
ground_93_gt.ply,0.15476861214851947,0.07476304222634951
ground_696_gt.ply,0.14647110379735837,0.06826182013633023
ground_421_gt.ply,0.14195750890573217,0.06727545883841392
ground_370_gt.ply,0.14831463850434146,0.07356135039098609
ground_796_gt.ply,0.13912918808267272,0.0698059797695254
ground_521_gt.ply,0.1429964006574334,0.06778991587043105
ground_270_gt.ply,0.1476724071123527,0.0708962303580173
ground_nofloor_94_gt.ply,0.03140604525519736,0.015814356191175865
ground_201_gt.ply,0.15293327901102893,0.07354858085089037
ground_550_gt.ply,0.15417572664163742,0.0766645733524364
ground_301_gt.ply,0.14167834763224538,0.07069195643249773
ground_450_gt.ply,0.13970593515417587,0.06915277549143448
ground_nofloor_98_gt.ply,0.03859570244178531,0.020081225715775555
ground_nofloor_187_gt.ply,0.05348548794456743,0.025471001336879726
ground_nofloor_330_gt.ply,0.04066028860762597,0.02059195495191372
ground_nofloor_461_gt.ply,0.02363759257811255,0.012611273914182104
ground_nofloor_230_gt.ply,0.057279084177758136,0.027232656514436307
ground_nofloor_561_gt.ply,0.053837515466471746,0.03396829198552447
ground_nofloor_353_gt.ply,0.06187840373503178,0.02955542059762507
ground_nofloor_402_gt.ply,0.060506468513221556,0.029196057959325245
ground_nofloor_253_gt.ply,0.04830254922534243,0.024064536240053884
ground_nofloor_502_gt.ply,0.06156986769568566,0.03103022072870154
ground_nofloor_199_gt.ply,0.06658300463458103,0.03067386930659856
ground_81_gt.ply,0.1546286519376167,0.07581629443315464
ground_262_gt.ply,0.1476248949756167,0.07453952492061564
ground_nofloor_86_gt.ply,0.04687119725347162,0.022620342156892723
ground_533_gt.ply,0.16293734480403138,0.07516990923014244
ground_784_gt.ply,0.15039544737093555,0.07203394265584018
ground_362_gt.ply,0.1541714097116731,0.07558375482037216
ground_433_gt.ply,0.1478546311543844,0.07105528397006525
ground_684_gt.ply,0.13740424211402807,0.0676257126818304
ground_566_gt.ply,0.1473256809134224,0.07146318701828863
ground_237_gt.ply,0.15723924599982164,0.07345793270883146
ground_466_gt.ply,0.14315625828282033,0.0725069969915391
ground_337_gt.ply,0.14475095611177347,0.06793550654656107
ground_180_gt.ply,0.15128557113691266,0.07520053274132923
ground_nofloor_457_gt.ply,0.0628205347795778,0.029885010335871813
ground_nofloor_306_gt.ply,0.04899968706910874,0.023513568411266745
ground_nofloor_557_gt.ply,0.04807187955908526,0.02537797829295388
ground_nofloor_206_gt.ply,0.0542850371408843,0.025518864571999145
ground_578_gt.ply,0.14904563387139202,0.0704541038688047
ground_229_gt.ply,0.1467144467793716,0.07055138668046504
ground_478_gt.ply,0.1505845435475088,0.0747526901287217
ground_329_gt.ply,0.15505113210116123,0.07544118759169927
ground_nofloor_4_gt.ply,0.0523981034743674,0.02477331966632055
ground_nofloor_434_gt.ply,0.06193013334588865,0.030673755764187537
ground_nofloor_365_gt.ply,0.06566541830913922,0.031577661388726246
ground_nofloor_534_gt.ply,0.03815197557590649,0.018700802301368592
ground_nofloor_265_gt.ply,0.06613550443129042,0.030357036400799522
ground_505_gt.ply,0.1598279211994579,0.07675896504811844
ground_254_gt.ply,0.15814944854947677,0.07469343157672736
ground_405_gt.ply,0.15061188151805632,0.07337766547673859
ground_354_gt.ply,0.1485523822740127,0.07433315942724243
ground_nofloor_449_gt.ply,0.06482538317962334,0.0320226028223288
ground_nofloor_318_gt.ply,0.06126127104992751,0.029360519729774843
ground_nofloor_549_gt.ply,0.031050606670547546,0.01637846449275362
ground_nofloor_218_gt.ply,0.06573958074313713,0.030324897331735757
ground_nofloor_269_gt.ply,0.06964092028378015,0.034004168122621796
ground_nofloor_538_gt.ply,0.06454273583426226,0.030818245413388692
ground_nofloor_8_gt.ply,0.0,0.0024225815824344588
ground_nofloor_369_gt.ply,0.052653639969972764,0.026279668732188073
ground_nofloor_438_gt.ply,0.058144669023496284,0.02812127113038994
ground_192_gt.ply,0.14570352803050393,0.07140544485994169
ground_325_gt.ply,0.14870944828965443,0.07491526875536025
ground_474_gt.ply,0.14593895912831523,0.07364654860364343
ground_225_gt.ply,0.15013781117820837,0.07282069114034209
ground_574_gt.ply,0.1474611027523873,0.07125818773291157
ground_nofloor_214_gt.ply,0.049800188692741075,0.02361114840327203
ground_nofloor_545_gt.ply,0.05986403208935032,0.02851812212130834
ground_nofloor_314_gt.ply,0.03503916685893904,0.018201187416439335
ground_nofloor_445_gt.ply,0.06272303772165234,0.031163733999108406
ground_358_gt.ply,0.1457995691379397,0.07428225592420801
ground_409_gt.ply,0.15084236196786863,0.07018179919538647
ground_258_gt.ply,0.14634491234882832,0.07131772756737088
ground_509_gt.ply,0.15079374905689308,0.07097290244822463
ground_nofloor_277_gt.ply,0.06426528604362973,0.031183001790770902
ground_nofloor_526_gt.ply,0.06079153863476704,0.03015645868348065
ground_nofloor_377_gt.ply,0.06504212479014564,0.030784871335679195
ground_nofloor_426_gt.ply,0.020580180130148694,0.010542054563475078
ground_346_gt.ply,0.1509838049868052,0.07050851213339646
ground_417_gt.ply,0.1526266195381386,0.0754306912319649
ground_246_gt.ply,0.1436089995846071,0.06865329801680896
ground_517_gt.ply,0.15190389159933748,0.06942733511541313
ground_126_gt.ply,0.1446387599231315,0.06941385290478053
ground_677_gt.ply,0.1537208881231628,0.07379161282534079
ground_391_gt.ply,0.14727083745061614,0.07423481188394687
ground_777_gt.ply,0.14613843141034266,0.06760085928498825
ground_291_gt.ply,0.15645745478680653,0.07579612061040118
ground_nofloor_75_gt.ply,0.05419426308144639,0.02633177032954489
ground_72_gt.ply,0.15190805304718116,0.07266130477019418
ground_nofloor_117_gt.ply,0.037668694964041995,0.01960867351674367
ground_nofloor_592_gt.ply,0.05908460078313875,0.029925547672346085
ground_nofloor_492_gt.ply,0.03876849149696706,0.019981362046297604
ground_nofloor_174_gt.ply,0.05696126499306653,0.026368002235107088
ground_nofloor_625_gt.ply,0.04287674043395601,0.02119394914459742
ground_138_gt.ply,0.13294187245117822,0.06435527226671707
ground_669_gt.ply,0.14732120266121038,0.06743828322983661
ground_769_gt.ply,0.14748550888679796,0.07229832536732661
ground_801_gt.ply,0.14860149537486952,0.07093390332113131
ground_11_gt.ply,0.1437898548744564,0.07195547207295674
ground_nofloor_109_gt.ply,0.043315098515132114,0.021785503352428546
ground_145_gt.ply,0.15402409141650103,0.0729792805014785
ground_614_gt.ply,0.14849530178875991,0.06980071467953293
ground_nofloor_16_gt.ply,0.031640506272617164,0.016479238889321277
ground_714_gt.ply,0.15403668370340026,0.07176956831274389
ground_283_gt.ply,0.15658315247347593,0.0745151743062118
ground_nofloor_67_gt.ply,0.03364926659710515,0.01606358179981301
ground_765_gt.ply,0.15507006043970656,0.07572879893540584
ground_383_gt.ply,0.14543456252481107,0.0715983033636569
ground_665_gt.ply,0.14604935726930796,0.07155017979217784
ground_134_gt.ply,0.14757889664852702,0.07040946285624901
ground_nofloor_629_gt.ply,0.03327297127410034,0.017290467532316434
ground_nofloor_178_gt.ply,0.05254117440597661,0.02623520563964437
ground_60_gt.ply,0.15114601233395225,0.07393744327719103
ground_718_gt.ply,0.15355672953003344,0.07067132843636091
ground_618_gt.ply,0.1420812101731679,0.07054890633036723
ground_149_gt.ply,0.153550245314712,0.07351103704650051
ground_nofloor_105_gt.ply,0.05061363491640018,0.026259835888481634
ground_nofloor_166_gt.ply,0.055828928784426024,0.025325288560662917
ground_nofloor_480_gt.ply,0.05786695829597184,0.027610008983506032
ground_nofloor_580_gt.ply,0.06317129408832378,0.03159845859583596
ground_nofloor_79_gt.ply,0.033096337994591676,0.016786671433799666
ground_706_gt.ply,0.13447045639355568,0.06746202982559812
ground_606_gt.ply,0.13863156045567543,0.07058676011652953
ground_157_gt.ply,0.14169180650171392,0.06624531993973533
ground_56_gt.ply,0.14558149035900386,0.07390811434966126
ground_753_gt.ply,0.14928417606926148,0.07403784292881462
ground_nofloor_51_gt.ply,0.05134754940429151,0.025583292994515346
ground_102_gt.ply,0.14534269587379986,0.0680422313629988
ground_653_gt.ply,0.15713818970354754,0.0751469527492242
ground_nofloor_133_gt.ply,0.028000710076795592,0.016090307926535194
ground_nofloor_384_gt.ply,0.04078393907053903,0.020832022103905178
ground_nofloor_284_gt.ply,0.06047283899078236,0.03110789606757449
ground_599_gt.ply,0.14364727891934326,0.07006336042059208
ground_499_gt.ply,0.15546642849627645,0.07644529484094909
ground_8_gt.ply,0.1560276976687188,0.0755473104807739
ground_nofloor_150_gt.ply,0.05310973351602935,0.027200715174152214
ground_nofloor_601_gt.ply,0.048395038630052456,0.022441278601530182
ground_48_gt.ply,0.14052498233360297,0.07228542638015498
ground_nofloor_32_gt.ply,0.0,0.0074799759043781364
ground_587_gt.ply,0.148929033104257,0.07015394260751259
ground_730_gt.ply,0.1492495301610955,0.07438594100637666
ground_487_gt.ply,0.14793793505247954,0.06928901803775236
ground_161_gt.ply,0.15127578340456183,0.07388031012282499
ground_630_gt.ply,0.15349384275931166,0.0765928049790421
ground_35_gt.ply,0.14766461617286147,0.07299360944939372
ground_44_gt.ply,0.14324413009252013,0.07554080428592899
ground_4_gt.ply,0.14294491000991832,0.07080241669947879
ground_641_gt.ply,0.15847265923893028,0.07713968140113271
ground_110_gt.ply,0.14033704628622856,0.0660321440263309
ground_nofloor_43_gt.ply,0.053374292862159035,0.027531252696758518
ground_741_gt.ply,0.15601548410496685,0.0765216857075163
ground_nofloor_296_gt.ply,0.05189343900442462,0.023346601339676372
ground_39_gt.ply,0.155452248159584,0.07615577532919007
ground_nofloor_396_gt.ply,0.03991700051920487,0.020084357696427066
ground_nofloor_121_gt.ply,0.012302724736430562,0.006950905766234557
ground_nofloor_613_gt.ply,0.06710736736262084,0.031093445724562102
ground_nofloor_142_gt.ply,0.025431795006933988,0.01643539065151923
ground_622_gt.ply,0.14164067634119662,0.0680898632303854
ground_173_gt.ply,0.14507482496932259,0.06789885061101736
ground_495_gt.ply,0.15286881017911752,0.07182826448991292
ground_722_gt.ply,0.14934073440908371,0.07156463831744732
ground_595_gt.ply,0.147334961269215,0.06922514418406117
ground_nofloor_20_gt.ply,0.03169634635572636,0.01631448951475222
ground_27_gt.ply,0.14253033347636823,0.07224025762167394
ground_nofloor_288_gt.ply,0.05508516909868666,0.026847506976818102
ground_nofloor_388_gt.ply,0.052164096511387086,0.026042958967741992
ground_nofloor_541_gt.ply,0.06680129165780627,0.03265396194380159
ground_nofloor_210_gt.ply,0.06349944089523996,0.03324700975457316
ground_nofloor_441_gt.ply,0.040112961233579575,0.020674642426464385
ground_nofloor_310_gt.ply,0.0710739180563689,0.031733497823200625
ground_196_gt.ply,0.14841794429788624,0.07224020873376476
ground_470_gt.ply,0.15088561043545168,0.07192861359288674
ground_321_gt.ply,0.15166233048810684,0.0755684723493617
ground_570_gt.ply,0.15271560507422802,0.0682117361131214
ground_221_gt.ply,0.14312318023726864,0.07247470706341111
ground_413_gt.ply,0.14700280021472745,0.07113664768981853
ground_342_gt.ply,0.14672227564768242,0.07353703068044332
ground_513_gt.ply,0.14345820100898313,0.06764798376418904
ground_242_gt.ply,0.15654153560268225,0.07303368101935617
ground_188_gt.ply,0.15256252315960683,0.07569561729242427
ground_nofloor_522_gt.ply,0.03465597264879392,0.018083650545549175
ground_nofloor_273_gt.ply,0.05375186326966352,0.023324997929190364
ground_nofloor_422_gt.ply,0.04164662118971921,0.020537412916257256
ground_nofloor_373_gt.ply,0.05287472532981215,0.02726163037268014
ground_nofloor_302_gt.ply,0.06085039485972691,0.030184792272555248
ground_nofloor_453_gt.ply,0.05914457351314516,0.02907194949709962
ground_nofloor_202_gt.ply,0.07243207342441685,0.03289983442852526
ground_nofloor_553_gt.ply,0.07100369087297946,0.033993338126501016
ground_233_gt.ply,0.14767726161929,0.07509166490903059
ground_562_gt.ply,0.15248852131252075,0.07497332066142198
ground_333_gt.ply,0.14206827706344588,0.06928096688169164
ground_462_gt.ply,0.14301974470373285,0.06662919310802855
ground_184_gt.ply,0.1513557552699721,0.07126581999027817
ground_250_gt.ply,0.150119475429688,0.07344709876142666
ground_501_gt.ply,0.15185205711204972,0.0694698315226552
ground_350_gt.ply,0.14487995509754908,0.0739128633332341
ground_401_gt.ply,0.1392395779494373,0.06724352806173386
ground_nofloor_0_gt.ply,0.018147538931662096,0.023649233733637517
ground_nofloor_361_gt.ply,0.06674455112802673,0.03233955698008179
ground_nofloor_430_gt.ply,0.01620453969264828,0.01007718777453719
ground_nofloor_261_gt.ply,0.06884800213954462,0.033708831833497536
ground_nofloor_530_gt.ply,0.06646193066820932,0.033418849016795815
ground_529_gt.ply,0.1446481590780398,0.0688923405975497
ground_278_gt.ply,0.15665446900373106,0.07423794473258288
ground_429_gt.ply,0.14780282416741966,0.07553688500060098
ground_378_gt.ply,0.1448013767290186,0.07555965317049239
ground_nofloor_183_gt.ply,0.07378905275536062,0.04866193781209205
ground_nofloor_465_gt.ply,0.03514207404227638,0.018836224361961813
ground_nofloor_334_gt.ply,0.0604222936779513,0.029136738954680455
ground_nofloor_565_gt.ply,0.06806055477700129,0.03342203223224831
ground_nofloor_234_gt.ply,0.06904736846969889,0.03439099155828129
ground_554_gt.ply,0.14573863635223427,0.068653133333542
ground_205_gt.ply,0.15824171559529468,0.07522219325293061
ground_454_gt.ply,0.1484891998792893,0.07523610213346396
ground_305_gt.ply,0.14389464533218704,0.07015611760045287
ground_nofloor_418_gt.ply,0.047091089717545255,0.024537429893892376
ground_nofloor_349_gt.ply,0.0,0.010203298747221624
ground_nofloor_518_gt.ply,0.06417055026187925,0.029715065664005173
ground_nofloor_249_gt.ply,0.06957274951450253,0.03306181446951938
ground_85_gt.ply,0.14689867959618458,0.07238400427556527
ground_537_gt.ply,0.14467877706134244,0.06878799906272774
ground_nofloor_82_gt.ply,0.0366228028040506,0.019826275032349433
ground_266_gt.ply,0.15562760456775376,0.07562039138199872
ground_780_gt.ply,0.1473639861926022,0.07102634164904542
ground_437_gt.ply,0.15220433648274706,0.06883631599488502
ground_366_gt.ply,0.13966377214729525,0.06940146943188152
ground_680_gt.ply,0.1478883368345641,0.07355262658245645
ground_nofloor_406_gt.ply,0.060307934483447866,0.02870813712775356
ground_nofloor_357_gt.ply,0.04500101314638396,0.023344930798344668
ground_nofloor_506_gt.ply,0.04883929256180037,0.022474181029573638
ground_nofloor_257_gt.ply,0.07754105677736263,0.03576631281739558
ground_nofloor_226_gt.ply,0.06018624477152578,0.029478757470909354
ground_nofloor_577_gt.ply,0.06780871929705751,0.03168409117741516
ground_89_gt.ply,0.1533774663744497,0.07009261306669765
ground_nofloor_326_gt.ply,0.05283783054073428,0.02611342457866295
ground_nofloor_477_gt.ply,0.048110292801435986,0.02401305209312036
ground_nofloor_191_gt.ply,0.05021893191874678,0.02380596557266922
ground_317_gt.ply,0.14225030641770775,0.07114510396481044
ground_446_gt.ply,0.1486024699787618,0.07305559569427131
ground_217_gt.ply,0.14963246273245234,0.07462887515932796
ground_546_gt.ply,0.14413842831250667,0.06971278266193492
ground_97_gt.ply,0.1423165450812805,0.06977663838552742
ground_nofloor_238_gt.ply,0.06198043752875816,0.031182480778146247
ground_nofloor_569_gt.ply,0.035603383450281995,0.017769269400364364
ground_nofloor_338_gt.ply,0.018757962688135715,0.011925314455963275
ground_nofloor_469_gt.ply,0.033199696996840895,0.01690462382332661
ground_692_gt.ply,0.14708771980603674,0.07082888905256257
ground_374_gt.ply,0.1483737458943224,0.07029018566949317
ground_425_gt.ply,0.1522243168922366,0.0735254026210851
ground_792_gt.ply,0.156626856501697,0.07353352877742252
ground_nofloor_90_gt.ply,0.036941219492782854,0.019865203329682578
ground_274_gt.ply,0.14368641466844684,0.07134259907358856
ground_525_gt.ply,0.1496062975760757,0.07099299340282796
ground_nofloor_245_gt.ply,0.06564978201839856,0.02962531294850628
ground_nofloor_514_gt.ply,0.06146277114755356,0.02823099975865527
ground_nofloor_345_gt.ply,0.03752565108369986,0.021593474836684848
ground_nofloor_414_gt.ply,0.04046164182506663,0.020271906379397218
ground_309_gt.ply,0.1596741763052553,0.0751969991148635
ground_458_gt.ply,0.1472065680083797,0.07389832663485728
ground_209_gt.ply,0.1527483908236457,0.07680732417102723
ground_558_gt.ply,0.14800050396449166,0.06826807273533192
ground_nofloor_292_gt.ply,0.06491280134063261,0.03220883122765286
ground_nofloor_392_gt.ply,0.06805731371675677,0.03037290424802975
ground_nofloor_125_gt.ply,0.040464850524115276,0.02028584454079831
ground_169_gt.ply,0.15715675194957887,0.07561944340407853
ground_638_gt.ply,0.14321231718739577,0.0707954990478745
ground_738_gt.ply,0.14927343303102,0.06762162747207785
ground_40_gt.ply,0.1542047130258951,0.07734617108894032
ground_nofloor_158_gt.ply,0.07127083155941603,0.03153770634761796
ground_nofloor_609_gt.ply,0.06395705562540553,0.031062666714883766
ground_0_gt.ply,0.1396640421019075,0.0674371201012525
ground_114_gt.ply,0.15764065408923783,0.07108206285757855
ground_645_gt.ply,0.15290507657638916,0.07382638529495393
ground_nofloor_47_gt.ply,0.03194963792267902,0.01689326503588037
ground_745_gt.ply,0.14902467637805902,0.0699845012701459
ground_177_gt.ply,0.14077299536611554,0.0681823249346313
ground_626_gt.ply,0.15151335278099207,0.07341290606089623
ground_491_gt.ply,0.148113370356272,0.07013594038225338
ground_726_gt.ply,0.15339467514713662,0.07302307272997899
ground_nofloor_24_gt.ply,0.03495766318090831,0.018212043055167357
ground_591_gt.ply,0.14455827003933605,0.06966221989294064
ground_23_gt.ply,0.14656003581526406,0.07099011506800162
ground_nofloor_59_gt.ply,0.025640684119263242,0.014148951932456667
ground_nofloor_146_gt.ply,0.03172913266476256,0.017919936657587475
ground_nofloor_617_gt.ply,0.06732670683979092,0.029601984877372034
ground_nofloor_137_gt.ply,0.035635252006113366,0.01772312695371918
ground_nofloor_380_gt.ply,0.06068594612685473,0.030252288481393556
ground_nofloor_280_gt.ply,0.05136991518223516,0.02665573878315681
ground_nofloor_28_gt.ply,0.04574689819175419,0.02241461407997429
ground_52_gt.ply,0.15031325264089015,0.07233373164356052
ground_757_gt.ply,0.15909035521750392,0.07333606412896156
ground_nofloor_55_gt.ply,0.0446521131462991,0.02269168227011291
ground_657_gt.ply,0.14972122939136345,0.07037061496420824
ground_106_gt.ply,0.14863627772265164,0.07316824902947991
ground_583_gt.ply,0.14982382026088897,0.07035892208016692
ground_nofloor_36_gt.ply,0.025824665663030457,0.011986453634335963
ground_734_gt.ply,0.14840366379044592,0.07125802860125974
ground_483_gt.ply,0.14946162251331532,0.07489179683819619
ground_634_gt.ply,0.15415709810690492,0.07096001797154218
ground_165_gt.ply,0.15407105552632383,0.07439787942966003
ground_nofloor_129_gt.ply,0.027927585304981992,0.015845611587017538
ground_31_gt.ply,0.1560052206148955,0.07532431521257148
ground_749_gt.ply,0.15110231338457616,0.07285117901649588
ground_649_gt.ply,0.14097281516786328,0.07412373062602921
ground_118_gt.ply,0.1527137558317262,0.07459429715649674
ground_nofloor_605_gt.ply,0.06732910061593408,0.0326449415291965
ground_nofloor_154_gt.ply,0.06291972573834559,0.03177080132802583
ground_nofloor_101_gt.ply,0.018881650786814683,0.018367390641333695
ground_809_gt.ply,0.1530471516276018,0.07365822651517961
ground_19_gt.ply,0.14963794989056112,0.0711560012062614
ground_nofloor_63_gt.ply,0.04236478561290708,0.02105411241841003
ground_287_gt.ply,0.15720569909410353,0.07787335912829338
ground_761_gt.ply,0.14081285046962624,0.06958266605525099
ground_387_gt.ply,0.14339373771715214,0.0726609055317471
ground_130_gt.ply,0.15385300625706216,0.07638243037795896
ground_661_gt.ply,0.14034546613013504,0.06936007516153904
ground_64_gt.ply,0.14040155705388124,0.06695387122375882
ground_702_gt.ply,0.1562183050617574,0.0742433292574805
ground_153_gt.ply,0.15654459296481493,0.07315003133437477
ground_602_gt.ply,0.14627503594055358,0.06948587725331809
ground_nofloor_162_gt.ply,0.07040377212066853,0.032637083815044585
ground_nofloor_484_gt.ply,0.0343694704187195,0.017555158713857502
ground_nofloor_584_gt.ply,0.06854510977465345,0.03203494794442373
ground_299_gt.ply,0.15577202369027127,0.07360174654724294
ground_399_gt.ply,0.15225514269595258,0.07310748904956976
ground_nofloor_113_gt.ply,0.037442009447610766,0.019165153357925634
ground_673_gt.ply,0.1435129137581849,0.06712988456223641
ground_122_gt.ply,0.14560460255441005,0.07438606115601316
ground_395_gt.ply,0.1486713879749914,0.07529781689685647
ground_773_gt.ply,0.14283495185120804,0.07085753531511003
ground_nofloor_71_gt.ply,0.04115653951423963,0.021398883388630156
ground_295_gt.ply,0.15054199277382802,0.07544509760714925
ground_76_gt.ply,0.14457918895841315,0.07147186910358941
ground_nofloor_588_gt.ply,0.06837355482984378,0.03223009485658763
ground_nofloor_488_gt.ply,0.041909850362764664,0.02169334596489972
ground_805_gt.ply,0.15435340286313953,0.0736953766321188
ground_15_gt.ply,0.14514210676612543,0.06825260953706523
ground_610_gt.ply,0.1400490356655196,0.06915160123956851
ground_141_gt.ply,0.14105931131185445,0.07371526768388276
ground_nofloor_12_gt.ply,0.031709045012579956,0.017084888445579417
ground_710_gt.ply,0.13967678043932688,0.06944661606101712
ground_nofloor_596_gt.ply,0.04385107344814524,0.021278483216733424
ground_68_gt.ply,0.14289764266219798,0.07123640442459674
ground_nofloor_496_gt.ply,0.06409468191559517,0.030392224697058438
ground_nofloor_621_gt.ply,0.023246097933849234,0.012601114267358297
ground_nofloor_170_gt.ply,0.07311270540900638,0.03499666001358456
ground_33_gt.ply,0.1554924015651498,0.075112944951093
ground_581_gt.ply,0.15203303379199945,0.07215904485586375
ground_nofloor_34_gt.ply,0.04531333502214835,0.022497146660137208
ground_736_gt.ply,0.14633348114678507,0.07267709560264816
ground_481_gt.ply,0.14345130071529566,0.07202032017071829
ground_636_gt.ply,0.14868943093757975,0.07032352863262449
ground_167_gt.ply,0.15700349319971602,0.0749887740072307
ground_nofloor_607_gt.ply,0.03938700664093587,0.028078122323368336
ground_nofloor_156_gt.ply,0.07418485477405189,0.03453905532628956
ground_nofloor_49_gt.ply,0.039136940709847315,0.01965751350116307
ground_728_gt.ply,0.15161948869468478,0.07188190760947588
ground_628_gt.ply,0.14642699082075478,0.07227559984428333
ground_179_gt.ply,0.14528298376416088,0.07104644535275094
ground_nofloor_135_gt.ply,0.047077178314613825,0.0238008617394318
ground_nofloor_382_gt.ply,0.0341309428298857,0.01777966515099883
ground_nofloor_282_gt.ply,0.05159988863087119,0.025344603892908296
ground_755_gt.ply,0.15409004323242417,0.07316586987592757
ground_nofloor_57_gt.ply,0.05207008951534727,0.026346441717154383
ground_655_gt.ply,0.13762699605417522,0.06795304106329225
ground_104_gt.ply,0.14837376823398318,0.0753649330252302
ground_nofloor_619_gt.ply,0.07329212867042223,0.03383415709957364
ground_nofloor_148_gt.ply,0.041772859605055536,0.021055760107547995
ground_50_gt.ply,0.15069369224800588,0.0739726421508106
ground_21_gt.ply,0.14361303641064327,0.07313189645967308
ground_nofloor_139_gt.ply,0.028313195710732465,0.015915540790447956
ground_175_gt.ply,0.1529269179751659,0.07154424752461416
ground_624_gt.ply,0.14372035854206075,0.06617664066977291
ground_493_gt.ply,0.15345678570902635,0.07609038612359412
ground_724_gt.ply,0.14459955527143772,0.07333130272288976
ground_nofloor_26_gt.ply,0.03672126752076247,0.01746126389089131
ground_593_gt.ply,0.14998363944483184,0.07233273887083763
ground_nofloor_144_gt.ply,0.024491319168752607,0.0135076498184146
ground_nofloor_615_gt.ply,0.067074915588051,0.031139232540742766
ground_108_gt.ply,0.14926471792632154,0.07097967851876233
ground_659_gt.ply,0.14899667505720257,0.07421336250568877
ground_759_gt.ply,0.1528739060301028,0.07104599728401481
ground_nofloor_38_gt.ply,0.036683813399049844,0.018868834018352352
ground_nofloor_290_gt.ply,0.06420574069574056,0.029389441349062077
ground_nofloor_390_gt.ply,0.06161995516953021,0.02968918497816352
ground_nofloor_127_gt.ply,0.0441218877707479,0.02289568498687741
ground_2_gt.ply,0.1520831026235992,0.0708740080713163
ground_116_gt.ply,0.15298261192568358,0.07404548587701403
ground_647_gt.ply,0.1554281632996412,0.07578663436065494
ground_nofloor_45_gt.ply,0.02636463667038664,0.014303555101422222
ground_747_gt.ply,0.14947471601393028,0.07096406733516919
ground_42_gt.ply,0.1396390640662219,0.06835968830756595
ground_612_gt.ply,0.14384485843519618,0.07039058466498864
ground_143_gt.ply,0.14512135623947867,0.06819634198657817
ground_nofloor_10_gt.ply,0.017686102896300564,0.009083060536099828
ground_712_gt.ply,0.1400351468481507,0.06753353240852081
ground_807_gt.ply,0.15222792138915284,0.07475739882986576
ground_17_gt.ply,0.14988049184339808,0.07212424399588274
ground_389_gt.ply,0.14780081637884798,0.07221629418820935
ground_289_gt.ply,0.15057184894466347,0.07170147100995602
ground_nofloor_594_gt.ply,0.06092908026790658,0.03019344092567223
ground_nofloor_494_gt.ply,0.06596566758739637,0.031216492529810666
ground_nofloor_623_gt.ply,0.024992154382622814,0.015103343159535553
ground_nofloor_172_gt.ply,0.07258427549077705,0.03331718628840376
ground_nofloor_111_gt.ply,0.034780356572027285,0.018066081627504067
ground_74_gt.ply,0.15096613808055748,0.07422037546881967
ground_671_gt.ply,0.1551923073815012,0.07329215938873837
ground_120_gt.ply,0.14900150558013434,0.07184439086050493
ground_397_gt.ply,0.1548691914678501,0.07440429928929733
ground_771_gt.ply,0.1571197167422217,0.07509635883846832
ground_297_gt.ply,0.14971503739894418,0.07016655571600346
ground_nofloor_73_gt.ply,0.04961654887737765,0.025431196201365497
ground_700_gt.ply,0.14848847605587723,0.07186297229619432
ground_151_gt.ply,0.15333917310793418,0.07620672068066948
ground_600_gt.ply,0.15310568438491978,0.07213532651430554
ground_nofloor_160_gt.ply,0.05642465352837511,0.026819597276044715
ground_nofloor_631_gt.ply,0.025273107209156376,0.014260661379486374
ground_nofloor_486_gt.ply,0.05339449310954228,0.026878677289869986
ground_78_gt.ply,0.15591227087000586,0.07372641105977176
ground_nofloor_586_gt.ply,0.020639734572726953,0.011650367537925296
ground_nofloor_103_gt.ply,0.03426126938014964,0.018042325437958202
ground_nofloor_498_gt.ply,0.018649373707783298,0.012338539305352513
ground_nofloor_598_gt.ply,0.05636709872275761,0.02862446594723864
ground_66_gt.ply,0.1408883485059448,0.07042530875042884
ground_285_gt.ply,0.14196221302580406,0.07005896153841987
ground_nofloor_61_gt.ply,0.042227255466813614,0.021571532141425993
ground_763_gt.ply,0.13836903604575307,0.0661897643878396
ground_385_gt.ply,0.14372649306351654,0.07285429277592498
ground_132_gt.ply,0.15333533013928202,0.07329857649544473
ground_663_gt.ply,0.15705652428526515,0.07535926578681572
ground_252_gt.ply,0.14675011110874414,0.07210745801656664
ground_503_gt.ply,0.15085191580726032,0.06869086674507249
ground_352_gt.ply,0.12747695888332924,0.06925296359764488
ground_403_gt.ply,0.1447306109117891,0.0701602677618486
ground_nofloor_2_gt.ply,0.02672989090197608,0.01535475669395551
ground_nofloor_363_gt.ply,0.05990550645500775,0.028837901604564786
ground_nofloor_432_gt.ply,0.061270400422910175,0.029252923284063446
ground_nofloor_263_gt.ply,0.06594303738348695,0.030124865298592447
ground_nofloor_532_gt.ply,0.06934358686793421,0.033019884716893155
ground_198_gt.ply,0.1499032657847967,0.07380806547718412
ground_nofloor_300_gt.ply,0.05501348153571584,0.026402122293241344
ground_nofloor_451_gt.ply,0.05933499471846428,0.02980801687874339
ground_nofloor_200_gt.ply,0.06781963402828027,0.03460041004346115
ground_nofloor_551_gt.ply,0.052225040798967885,0.025357897702428696
ground_231_gt.ply,0.15831122907204914,0.07655783289085955
ground_560_gt.ply,0.15306456497238252,0.07316091655160097
ground_331_gt.ply,0.15481925147589767,0.07356468734974003
ground_460_gt.ply,0.14772291867516005,0.07356924493699758
ground_186_gt.ply,0.14303298385456797,0.06698621439984426
ground_411_gt.ply,0.148482691656812,0.07213224296057906
ground_340_gt.ply,0.14476011204915926,0.07329588694922896
ground_511_gt.ply,0.150580212039302,0.07064158527106748
ground_240_gt.ply,0.1538542540758254,0.07277213628569204
ground_nofloor_520_gt.ply,0.035102995545753676,0.017444916665852614
ground_nofloor_271_gt.ply,0.06240087394616377,0.03015838367455729
ground_nofloor_420_gt.ply,0.05796551479717142,0.028980550654438823
ground_nofloor_371_gt.ply,0.0424878540168581,0.022443847455175837
ground_nofloor_543_gt.ply,0.01820256957536133,0.011114206006650348
ground_nofloor_212_gt.ply,0.05973949544555182,0.029312678440208597
ground_nofloor_443_gt.ply,0.03986860069002032,0.020608488226359842
ground_nofloor_312_gt.ply,0.06640443684393689,0.031006549070231943
ground_194_gt.ply,0.1397803774259349,0.06941899695287396
ground_472_gt.ply,0.13981042265628796,0.07041286548166953
ground_323_gt.ply,0.15549130439243591,0.07764924542513639
ground_572_gt.ply,0.15173062538140433,0.0704044943806175
ground_223_gt.ply,0.14633296890102962,0.06997648299028691
ground_690_gt.ply,0.14603224756288585,0.07020865610814288
ground_376_gt.ply,0.1357130718715092,0.07145257134620653
ground_427_gt.ply,0.14897715065710912,0.07406585377135413
ground_790_gt.ply,0.1410682997044648,0.06991195063485431
ground_276_gt.ply,0.15380073864077382,0.07350460372550749
ground_nofloor_92_gt.ply,0.04728939020050519,0.02393387798981564
ground_527_gt.ply,0.15654014920735415,0.07690906132909568
ground_95_gt.ply,0.1480916109860509,0.07299699544188802
ground_nofloor_247_gt.ply,0.05846852667754563,0.029406604592358367
ground_nofloor_516_gt.ply,0.017865745808743082,0.009866862207170387
ground_nofloor_347_gt.ply,0.0447003788969499,0.022343419985654162
ground_nofloor_416_gt.ply,0.06175617917616921,0.031144888302510883
ground_nofloor_224_gt.ply,0.05884193869050078,0.029407047583271367
ground_nofloor_575_gt.ply,0.0350164522804743,0.01698650538383122
ground_nofloor_324_gt.ply,0.0341125389576851,0.017833717738148208
ground_nofloor_475_gt.ply,0.05863124318022367,0.02891215711881884
ground_nofloor_193_gt.ply,0.06394290906331038,0.03330116541636409
ground_368_gt.ply,0.15137140530448737,0.07263029682943786
ground_439_gt.ply,0.14638786007372617,0.07136074804417192
ground_268_gt.ply,0.1491008322106509,0.07301120086631085
ground_539_gt.ply,0.14544446541251801,0.0716413353138893
ground_nofloor_259_gt.ply,0.05097600257381124,0.02394614152317876
ground_nofloor_508_gt.ply,0.0598682279967169,0.030245581077384197
ground_nofloor_359_gt.ply,0.03202078368527221,0.01596180894310277
ground_nofloor_408_gt.ply,0.05706397449719172,0.0280309449086099
ground_315_gt.ply,0.15858469705913686,0.07316957127794191
ground_444_gt.ply,0.15436087163327536,0.07267545453498474
ground_215_gt.ply,0.14148568007098322,0.06879437711076333
ground_544_gt.ply,0.15074400655180248,0.07731184447222494
ground_535_gt.ply,0.14686147179146095,0.0706452793363784
ground_264_gt.ply,0.14025321590263604,0.06716599287422996
ground_nofloor_80_gt.ply,0.04092125001447815,0.02059366691464894
ground_782_gt.ply,0.14983637882213863,0.07240905796845484
ground_435_gt.ply,0.1470787535070994,0.07256582084418166
ground_364_gt.ply,0.1511743304445452,0.07388429250708015
ground_682_gt.ply,0.14707013312106393,0.0701298439118101
ground_nofloor_479_gt.ply,0.03275875359024011,0.01781018685706242
ground_nofloor_328_gt.ply,0.04185223595180854,0.021930691591455408
ground_nofloor_579_gt.ply,0.05957453876144423,0.03060717799387546
ground_nofloor_228_gt.ply,0.06912431801182957,0.037726286859493946
ground_87_gt.ply,0.15302808331003895,0.07329286784540462
ground_548_gt.ply,0.14342257761861893,0.07027065429779783
ground_219_gt.ply,0.15326100013787972,0.07102059456298793
ground_448_gt.ply,0.14958062440201497,0.07431527887873793
ground_319_gt.ply,0.13995634423900805,0.06734115680296943
ground_nofloor_404_gt.ply,0.03885096799738828,0.020056218907289664
ground_nofloor_355_gt.ply,0.03284068158223663,0.01736747803939665
ground_nofloor_504_gt.ply,0.06603341491284408,0.029852060791568574
ground_nofloor_255_gt.ply,0.0687637515144618,0.03239379115769813
ground_nofloor_181_gt.ply,0.060482201765136974,0.03253122360069498
ground_nofloor_467_gt.ply,0.019161386098854268,0.011272486144881359
ground_nofloor_336_gt.ply,0.054995327583358164,0.027221926517144134
ground_99_gt.ply,0.14434160055693246,0.07187751342522505
ground_nofloor_567_gt.ply,0.055446629930070664,0.028148762898606516
ground_nofloor_236_gt.ply,0.06484041216645423,0.029744717237534517
ground_556_gt.ply,0.15363423141730792,0.07234504256331813
ground_207_gt.ply,0.142065726374409,0.06764535538304402
ground_456_gt.ply,0.1556222164307442,0.07576739068735336
ground_307_gt.ply,0.1541807270698585,0.07571199299794992
ground_nofloor_317_gt.ply,0.04215216578695653,0.021758124535076376
ground_nofloor_446_gt.ply,0.04029006416208373,0.02028834979171278
ground_nofloor_217_gt.ply,0.05502967990327724,0.02663791053112396
ground_nofloor_546_gt.ply,0.03988747495418268,0.020363618066016734
ground_226_gt.ply,0.13834899965421893,0.06750884433197198
ground_577_gt.ply,0.1459444817447365,0.06862095968539013
ground_191_gt.ply,0.15012084096495287,0.07521540611802975
ground_326_gt.ply,0.15081110004908302,0.0724068066890132
ground_477_gt.ply,0.15053162193247932,0.07623481276984169
ground_nofloor_309_gt.ply,0.051805254904923756,0.0247464772089084
ground_nofloor_458_gt.ply,0.036658312773775806,0.019278581193973954
ground_nofloor_209_gt.ply,0.06360954646193968,0.02941235132575827
ground_nofloor_558_gt.ply,0.05303348708997797,0.027004182521567284
ground_245_gt.ply,0.1460516958770138,0.07082772033168468
ground_514_gt.ply,0.1478106145464513,0.07175576137871056
ground_345_gt.ply,0.1481355560803856,0.07249931117056024
ground_414_gt.ply,0.1504144364680241,0.07409724457589233
ground_nofloor_374_gt.ply,0.029559731816987588,0.014823175208038296
ground_nofloor_425_gt.ply,0.059189349613360774,0.029996823488849057
ground_nofloor_274_gt.ply,0.047212264675522614,0.022759208459034445
ground_nofloor_525_gt.ply,0.06819890126452857,0.03287033484555804
ground_238_gt.ply,0.14285809635652952,0.07043932401640567
ground_569_gt.ply,0.15345278330124607,0.07637183454177077
ground_338_gt.ply,0.14486283017565554,0.07336588259399483
ground_469_gt.ply,0.15021625830554428,0.07218976268714014
ground_418_gt.ply,0.1378990634579646,0.06384638533603462
ground_349_gt.ply,0.1461480780673885,0.07413091345223112
ground_518_gt.ply,0.15147084353696116,0.07306271203102961
ground_249_gt.ply,0.15067618992783235,0.07186859265775654
ground_nofloor_554_gt.ply,0.06441670100070447,0.03217073488881679
ground_nofloor_205_gt.ply,0.06536865802224975,0.03320496292726078
ground_nofloor_454_gt.ply,0.06674649079396831,0.03253924287303925
ground_nofloor_305_gt.ply,0.06931855891286429,0.03254186936794566
ground_465_gt.ply,0.1408701928883388,0.07307075401957605
ground_334_gt.ply,0.15027471919277266,0.07182452189855501
ground_183_gt.ply,0.14876082998944615,0.072534575017112
ground_565_gt.ply,0.1535349542777415,0.07540687871322567
ground_234_gt.ply,0.14899192383681287,0.07300950940012521
ground_nofloor_529_gt.ply,0.06004971029019196,0.02902795632022752
ground_nofloor_278_gt.ply,0.0507862926060784,0.025017338609423716
ground_nofloor_429_gt.ply,0.06386499865511705,0.032018413835492004
ground_nofloor_378_gt.ply,0.05983812112205837,0.028613239620445024
ground_406_gt.ply,0.14387306381830656,0.073652366455857
ground_357_gt.ply,0.15806568541689336,0.07372029267228045
ground_506_gt.ply,0.14028663579499062,0.06674438867865742
ground_257_gt.ply,0.1484492500725012,0.07418839881726366
ground_nofloor_537_gt.ply,0.06385382047643318,0.030771604008399536
ground_nofloor_266_gt.ply,0.06765278068754779,0.03342053667326089
ground_nofloor_7_gt.ply,0.02513207388304898,0.01125327923627651
ground_nofloor_437_gt.ply,0.040863661463000155,0.022495119684653727
ground_nofloor_366_gt.ply,0.05887563572653929,0.029546759373344684
ground_nofloor_233_gt.ply,0.07905591791454536,0.036382665029711436
ground_nofloor_562_gt.ply,0.060082648096501996,0.029448562473667984
ground_nofloor_184_gt.ply,0.05371750978638425,0.026779832297830708
ground_nofloor_333_gt.ply,0.06304460357882388,0.031886403083024095
ground_nofloor_462_gt.ply,0.033304654602998564,0.01777152779965552
ground_699_gt.ply,0.14847301500207377,0.0679110000642063
ground_799_gt.ply,0.14691144332096115,0.07172636225055651
ground_302_gt.ply,0.14105745810327192,0.06736524786000794
ground_453_gt.ply,0.1530335299607652,0.07340616460135682
ground_202_gt.ply,0.1530567547043904,0.07251570994732998
ground_553_gt.ply,0.14915786569653267,0.07130287058668873
ground_361_gt.ply,0.1415218751727465,0.07142673241092962
ground_430_gt.ply,0.14529572689038628,0.07428781722563232
ground_687_gt.ply,0.14288348868327808,0.0709830054072199
ground_nofloor_85_gt.ply,0.05392806455890968,0.026596336505563176
ground_261_gt.ply,0.14768267461224607,0.07184908888961558
ground_530_gt.ply,0.14699436372283384,0.07175018331913996
ground_787_gt.ply,0.1495145624585883,0.07025437688427189
ground_82_gt.ply,0.149847337944932,0.07349823806136235
ground_nofloor_250_gt.ply,0.06585283226706046,0.03333040237890471
ground_nofloor_501_gt.ply,0.02404861912023854,0.012900221956130189
ground_nofloor_350_gt.ply,0.0636399581916423,0.03025127185129459
ground_nofloor_401_gt.ply,0.049451756796612144,0.02449544681023371
ground_nofloor_470_gt.ply,0.06475171688589901,0.031923259171548354
ground_nofloor_321_gt.ply,0.04597379519410845,0.023920404916197992
ground_nofloor_196_gt.ply,0.05171947938735072,0.023590083284115902
ground_nofloor_570_gt.ply,0.04932437149551763,0.022474361256345526
ground_nofloor_221_gt.ply,0.06436661161305618,0.031378725839017324
ground_nofloor_89_gt.ply,0.037172497328401145,0.01801256498741996
ground_541_gt.ply,0.15665051699889979,0.0734279924662041
ground_210_gt.ply,0.15082163619045907,0.06959091837275119
ground_441_gt.ply,0.14639475087761628,0.07298934030562833
ground_310_gt.ply,0.14112857026507147,0.06465018917132259
ground_795_gt.ply,0.15608026510144835,0.0712401825526704
ground_522_gt.ply,0.15219796257383336,0.0720162044283091
ground_nofloor_97_gt.ply,0.012877139821738697,0.007792039383660946
ground_273_gt.ply,0.1516661618575447,0.07285423384077999
ground_695_gt.ply,0.14152917880152596,0.06532103175599258
ground_422_gt.ply,0.14691316677350746,0.0753444560292344
ground_373_gt.ply,0.1495905776127439,0.07395634584057847
ground_nofloor_188_gt.ply,0.0564060104683041,0.02900210566503881
ground_90_gt.ply,0.14987094349451585,0.0725812041960224
ground_nofloor_413_gt.ply,0.05757543460601159,0.029762764028179362
ground_nofloor_342_gt.ply,0.06354024804797992,0.031225447709914388
ground_nofloor_513_gt.ply,0.06710567274861698,0.03300363784747114
ground_nofloor_242_gt.ply,0.0659281456751058,0.0296628939159752
ground_588_gt.ply,0.14719449153573483,0.07233241378249827
ground_488_gt.ply,0.15001357500651444,0.07508466904288018
ground_nofloor_395_gt.ply,0.06325593681715347,0.03182008539810924
ground_nofloor_122_gt.ply,0.05249623941864493,0.02654267317181038
ground_nofloor_295_gt.ply,0.07732228889414439,0.03597876381307269
ground_nofloor_40_gt.ply,0.0426333850512515,0.023191929791224003
ground_742_gt.ply,0.15251905740361715,0.07474194496783902
ground_7_gt.ply,0.1507597919292475,0.0752795438919391
ground_642_gt.ply,0.1469847581310474,0.07468395357332164
ground_113_gt.ply,0.1508987542399849,0.07195810028358471
ground_47_gt.ply,0.1500414415681044,0.07455738229960195
ground_24_gt.ply,0.13803710184964668,0.06536392142680107
ground_721_gt.ply,0.13821492847840483,0.0664254573631996
ground_596_gt.ply,0.14796541452646142,0.07207674321227528
ground_nofloor_23_gt.ply,0.04224348183543807,0.021786017673846674
ground_621_gt.ply,0.14850861627133966,0.07025312921815145
ground_170_gt.ply,0.15352130532043934,0.07390805390120782
ground_496_gt.ply,0.14240240113331604,0.06688729863679496
ground_nofloor_610_gt.ply,0.039832356341890224,0.01920419544223204
ground_nofloor_141_gt.ply,0.02481646392297933,0.014011340475186578
ground_59_gt.ply,0.1463222098925518,0.07336250027257046
ground_28_gt.ply,0.14088079622000016,0.06547458603406454
ground_nofloor_287_gt.ply,0.05996254924861304,0.02817891029512526
ground_nofloor_130_gt.ply,0.018823129311054256,0.01615616279405646
ground_nofloor_387_gt.ply,0.03923768254979826,0.02046318830107905
ground_101_gt.ply,0.1468433970932806,0.07395353544274322
ground_650_gt.ply,0.14910003289434176,0.0745824086958123
ground_750_gt.ply,0.14852793020122276,0.07042260893694635
ground_nofloor_52_gt.ply,0.04823280421669706,0.023894433878341056
ground_55_gt.ply,0.1548670357978267,0.07476274994483989
ground_nofloor_299_gt.ply,0.06078942477929309,0.029597859193034672
ground_36_gt.ply,0.15317386020852802,0.07254743822571738
ground_nofloor_399_gt.ply,0.062426004113090405,0.029343130937733775
ground_484_gt.ply,0.14562378875538615,0.07398475435723204
ground_162_gt.ply,0.1387357297649544,0.06874363285749102
ground_633_gt.ply,0.15147776707691607,0.074655862349322
ground_nofloor_31_gt.ply,0.03165532755846197,0.016612307304554493
ground_584_gt.ply,0.1499308165489788,0.0699492807104519
ground_733_gt.ply,0.15076941644650516,0.07194960060926253
ground_nofloor_153_gt.ply,0.059137742749762114,0.02900090111958093
ground_nofloor_602_gt.ply,0.0349674696443932,0.016629070826082306
ground_nofloor_106_gt.ply,0.030752787629193243,0.015235043512993452
ground_nofloor_19_gt.ply,0.049585499924192554,0.02485013218155708
ground_63_gt.ply,0.1439035098895089,0.07314264872023656
ground_380_gt.ply,0.14238829962310776,0.0667491442815677
ground_666_gt.ply,0.15170241465499484,0.07203956610812179
ground_137_gt.ply,0.15910632646782324,0.07320910327198256
ground_nofloor_64_gt.ply,0.04229271486023009,0.023269981457212447
ground_280_gt.ply,0.15963932423799587,0.07266586008687223
ground_766_gt.ply,0.14613192461383212,0.06982654831199184
ground_605_gt.ply,0.1496676732405064,0.0738322016545515
ground_154_gt.ply,0.15922217542385664,0.07659500956236033
ground_705_gt.ply,0.1486545791551503,0.07355430524541165
ground_nofloor_118_gt.ply,0.042463331352609254,0.020100575414489393
ground_678_gt.ply,0.1376719034808629,0.06735390461046495
ground_129_gt.ply,0.15372777593134446,0.07531267166226593
ground_778_gt.ply,0.149258709928915,0.07296597441955158
ground_nofloor_583_gt.ply,0.05722772574466767,0.028931157185763744
ground_nofloor_165_gt.ply,0.0659192518377169,0.03304746662175735
ground_nofloor_483_gt.ply,0.06569991785983534,0.031358582891191755
ground_nofloor_114_gt.ply,0.01504644378623458,0.008288904805648901
ground_709_gt.ply,0.14627542864423826,0.07317045802496758
ground_158_gt.ply,0.15534049925162596,0.07589161391283242
ground_609_gt.ply,0.15680060793909656,0.07441592816112891
ground_nofloor_169_gt.ply,0.046927617780361836,0.023295221939436964
ground_71_gt.ply,0.15105590175231393,0.0753225077295688
ground_774_gt.ply,0.15630540607397314,0.07332521560528885
ground_nofloor_76_gt.ply,0.03484861640086156,0.018295508790067257
ground_292_gt.ply,0.15521389480136077,0.07541595264969791
ground_125_gt.ply,0.15635756465492953,0.07592843043867496
ground_674_gt.ply,0.15216031023029444,0.06970228035914469
ground_392_gt.ply,0.1406395149328057,0.06900930067279404
ground_nofloor_15_gt.ply,0.04103624848827489,0.020851636968690898
ground_717_gt.ply,0.1492844437437777,0.07163090083240538
ground_146_gt.ply,0.14899717786887223,0.07336150978341871
ground_617_gt.ply,0.1513513472190701,0.07338082780206592
ground_802_gt.ply,0.14330318700414826,0.06768447628089248
ground_12_gt.ply,0.14956361454062406,0.07588903908003941
ground_nofloor_68_gt.ply,0.03928340729503801,0.02013383617773921
ground_nofloor_491_gt.ply,0.04549840212877681,0.023440977199752265
ground_nofloor_177_gt.ply,0.05777530112549916,0.028776659419349863
ground_nofloor_626_gt.ply,0.06293837066915077,0.03132470735381422
ground_nofloor_591_gt.ply,0.05473008681645121,0.027262745213553853
ground_486_gt.ply,0.15304100347714955,0.07249974398641122
ground_160_gt.ply,0.15691568747716117,0.07512433999369257
ground_631_gt.ply,0.15224926158148339,0.07536068209261365
ground_nofloor_33_gt.ply,0.04302732696869287,0.022282181358120285
ground_586_gt.ply,0.15271960708752666,0.07092089330226406
ground_731_gt.ply,0.15310442775424865,0.07173950271604591
ground_34_gt.ply,0.15096999140025444,0.07351840778860563
ground_9_gt.ply,0.14376989343424235,0.06692266178307697
ground_49_gt.ply,0.1478146910436685,0.072124036887589
ground_nofloor_151_gt.ply,0.0628436552406933,0.02904733536271112
ground_nofloor_600_gt.ply,0.06679104305992348,0.03299269877494919
ground_nofloor_285_gt.ply,0.06748830975623467,0.032541395123140415
ground_nofloor_132_gt.ply,0.04016270075634382,0.02107893130502715
ground_nofloor_385_gt.ply,0.058726191793169846,0.02906998025614398
ground_498_gt.ply,0.14854101420408927,0.07254987685338951
ground_598_gt.ply,0.15436010283648924,0.07367098107107982
ground_57_gt.ply,0.1466864833141502,0.07033994309165117
ground_103_gt.ply,0.14867056012687047,0.0714166112091599
ground_652_gt.ply,0.14979733763745612,0.07418636308544226
ground_752_gt.ply,0.1465731118778441,0.07053117378255314
ground_nofloor_50_gt.ply,0.03557479849228787,0.018135309659549806
ground_723_gt.ply,0.15340949386321087,0.07185351461938869
ground_594_gt.ply,0.15018744775246423,0.07020300778976647
ground_nofloor_21_gt.ply,0.022388397173062593,0.01861135733280425
ground_623_gt.ply,0.13881175061102285,0.06861413501234828
ground_172_gt.ply,0.14904582336360062,0.07156908515782309
ground_494_gt.ply,0.1613856098222538,0.07358967647794767
ground_nofloor_389_gt.ply,0.03123504985057107,0.016807941945064287
ground_26_gt.ply,0.1531689057683484,0.07506402644322331
ground_nofloor_289_gt.ply,0.05933280872099099,0.02843045971042925
ground_nofloor_612_gt.ply,0.027178575946325723,0.015562780876544323
ground_nofloor_143_gt.ply,0.014888774259858588,0.008230307202275773
ground_nofloor_397_gt.ply,0.040536758989602545,0.021496404992977017
ground_nofloor_120_gt.ply,0.04017722868676176,0.020911103582084572
ground_nofloor_297_gt.ply,0.05195711947824025,0.024862364783054914
ground_38_gt.ply,0.15951675386479036,0.0748374569670843
ground_45_gt.ply,0.13406179332229862,0.06768497693141293
ground_nofloor_42_gt.ply,0.03907967813192264,0.019362441365774648
ground_740_gt.ply,0.15479526374207028,0.07242310266751836
ground_5_gt.ply,0.15452948003311978,0.07539840156558825
ground_640_gt.ply,0.14846210305154273,0.07076523993212698
ground_111_gt.ply,0.14855883908548662,0.07302618416933762
ground_nofloor_108_gt.ply,0.042546589231840896,0.021759253535498915
ground_800_gt.ply,0.144560478510948,0.06893788277484988
ground_10_gt.ply,0.14090383184729482,0.06862328574397367
ground_nofloor_17_gt.ply,0.03979093201494992,0.021711904779195275
ground_715_gt.ply,0.14894095524973835,0.07291646732246734
ground_144_gt.ply,0.14959395849784052,0.07298053881773015
ground_615_gt.ply,0.15694080724753917,0.07656013419906575
ground_nofloor_493_gt.ply,0.06516237796553012,0.0325572016639543
ground_nofloor_175_gt.ply,0.08235856052072828,0.03717876310008737
ground_nofloor_624_gt.ply,0.058936709680706884,0.029860162925395516
ground_nofloor_593_gt.ply,0.06464885049942767,0.03123835105935088
ground_768_gt.ply,0.14601006387401358,0.0730065264855999
ground_139_gt.ply,0.14078799751258875,0.07000754438207046
ground_668_gt.ply,0.14357525515466696,0.07057745529466894
ground_nofloor_116_gt.ply,0.041507941594573335,0.02034559989718087
ground_776_gt.ply,0.14044626709719416,0.0674128887224422
ground_290_gt.ply,0.15170930798949567,0.0730982819990878
ground_nofloor_74_gt.ply,0.03908908759331573,0.019893422804738572
ground_127_gt.ply,0.150409260682126,0.07170260061042855
ground_676_gt.ply,0.15213723756100647,0.06930736407395671
ground_390_gt.ply,0.151039114341468,0.07453541261843985
ground_73_gt.ply,0.15578404654949163,0.07233006633879643
ground_607_gt.ply,0.14538445278456658,0.07066526800129215
ground_156_gt.ply,0.15410496836252846,0.07617299056786389
ground_707_gt.ply,0.15089608717667408,0.06973116763622375
ground_nofloor_581_gt.ply,0.06764798884997747,0.03273339769769293
ground_nofloor_167_gt.ply,0.06918087127640053,0.03158522011457359
ground_nofloor_481_gt.ply,0.05133096322472313,0.025043136843721676
ground_nofloor_78_gt.ply,0.047049987704499294,0.02993051224149896
ground_619_gt.ply,0.15236530079804222,0.0768995587022453
ground_148_gt.ply,0.13625944694751405,0.06604699041811202
ground_719_gt.ply,0.14760308087355747,0.07028044283343514
ground_nofloor_104_gt.ply,0.044882890258705926,0.021669617533235448
ground_382_gt.ply,0.14798134904241966,0.07323062658902883
ground_664_gt.ply,0.14293578742252427,0.07119029859783287
ground_135_gt.ply,0.15092914075216438,0.07319602920413809
ground_282_gt.ply,0.14531648141358056,0.07252293179316743
ground_nofloor_66_gt.ply,0.036919989699647576,0.01880685004611605
ground_764_gt.ply,0.15644793246796496,0.0752507317976353
ground_61_gt.ply,0.14337596459109037,0.07117271530377206
ground_nofloor_628_gt.ply,0.04635346186649873,0.022553676944398877
ground_nofloor_179_gt.ply,0.06958218378823748,0.03252535558894196
ground_404_gt.ply,0.15462482929359583,0.07376561605206106
ground_355_gt.ply,0.16055457289303868,0.0761523583342236
ground_504_gt.ply,0.14750466791734967,0.07262997475318425
ground_255_gt.ply,0.1591498853615682,0.07433442133050003
ground_nofloor_548_gt.ply,0.05281169529958768,0.027340765954112133
ground_nofloor_219_gt.ply,0.054876222491539395,0.026832420166722028
ground_nofloor_448_gt.ply,0.06056553338973744,0.028891508026450814
ground_nofloor_319_gt.ply,0.03327221673605191,0.017492920605500825
ground_479_gt.ply,0.1472798226874717,0.07313079338445005
ground_328_gt.ply,0.1430759017898646,0.07307760566192585
ground_579_gt.ply,0.14368991885753585,0.07149394374881793
ground_228_gt.ply,0.14525289441227088,0.06960501847555439
ground_nofloor_535_gt.ply,0.047229217624809264,0.02304600105293235
ground_nofloor_264_gt.ply,0.06709760374563402,0.03227834148063133
ground_nofloor_5_gt.ply,0.0406889830094718,0.02130647694399157
ground_nofloor_435_gt.ply,0.02467572160146973,0.014155104236701016
ground_nofloor_364_gt.ply,0.06043552442286364,0.027867146302769
ground_nofloor_556_gt.ply,0.0441893036497678,0.020930774526290517
ground_nofloor_207_gt.ply,0.052377806024873845,0.023662676261883196
ground_nofloor_456_gt.ply,0.031751585384103664,0.01757803914313289
ground_nofloor_307_gt.ply,0.052334708721429694,0.023592425548707184
ground_467_gt.ply,0.1470560695148972,0.0733871392168782
ground_336_gt.ply,0.14966494448394105,0.07409989765987958
ground_181_gt.ply,0.1480360088713467,0.07101375265004675
ground_567_gt.ply,0.14491754614661387,0.07231044284032587
ground_236_gt.ply,0.1558254722548111,0.07329871008217351
ground_247_gt.ply,0.14905936902022845,0.07217404582283907
ground_516_gt.ply,0.14639024819663693,0.07170398444492068
ground_347_gt.ply,0.14591349261848494,0.07178382113536899
ground_416_gt.ply,0.15843710047002474,0.0767066329621639
ground_nofloor_376_gt.ply,0.07229312517771491,0.032398939089703094
ground_nofloor_427_gt.ply,0.06343785497923041,0.030538640324993045
ground_nofloor_276_gt.ply,0.05521348994221183,0.025655045673808288
ground_nofloor_527_gt.ply,0.05825112005832049,0.029216095077462832
ground_nofloor_315_gt.ply,0.058430519414307394,0.029162897177590318
ground_nofloor_444_gt.ply,0.05685158396205246,0.026408618993874658
ground_nofloor_215_gt.ply,0.04948041934041099,0.02447870765991124
ground_nofloor_544_gt.ply,0.046868218068048216,0.024253363756226925
ground_259_gt.ply,0.1345126858632627,0.07103976684884267
ground_508_gt.ply,0.15592471091625196,0.07297229992698667
ground_359_gt.ply,0.1502179798554401,0.0714031792917653
ground_408_gt.ply,0.14266048425459849,0.06939734355055678
ground_nofloor_9_gt.ply,0.04588651875318222,0.023493351579222846
ground_nofloor_368_gt.ply,0.031716240749774444,0.01555797193481516
ground_nofloor_439_gt.ply,0.05313677504911945,0.026917098694977104
ground_nofloor_268_gt.ply,0.08166378589070238,0.03825238392908718
ground_nofloor_539_gt.ply,0.06821088579242665,0.0316913903726645
ground_224_gt.ply,0.1545607738932675,0.07303579550804101
ground_575_gt.ply,0.15481381562456903,0.06993762789113935
ground_193_gt.ply,0.1564605642615947,0.07643573821584049
ground_324_gt.ply,0.14265165919787626,0.07024528802050385
ground_475_gt.ply,0.15450870859128815,0.07607290042774126
ground_92_gt.ply,0.15550941972769683,0.07342544331389496
ground_797_gt.ply,0.15561700611187956,0.07358910295938116
ground_520_gt.ply,0.14536122922800035,0.0695981810205947
ground_271_gt.ply,0.1356255820941125,0.06561771233867215
ground_nofloor_95_gt.ply,0.021095060552744,0.011746197856525227
ground_697_gt.ply,0.1515390409238984,0.07205756067783853
ground_420_gt.ply,0.14561873064578046,0.07439964280801604
ground_371_gt.ply,0.14714071151413954,0.07354240026838804
ground_nofloor_411_gt.ply,0.060538003263671814,0.02936069564120036
ground_nofloor_340_gt.ply,0.06538117416901715,0.034942580745195434
ground_nofloor_511_gt.ply,0.06920750970529341,0.03331142877584496
ground_nofloor_240_gt.ply,0.07373475238743354,0.03509548270743983
ground_789_gt.ply,0.15030010040982358,0.06832585133708768
ground_689_gt.ply,0.15262232505083942,0.07147400936544467
ground_nofloor_472_gt.ply,0.031195974482279308,0.01632001909889626
ground_nofloor_323_gt.ply,0.06021131169698564,0.029453456487893284
ground_nofloor_194_gt.ply,0.05466801554543206,0.02587602235831716
ground_nofloor_572_gt.ply,0.055545432468728055,0.0276937721253357
ground_nofloor_223_gt.ply,0.054038673054757444,0.026811158884410928
ground_543_gt.ply,0.1405402244982577,0.06693116215873601
ground_212_gt.ply,0.14645299782328497,0.07616136127609394
ground_443_gt.ply,0.15260012831695113,0.07532116993466792
ground_312_gt.ply,0.14418534084662493,0.07291592012017864
ground_80_gt.ply,0.15799012776627935,0.07435246758571397
ground_nofloor_198_gt.ply,0.05386555829363586,0.025704504048087565
ground_363_gt.ply,0.1477489037692967,0.07052506340667401
ground_432_gt.ply,0.1478807431165784,0.07488711222542199
ground_685_gt.ply,0.1490381880695599,0.07189663816471317
ground_263_gt.ply,0.1547122476440132,0.07171185907889194
ground_nofloor_87_gt.ply,0.0440392040980799,0.02212994782991846
ground_532_gt.ply,0.1429149246755691,0.06944167238870733
ground_785_gt.ply,0.1452521241302168,0.07188747473666557
ground_nofloor_252_gt.ply,0.06166532933337105,0.03134551643976306
ground_nofloor_503_gt.ply,0.03521195034914457,0.01776868046953149
ground_nofloor_352_gt.ply,0.05139907271782973,0.026679838208161867
ground_nofloor_403_gt.ply,0.04938782089448199,0.024539177860000667
ground_nofloor_99_gt.ply,0.03102463423001693,0.017027373838474334
ground_nofloor_231_gt.ply,0.0752779260537404,0.036739714729303576
ground_nofloor_560_gt.ply,0.054024435446054536,0.027418770013264815
ground_nofloor_186_gt.ply,0.07893009009181723,0.0360316443523466
ground_nofloor_331_gt.ply,0.04549517273928797,0.022819517090514028
ground_nofloor_460_gt.ply,0.0480197752326544,0.025203672474736528
ground_300_gt.ply,0.13555974413330335,0.06262508627157233
ground_451_gt.ply,0.1477217809791837,0.07247266465745025
ground_200_gt.ply,0.15504510149591638,0.07507865563843567
ground_551_gt.ply,0.13493236404537468,0.0692495722498223
ground_nofloor_585_gt.ply,0.06733407626592931,0.031450864939062184
ground_nofloor_163_gt.ply,0.07251517303431187,0.03313906280473146
ground_nofloor_632_gt.ply,0.04006445994353261,0.0201372855329203
ground_nofloor_485_gt.ply,0.06457545161484587,0.03002419376449996
ground_398_gt.ply,0.14933833676082972,0.0734003004760087
ground_298_gt.ply,0.15341430817511914,0.07393978962024259
ground_152_gt.ply,0.15313810174756204,0.07586594818486998
ground_603_gt.ply,0.1546013599286314,0.07496917075838756
ground_703_gt.ply,0.1446516979020329,0.06901052680765044
ground_386_gt.ply,0.1428658638987752,0.0713663535553968
ground_131_gt.ply,0.1484388852937008,0.07486827326074089
ground_660_gt.ply,0.1504140556608487,0.07207640014672985
ground_nofloor_62_gt.ply,0.039237167611591184,0.01988988129818755
ground_286_gt.ply,0.15626132655732558,0.07458202952732344
ground_760_gt.ply,0.14467080129849086,0.07014089182305785
ground_65_gt.ply,0.1492304149796556,0.0730586436384076
ground_808_gt.ply,0.14249575305642875,0.06734776971694163
ground_18_gt.ply,0.1483816106609496,0.07531099747480921
ground_nofloor_100_gt.ply,0.0342813782116034,0.018517684077643592
ground_nofloor_497_gt.ply,0.05561024883694152,0.027664528695410126
ground_nofloor_620_gt.ply,0.05472342743862689,0.02748912993708038
ground_nofloor_171_gt.ply,0.05053697262937137,0.02436192930282373
ground_nofloor_597_gt.ply,0.04073196391938787,0.021453743048418367
ground_69_gt.ply,0.15904405403770533,0.07393590421401723
ground_804_gt.ply,0.15260561504370096,0.0750563096277926
ground_14_gt.ply,0.14430251408007727,0.07338613320591689
ground_nofloor_13_gt.ply,0.018748212236821722,0.02441041315937529
ground_711_gt.ply,0.13602720220425085,0.06705627812761936
ground_611_gt.ply,0.1491160950041823,0.06921074188667017
ground_140_gt.ply,0.14042686711899177,0.06524899907621787
ground_772_gt.ply,0.14353826248507892,0.07149153067992459
ground_nofloor_70_gt.ply,0.02859533042045047,0.014283567895282677
ground_294_gt.ply,0.15709768320869086,0.07369777147048591
ground_672_gt.ply,0.15791474450996895,0.07199565552487232
ground_123_gt.ply,0.15199163327758064,0.07346716956881294
ground_394_gt.ply,0.15281638038584427,0.0724562634005051
ground_nofloor_489_gt.ply,0.0578536867519327,0.02770356199501898
ground_77_gt.ply,0.13584859814000363,0.06415347221906809
ground_nofloor_589_gt.ply,0.07196922679118739,0.033587203284865974
ground_nofloor_112_gt.ply,0.03926485005571906,0.019816044500868504
ground_nofloor_58_gt.ply,0.0,0.004339137080289496
ground_nofloor_147_gt.ply,0.020837559424103955,0.009263648697727531
ground_nofloor_616_gt.ply,0.031944385569633214,0.017028463152517034
ground_727_gt.ply,0.1498768785942282,0.06914460005297772
ground_nofloor_25_gt.ply,0.028148228728809725,0.017306312654922565
ground_590_gt.ply,0.1557877525683013,0.07152134738284835
ground_176_gt.ply,0.14778896903110425,0.07169178418353991
ground_627_gt.ply,0.15620334594521035,0.07345949426357797
ground_490_gt.ply,0.13308795796158202,0.06731974026692467
ground_22_gt.ply,0.1566581806841456,0.07360221532000374
ground_nofloor_159_gt.ply,0.07199418941976929,0.033607971316022375
ground_nofloor_608_gt.ply,0.06624128776640485,0.03078658028385607
ground_41_gt.ply,0.15026768229465093,0.07430934507820236
ground_nofloor_46_gt.ply,0.03948525826659995,0.01951714245606421
ground_744_gt.ply,0.14569453361657184,0.06978586383055324
ground_1_gt.ply,0.1556770695022536,0.07450151275448451
ground_115_gt.ply,0.14238113616011436,0.0693659790053151
ground_644_gt.ply,0.15326510318189238,0.0725538391476252
ground_nofloor_393_gt.ply,0.0651026596112303,0.030856299954202904
ground_nofloor_124_gt.ply,0.030706671219711885,0.014633418017281432
ground_nofloor_293_gt.ply,0.06189397043124658,0.031247541404081196
ground_739_gt.ply,0.14726343201412673,0.06930023984540773
ground_168_gt.ply,0.15097421175333622,0.07376327230897436
ground_639_gt.ply,0.14734792193480242,0.06925385394941132
ground_648_gt.ply,0.14445995621929691,0.07127372744678537
ground_119_gt.ply,0.15757354127218454,0.07553769740074574
ground_748_gt.ply,0.1557607571004614,0.07310114640066709
ground_nofloor_604_gt.ply,0.061727947789801944,0.029904347811720244
ground_nofloor_155_gt.ply,0.05376646666735583,0.026212193403794944
ground_482_gt.ply,0.1492211047097492,0.07357676961960545
ground_635_gt.ply,0.14317873129893627,0.06642411353710442
ground_164_gt.ply,0.14696933434037415,0.0721731327576496
ground_582_gt.ply,0.15121522260966722,0.07053187334178897
ground_nofloor_37_gt.ply,0.03219035047925406,0.01811348061185559
ground_735_gt.ply,0.1465859319667381,0.07356964230730975
ground_30_gt.ply,0.14684035852472213,0.07297390977151669
ground_nofloor_128_gt.ply,0.04193751839753265,0.020102925725799865
ground_53_gt.ply,0.14320373578009904,0.0711356014695602
ground_656_gt.ply,0.13728923681847854,0.0685699321851181
ground_107_gt.ply,0.1469350153040922,0.07338078939374715
ground_756_gt.ply,0.15524631754988563,0.07480960351625388
ground_nofloor_54_gt.ply,0.03638705524463837,0.018738343704714937
ground_nofloor_281_gt.ply,0.04931516394684454,0.024630132839312514
ground_nofloor_136_gt.ply,0.041224586417573955,0.020772058355856833
ground_nofloor_381_gt.ply,0.06147004634647907,0.03010769575058228
ground_nofloor_29_gt.ply,0.04678122260668561,0.023663793669793348
ground_nofloor_507_gt.ply,0.04498581291847707,0.023016778001038588
ground_nofloor_256_gt.ply,0.07168179018975686,0.03174551503763301
ground_nofloor_407_gt.ply,0.055915090433104504,0.02672086025458891
ground_nofloor_356_gt.ply,0.01786795513133341,0.01009425501104622
ground_84_gt.ply,0.1454800962121562,0.06782899563795355
ground_436_gt.ply,0.14359763715636756,0.07080277479916881
ground_367_gt.ply,0.1494342306226356,0.07633210923212669
ground_681_gt.ply,0.15155724938721657,0.07085261068555242
ground_536_gt.ply,0.14356876753910236,0.0697700847447166
ground_nofloor_83_gt.ply,0.026028170063034463,0.014473297127573895
ground_267_gt.ply,0.1529376106069481,0.07508580339109341
ground_781_gt.ply,0.1566325656878415,0.07394531197975435
ground_455_gt.ply,0.15605676575579783,0.07442745483547494
ground_304_gt.ply,0.14986933159719854,0.06971075095598064
ground_555_gt.ply,0.14429635815955572,0.06921939691991214
ground_204_gt.ply,0.13388180398224467,0.06845620621493831
ground_nofloor_519_gt.ply,0.040355727238833856,0.01966978219164907
ground_nofloor_248_gt.ply,0.058712667479382696,0.028931461266754832
ground_nofloor_419_gt.ply,0.057518843713107774,0.03092336885613265
ground_nofloor_348_gt.ply,0.06162476168564217,0.03168634785085764
ground_428_gt.ply,0.1514708151120529,0.07644044835923075
ground_379_gt.ply,0.1527630214413005,0.07598810508973813
ground_528_gt.ply,0.1478147074068944,0.06977841232139378
ground_279_gt.ply,0.14483810580473272,0.07031152226867016
ground_nofloor_564_gt.ply,0.046831322187563765,0.021827579598117552
ground_nofloor_235_gt.ply,0.06632693677183246,0.031646384925284335
ground_nofloor_182_gt.ply,0.05245715216302228,0.027783278829161095
ground_nofloor_464_gt.ply,0.06033377729697062,0.02982427816530956
ground_nofloor_335_gt.ply,0.045601066212174586,0.022653270966411204
ground_nofloor_344_gt.ply,0.06001058898103185,0.027688118866746443
ground_nofloor_415_gt.ply,0.02364740397095948,0.012038698350093838
ground_nofloor_244_gt.ply,0.06199559182556148,0.03996699739249067
ground_nofloor_515_gt.ply,0.041004850733644904,0.020920206763842583
ground_208_gt.ply,0.14401784470561727,0.0719455730282696
ground_559_gt.ply,0.1480736782044102,0.07289838199132506
ground_308_gt.ply,0.1535553437098704,0.07347711444366142
ground_459_gt.ply,0.14976358622106614,0.07174231289340494
ground_nofloor_339_gt.ply,0.05459193725114017,0.028463360271559227
ground_nofloor_468_gt.ply,0.042714660828082354,0.02231391510036298
ground_96_gt.ply,0.15003193224673333,0.0707892103726458
ground_nofloor_239_gt.ply,0.08322230698884421,0.037498309874404695
ground_nofloor_568_gt.ply,0.05441984271046767,0.02835218973437681
ground_793_gt.ply,0.14927812301641288,0.06981044263513396
ground_nofloor_91_gt.ply,0.0,0.004336564708519669
ground_275_gt.ply,0.15441728524199966,0.07110711106537354
ground_524_gt.ply,0.14544692304046325,0.06791144115297588
ground_693_gt.ply,0.1545647756809068,0.0728995369076503
ground_375_gt.ply,0.14488686670963358,0.07357670650539358
ground_424_gt.ply,0.14545614448941874,0.07515581793933873
ground_216_gt.ply,0.1497414880020848,0.07389501958758132
ground_547_gt.ply,0.1537191241706241,0.07451670810111173
ground_316_gt.ply,0.1587473589621031,0.0761249897645065
ground_447_gt.ply,0.15508501091432364,0.075963224070888
ground_nofloor_327_gt.ply,0.05653993543007813,0.029321859105476054
ground_nofloor_476_gt.ply,0.02675280879137772,0.01484476529477518
ground_nofloor_190_gt.ply,0.045842701165418276,0.022058145351959508
ground_nofloor_227_gt.ply,0.065785974848515,0.03167896831612382
ground_nofloor_576_gt.ply,0.06783170373984984,0.03353667267680201
ground_88_gt.ply,0.15217265972907768,0.07085117371399452
ground_189_gt.ply,0.14564752017644628,0.06984852769831808
ground_nofloor_423_gt.ply,0.05295300869685171,0.026824952355234508
ground_nofloor_372_gt.ply,0.06338236112612716,0.03222526014929995
ground_nofloor_523_gt.ply,0.057273442869362166,0.02952004412543504
ground_nofloor_272_gt.ply,0.0584894889690799,0.02956282572729058
ground_512_gt.ply,0.15438685062212715,0.07197439638604913
ground_243_gt.ply,0.15286529582149105,0.07587613873552172
ground_412_gt.ply,0.14938635059087782,0.07424021540458692
ground_343_gt.ply,0.1443454809437047,0.07215906216210313
ground_571_gt.ply,0.1418264601856613,0.07082172471544622
ground_220_gt.ply,0.15624308331254233,0.07305769320690633
ground_197_gt.ply,0.1489553285396068,0.07084051081903968
ground_471_gt.ply,0.14942748053806687,0.07279489405961949
ground_320_gt.ply,0.15144823003773328,0.07714740005878191
ground_nofloor_440_gt.ply,0.06450650173352375,0.029574399104818613
ground_nofloor_311_gt.ply,0.06095212778916059,0.03007859449471559
ground_nofloor_540_gt.ply,0.06189117162796258,0.030309257487476975
ground_nofloor_211_gt.ply,0.07407957023826878,0.032176435431101554
ground_nofloor_260_gt.ply,0.07509317028271925,0.03642503949631237
ground_nofloor_531_gt.ply,0.04888048358393747,0.024790630331113755
ground_nofloor_1_gt.ply,0.04848457132931619,0.02401113987802107
ground_nofloor_360_gt.ply,0.023213696593737135,0.012476197220251742
ground_nofloor_431_gt.ply,0.05460091603549757,0.026825553206705453
ground_351_gt.ply,0.14696613018853377,0.07356133416725835
ground_400_gt.ply,0.14922627111099573,0.07378567943012679
ground_251_gt.ply,0.14012007906908078,0.07224768464471781
ground_500_gt.ply,0.15167349343639513,0.07426089901735108
ground_332_gt.ply,0.14776804917563885,0.07309850943133381
ground_463_gt.ply,0.14548566800295593,0.0713580130982412
ground_185_gt.ply,0.14122320513225733,0.07069129397669774
ground_232_gt.ply,0.1505181691937783,0.07361172961465753
ground_563_gt.ply,0.1449948271954637,0.06889550323103438
ground_nofloor_203_gt.ply,0.046918136268124785,0.02211678329237525
ground_nofloor_552_gt.ply,0.07101208361782707,0.033093199257085676
ground_nofloor_303_gt.ply,0.04750002448918447,0.023325944953402244
ground_nofloor_452_gt.ply,0.02693782031229711,0.01613959899888571
ground_nofloor_358_gt.ply,0.05959147266962102,0.02813525240204779
ground_nofloor_409_gt.ply,0.02373843758539836,0.012487545560590101
ground_nofloor_258_gt.ply,0.056730832464699184,0.0277886217695524
ground_nofloor_509_gt.ply,0.0,0.012882326633666927
ground_214_gt.ply,0.15162754240050297,0.07169426969682641
ground_545_gt.ply,0.1585478913535703,0.07353736396092989
ground_314_gt.ply,0.15207728354493885,0.07516324398152324
ground_445_gt.ply,0.1543107919947163,0.07681410291965299
ground_nofloor_325_gt.ply,0.05756188647664714,0.027191260082073135
ground_nofloor_474_gt.ply,0.04463202619455084,0.0234969654551436
ground_nofloor_192_gt.ply,0.07380956912080237,0.03441067141262335
ground_nofloor_225_gt.ply,0.07823322066704866,0.03663423121431604
ground_nofloor_574_gt.ply,0.04248582090092701,0.021842282350249462
ground_269_gt.ply,0.15398755573778436,0.07509166080037333
ground_538_gt.ply,0.14426849801372352,0.06920360399104983
ground_369_gt.ply,0.1381730336341468,0.07116020725409314
ground_438_gt.ply,0.15135365785335808,0.07165158018582672
ground_nofloor_346_gt.ply,0.04050499607100312,0.02110251361261432
ground_nofloor_417_gt.ply,0.06227730749072688,0.030300863979461967
ground_nofloor_246_gt.ply,0.054323670981948693,0.025181508708157923
ground_nofloor_517_gt.ply,0.049345784290071776,0.024500786284083458
ground_791_gt.ply,0.15626667991258986,0.07031151484067408
ground_277_gt.ply,0.14423793636370313,0.06847521761777417
ground_nofloor_93_gt.ply,0.04020049415828723,0.01965637792578946
ground_526_gt.ply,0.15229746021348528,0.07461060230828387
ground_691_gt.ply,0.15214659968389377,0.07265467271885147
ground_377_gt.ply,0.14714671915000138,0.07164510015124373
ground_426_gt.ply,0.14742556252145445,0.07177254683373566
ground_94_gt.ply,0.14695416052489518,0.06888521691093041
ground_457_gt.ply,0.1479376383299989,0.07269570381060012
ground_306_gt.ply,0.14970114475118884,0.07314756355113337
ground_557_gt.ply,0.1485603913125712,0.07109975946003838
ground_206_gt.ply,0.1464068316225135,0.07523267546866652
ground_98_gt.ply,0.14803608462469067,0.07218015835778778
ground_nofloor_566_gt.ply,0.06293544174833632,0.030583474175350574
ground_nofloor_237_gt.ply,0.052365466558607576,0.025198059565420865
ground_nofloor_180_gt.ply,0.04925937101826566,0.024648881083720917
ground_nofloor_466_gt.ply,0.06039144414101574,0.02836410853468553
ground_nofloor_337_gt.ply,0.05494115245392173,0.027495648573219452
ground_449_gt.ply,0.1570047357729982,0.07476693379184601
ground_318_gt.ply,0.15497013862335818,0.07559276917202927
ground_549_gt.ply,0.15248651972901206,0.07232649703837264
ground_218_gt.ply,0.14613982512149284,0.06860616369756144
ground_nofloor_505_gt.ply,0.045333876715686464,0.02268099448692362
ground_nofloor_254_gt.ply,0.055204783515567936,0.024756165212325234
ground_nofloor_405_gt.ply,0.06309984681226494,0.030392821934788747
ground_nofloor_354_gt.ply,0.0532718949492683,0.02677541893063598
ground_434_gt.ply,0.13425176821024304,0.06639039999673357
ground_365_gt.ply,0.14995315694517058,0.0747370336889028
ground_683_gt.ply,0.15039456994367573,0.07308790118897948
ground_534_gt.ply,0.15936515150529268,0.07453828661172301
ground_265_gt.ply,0.1536285690525101,0.07378121275699459
ground_nofloor_81_gt.ply,0.02153989610189856,0.007466060852888895
ground_783_gt.ply,0.13934864442042524,0.06808651889950584
ground_nofloor_578_gt.ply,0.04579622842749809,0.024038147188419356
ground_nofloor_229_gt.ply,0.05325436719473123,0.025891008981207983
ground_86_gt.ply,0.1364951609415516,0.06633635479039639
ground_nofloor_478_gt.ply,0.06414199828663056,0.029179263635502294
ground_nofloor_329_gt.ply,0.04995181191626299,0.025194708730595722
ground_330_gt.ply,0.15202233905210039,0.07121409046047145
ground_461_gt.ply,0.14939169502306993,0.07500678159068697
ground_187_gt.ply,0.1456033463322492,0.07063249040363288
ground_230_gt.ply,0.14040497327958187,0.06971840444410002
ground_561_gt.ply,0.15818793754516836,0.07491086380087517
ground_nofloor_201_gt.ply,0.06403684676319872,0.030716161675019366
ground_nofloor_550_gt.ply,0.06583269289122959,0.031429719883416474
ground_nofloor_301_gt.ply,0.05782197844620239,0.028114551735607406
ground_nofloor_450_gt.ply,0.039780963958353247,0.019626800170184595
ground_nofloor_262_gt.ply,0.06702019311253861,0.0301140419598801
ground_nofloor_533_gt.ply,0.054151838106604955,0.026521168976559033
ground_nofloor_3_gt.ply,0.03775360773990355,0.022167773891725355
ground_nofloor_362_gt.ply,0.03323968049407924,0.017549720526139696
ground_nofloor_433_gt.ply,0.06531150385347492,0.031377347635150016
ground_199_gt.ply,0.145645707486919,0.07013868211022853
ground_353_gt.ply,0.15370942206739516,0.07543005191089337
ground_402_gt.ply,0.15321754014280287,0.07340262004410268
ground_253_gt.ply,0.1467258756236681,0.07185730851284852
ground_502_gt.ply,0.15346529154431499,0.07263801165661575
ground_573_gt.ply,0.15227010724950119,0.07367669684894775
ground_222_gt.ply,0.1558074685515478,0.07384656760959037
ground_195_gt.ply,0.15552646947859455,0.07478469127412393
ground_473_gt.ply,0.1445321406527617,0.06955541268440951
ground_322_gt.ply,0.15240674467346232,0.07521274077128919
ground_nofloor_442_gt.ply,0.02168177309045661,0.012013644090711696
ground_nofloor_313_gt.ply,0.05391975273934416,0.02820291650485882
ground_nofloor_542_gt.ply,0.03379112185185576,0.01747054497520194
ground_nofloor_213_gt.ply,0.05134150537950779,0.02407176009465077
ground_nofloor_421_gt.ply,0.06697781848595111,0.031091347549515043
ground_nofloor_370_gt.ply,0.06242830913345547,0.030132168743292248
ground_nofloor_521_gt.ply,0.06567324165492128,0.03176342691881759
ground_nofloor_270_gt.ply,0.06108762335588004,0.02883094018216935
ground_510_gt.ply,0.15630282661255274,0.07542767091578431
ground_241_gt.ply,0.1460511238294134,0.06762630779858675
ground_410_gt.ply,0.14578557249333793,0.07119267018114972
ground_341_gt.ply,0.14323576204732508,0.07274991691465435
ground_75_gt.ply,0.15333710331883793,0.07451688201943997
ground_770_gt.ply,0.145111211833021,0.07262858031124939
ground_296_gt.ply,0.14205737845396013,0.07173643521540958
ground_nofloor_72_gt.ply,0.03889941433920115,0.018607809073396077
ground_670_gt.ply,0.1436770818547305,0.06972750205675415
ground_121_gt.ply,0.15539547205611015,0.07523606801861517
ground_396_gt.ply,0.1470222509886598,0.07326604584229396
ground_nofloor_110_gt.ply,0.015361541898547914,0.008883403534978908
ground_288_gt.ply,0.14497332458064988,0.06844904359324938
ground_388_gt.ply,0.14312226686603585,0.06618190673379984
ground_nofloor_495_gt.ply,0.045788944147873836,0.023310825221560756
ground_nofloor_622_gt.ply,0.04038641734250106,0.020939303128152065
ground_nofloor_173_gt.ply,0.06889399217972102,0.033786302319546116
ground_nofloor_595_gt.ply,0.03506356796125799,0.0184855775194369
ground_nofloor_11_gt.ply,0.04970588240796593,0.02499005466277176
ground_713_gt.ply,0.14639070794859593,0.0679917742757634
ground_613_gt.ply,0.1485319345659574,0.07406876945144858
ground_142_gt.ply,0.1507660592756931,0.07048073161059543
ground_806_gt.ply,0.14744620011524764,0.06706440049421623
ground_16_gt.ply,0.14507843022569195,0.07088797326105686
ground_nofloor_599_gt.ply,0.05427836717980457,0.02615757306836533
ground_67_gt.ply,0.14216748906856436,0.06988722368207273
ground_nofloor_499_gt.ply,0.05305814016849629,0.026491994710664393
ground_384_gt.ply,0.14714581395524076,0.07461803830875552
ground_133_gt.ply,0.15607027463660295,0.07263778264391946
ground_662_gt.ply,0.15316916708732192,0.07166380522192115
ground_284_gt.ply,0.14525101341942176,0.07196742171857559
ground_nofloor_60_gt.ply,0.043214915274008156,0.020716109424205216
ground_762_gt.ply,0.1397597029768761,0.0678575801710555
ground_nofloor_102_gt.ply,0.04859319255150866,0.025591847408975764
ground_79_gt.ply,0.13849671349641124,0.07233546584938202
ground_nofloor_587_gt.ply,0.0696561837004081,0.03091250369541652
ground_nofloor_161_gt.ply,0.06361296306802197,0.03196550972504846
ground_nofloor_630_gt.ply,0.06907056645489132,0.03246370581030134
ground_nofloor_487_gt.ply,0.05530288152005062,0.02790821267738385
ground_150_gt.ply,0.14587118501133706,0.07369518995173219
ground_601_gt.ply,0.14936253275549582,0.0727278251954344
ground_701_gt.ply,0.1485673605276206,0.07407936873107122
ground_654_gt.ply,0.14285366983987058,0.0685311294480087
ground_105_gt.ply,0.15605059557354728,0.07483952337905514
ground_754_gt.ply,0.15193540451001353,0.07381984185819569
ground_nofloor_56_gt.ply,0.03544840799166668,0.01917821987643308
ground_51_gt.ply,0.1474488149902202,0.0724262186250625
ground_nofloor_618_gt.ply,0.043084276951878275,0.021044148980476185
ground_nofloor_149_gt.ply,0.019144417551118457,0.009250295582062808
ground_629_gt.ply,0.1519966968021062,0.07210791629851243
ground_178_gt.ply,0.14120035635492761,0.07095654036494603
ground_729_gt.ply,0.14795388904235662,0.07040902885654991
ground_nofloor_283_gt.ply,0.07007604655949906,0.033194796879775494
ground_nofloor_134_gt.ply,0.05024420037837707,0.02541104750040432
ground_nofloor_383_gt.ply,0.018176734467108647,0.010930879307909636
ground_nofloor_606_gt.ply,0.04580894227139142,0.021959837219367204
ground_nofloor_157_gt.ply,0.07214288169068878,0.03417165800276188
ground_nofloor_48_gt.ply,0.041037291034175236,0.019899281175669147
ground_32_gt.ply,0.14141997297050027,0.0704046295029715
ground_480_gt.ply,0.14738662901056504,0.0726133497998766
ground_637_gt.ply,0.13721546122306905,0.06822759121306493
ground_166_gt.ply,0.1412329830872625,0.07146707320308343
ground_580_gt.ply,0.13792472817786633,0.06900625539458086
ground_nofloor_35_gt.ply,0.05341816168640826,0.026153339869337478
ground_737_gt.ply,0.1452521462385838,0.07195239195962762
ground_nofloor_44_gt.ply,0.0,0.007515245376878423
ground_746_gt.ply,0.1526477147823493,0.07328162993268145
ground_3_gt.ply,0.15750620954737665,0.07542073469061969
ground_117_gt.ply,0.14860401398050407,0.07162381860488778
ground_646_gt.ply,0.15504081362929215,0.07551537981022383
ground_43_gt.ply,0.15186650512855407,0.07765642564841509
ground_nofloor_39_gt.ply,0.016840234252431585,0.008853824910333829
ground_nofloor_391_gt.ply,0.04528436550538371,0.023815158354031023
ground_nofloor_126_gt.ply,0.032653013495492204,0.018477127701104525
ground_nofloor_291_gt.ply,0.07017670763940904,0.03334618328235986
ground_nofloor_145_gt.ply,0.05305157768348501,0.027177960718723183
ground_nofloor_614_gt.ply,0.06824367229914442,0.03267258420845484
ground_758_gt.ply,0.15575786813689418,0.07503865411860847
ground_109_gt.ply,0.14219781470306933,0.06646184506603867
ground_658_gt.ply,0.14303040316124588,0.07463653966550028
ground_nofloor_138_gt.ply,0.023325200368795984,0.011456281209006616
ground_20_gt.ply,0.15019113082496008,0.0727976692048868
ground_725_gt.ply,0.14882990565307103,0.07289014499095796
ground_nofloor_27_gt.ply,0.014905589857419027,0.008494599904765952
ground_592_gt.ply,0.15907630581248958,0.07542279048114428
ground_174_gt.ply,0.15867467578920114,0.07480358864724762
ground_625_gt.ply,0.14017534175099475,0.06735300683965124
ground_492_gt.ply,0.149987179177271,0.07124056228987428
median_distance_metric,0.105333842417006,0.05133072997054895
