base_name,Hausdorff_Distance
ground_779_gt.ply,0.4311906046680708
ground_679_gt.ply,0.5174095630339388
ground_128_gt.ply,0.1600328261017712
ground_1417_gt.ply,0.12255219668630657
ground_1346_gt.ply,0.1264246942904273
ground_1246_gt.ply,0.517739122397412
ground_704_gt.ply,0.2704213305711902
ground_604_gt.ply,0.15109406991487295
ground_155_gt.ply,0.23003594546851708
ground_911_gt.ply,0.5416923127900911
ground_811_gt.ply,0.5329009072501412
ground_972_gt.ply,0.6510092273126582
ground_1409_gt.ply,0.27122717263562357
ground_1358_gt.ply,0.12245847568038001
ground_872_gt.ply,0.6508084626796956
ground_1258_gt.ply,0.8077377261094841
ground_62_gt.ply,0.12210568251512256
ground_281_gt.ply,0.33961189866570324
ground_767_gt.ply,0.43420215117087346
ground_381_gt.ply,0.23911833505917865
ground_667_gt.ply,0.4015196417112947
ground_136_gt.ply,0.14753214822946414
ground_1192_gt.ply,0.49358779691541427
ground_1325_gt.ply,0.20847391125021209
ground_1092_gt.ply,0.527506997006398
ground_1225_gt.ply,0.4418959016781372
ground_1254_gt.ply,0.7506629288237704
ground_1354_gt.ply,0.13240748673965497
ground_1405_gt.ply,0.1456466475733684
ground_147_gt.ply,0.12238033180134907
ground_616_gt.ply,0.15351417556290126
ground_716_gt.ply,0.6133011546203861
ground_1229_gt.ply,0.6336464367945663
ground_803_gt.ply,0.5983735943912384
ground_13_gt.ply,0.22340985816862807
ground_1329_gt.ply,0.16716127508433007
ground_903_gt.ply,0.3088266201461501
ground_860_gt.ply,0.5199287543284068
ground_70_gt.ply,0.18538670796598564
ground_960_gt.ply,0.5297869276036926
ground_124_gt.ply,0.21785291817325284
ground_675_gt.ply,0.583165859702824
ground_393_gt.ply,0.12026137801260983
ground_775_gt.ply,0.32846947102118906
ground_293_gt.ply,0.3475933126870985
ground_1237_gt.ply,0.5435669829792955
ground_1080_gt.ply,0.6442789539544186
ground_1337_gt.ply,0.1440985077548078
ground_1180_gt.ply,0.41282025207044043
ground_159_gt.ply,0.1810467493495216
ground_608_gt.ply,0.11506914419548775
ground_708_gt.ply,0.5596838671766866
ground_58_gt.ply,0.1493759990750067
ground_848_gt.ply,0.7063012775092321
ground_1262_gt.ply,0.39117346933005837
ground_1433_gt.ply,0.13730607520875338
ground_948_gt.ply,0.6261652639884613
ground_1362_gt.ply,0.11870761609233746
ground_25_gt.ply,0.14043216305684408
ground_835_gt.ply,0.7001157044341068
ground_935_gt.ply,0.6404204284388069
ground_620_gt.ply,0.11908034199599532
ground_171_gt.ply,0.20580204285548911
ground_497_gt.ply,0.15291179352691006
ground_720_gt.ply,0.3572735929733534
ground_597_gt.ply,0.12747332818887677
ground_6_gt.ply,0.1529534292680061
ground_643_gt.ply,0.12247533758037883
ground_112_gt.ply,0.2396054607322414
ground_743_gt.ply,0.6073114184873085
ground_46_gt.ply,0.14395430008055235
ground_856_gt.ply,0.33909907222384494
ground_956_gt.ply,0.43671156260167265
ground_489_gt.ply,0.1099890317614521
ground_589_gt.ply,0.17167174148118733
ground_1201_gt.ply,0.5014152474724878
ground_1301_gt.ply,0.13931216717542952
ground_1370_gt.ply,0.1516191617912084
ground_1421_gt.ply,0.19719811395293096
ground_1270_gt.ply,0.5585167713233092
ground_927_gt.ply,0.5019741184755419
ground_37_gt.ply,0.15527238256567888
ground_827_gt.ply,0.5176360543923815
ground_585_gt.ply,0.1968360877991027
ground_732_gt.ply,0.43951236269574256
ground_485_gt.ply,0.17856786945430736
ground_163_gt.ply,0.21321857188547227
ground_632_gt.ply,0.24061715880111095
ground_751_gt.ply,0.5605224462491767
ground_100_gt.ply,0.17210773399632667
ground_651_gt.ply,0.41745832740792144
ground_944_gt.ply,0.5965495491281791
ground_54_gt.ply,0.19182877974249046
ground_844_gt.ply,0.6208453820366517
ground_1313_gt.ply,0.12820961970118946
ground_939_gt.ply,0.38444031296504244
ground_1442_gt.ply,0.1889575281966359
ground_29_gt.ply,0.1124729059606505
ground_1213_gt.ply,0.2835475717948904
ground_839_gt.ply,0.6572776809037101
ground_1173_gt.ply,0.7207048998081561
ground_1073_gt.ply,0.6306305175879946
ground_260_gt.ply,0.18070913730727625
ground_531_gt.ply,0.12832866601369894
ground_786_gt.ply,0.3714785870318968
ground_360_gt.ply,0.19681683970060704
ground_431_gt.ply,0.13635391003924216
ground_686_gt.ply,0.4311721568847763
ground_993_gt.ply,0.33350157342548337
ground_893_gt.ply,0.3562884452075094
ground_83_gt.ply,0.12169865860128967
ground_203_gt.ply,0.13445537215581865
ground_552_gt.ply,0.13737219346692456
ground_303_gt.ply,0.15274229044199578
ground_452_gt.ply,0.20285255287470605
ground_1110_gt.ply,0.6392605516799552
ground_1010_gt.ply,0.7971908219517941
ground_798_gt.ply,0.6369842710310286
ground_698_gt.ply,0.4387044673095206
ground_1061_gt.ply,0.7033178104741772
ground_1161_gt.ply,0.5565964122359724
ground_694_gt.ply,0.5645815304011521
ground_423_gt.ply,0.09786552086353772
ground_372_gt.ply,0.20301283789174482
ground_794_gt.ply,0.7528753114227998
ground_523_gt.ply,0.256781468638706
ground_272_gt.ply,0.1347886178245264
ground_881_gt.ply,0.5148817661574857
ground_91_gt.ply,0.18095098105889498
ground_981_gt.ply,0.38501186358702555
ground_440_gt.ply,0.18423724497590574
ground_311_gt.ply,0.14617318292138495
ground_540_gt.ply,0.1307682699285003
ground_211_gt.ply,0.14497348509758565
ground_1002_gt.ply,0.742649107196399
ground_1102_gt.ply,0.5436314424210162
ground_1057_gt.ply,0.45618946138935706
ground_1157_gt.ply,0.7960681116239108
ground_339_gt.ply,0.08898479359971397
ground_468_gt.ply,0.11293078145818929
ground_239_gt.ply,0.12420196851741014
ground_568_gt.ply,0.1655354562072808
ground_344_gt.ply,0.4873419102803623
ground_415_gt.ply,0.21549721208943742
ground_244_gt.ply,0.11998318308442267
ground_515_gt.ply,0.10356922062658086
ground_190_gt.ply,0.17922646729098957
ground_327_gt.ply,0.09710993882520746
ground_476_gt.ply,0.18463843306170197
ground_227_gt.ply,0.2011327130112059
ground_576_gt.ply,0.12310774047628514
ground_1049_gt.ply,0.5569991224617153
ground_1149_gt.ply,0.6657158383722093
ground_1283_gt.ply,0.7268765138486706
ground_1034_gt.ply,0.6446150056473957
ground_1383_gt.ply,0.10899237566137983
ground_1134_gt.ply,0.4972419879871899
ground_1145_gt.ply,0.8115557860515457
ground_1045_gt.ply,0.7287373398303839
ground_1138_gt.ply,0.6453697269624197
ground_1038_gt.ply,0.6000537110980168
ground_507_gt.ply,0.12004135682375429
ground_256_gt.ply,0.1445918325688325
ground_407_gt.ply,0.13578233683063495
ground_356_gt.ply,0.2254932803684253
ground_564_gt.ply,0.1465448040130802
ground_235_gt.ply,0.16796129358454792
ground_464_gt.ply,0.14762355587908269
ground_335_gt.ply,0.12677501785771855
ground_182_gt.ply,0.14101563435097628
ground_519_gt.ply,0.11517515829412121
ground_248_gt.ply,0.3038707255320448
ground_419_gt.ply,0.2039434003259021
ground_348_gt.ply,0.17881327499586977
ground_1126_gt.ply,0.3750292705155684
ground_1391_gt.ply,0.12402153024634217
ground_1026_gt.ply,0.5675388390246708
ground_1291_gt.ply,0.18572337546310919
ground_442_gt.ply,0.12423681106949777
ground_313_gt.ply,0.13471564926637328
ground_542_gt.ply,0.09930214872172909
ground_213_gt.ply,0.24217115573372835
ground_688_gt.ply,0.6425790160310717
ground_788_gt.ply,0.7676156280488233
ground_1000_gt.ply,0.27117972514930083
ground_1100_gt.ply,0.5635437479875921
ground_1063_gt.ply,0.4040916283595431
ground_1163_gt.ply,0.6137115875433006
ground_883_gt.ply,0.4474513514669438
ground_93_gt.ply,0.11303044610535899
ground_983_gt.ply,0.7637045802672425
ground_696_gt.ply,0.748094742524089
ground_421_gt.ply,0.11428561869021997
ground_370_gt.ply,0.18834043634579625
ground_796_gt.ply,0.8730288085115157
ground_521_gt.ply,0.16992429806235526
ground_270_gt.ply,0.17483461164340391
ground_201_gt.ply,0.1739664373134579
ground_550_gt.ply,0.11607537059348429
ground_301_gt.ply,0.10677464290359485
ground_450_gt.ply,0.1181128336323191
ground_1112_gt.ply,0.9072177768541652
ground_1012_gt.ply,0.460528097386241
ground_1171_gt.ply,0.5597968355453032
ground_1071_gt.ply,0.518123851152707
ground_991_gt.ply,0.3837061230693336
ground_891_gt.ply,0.5697484401699768
ground_81_gt.ply,0.09515048697239135
ground_262_gt.ply,0.12565594017121945
ground_533_gt.ply,0.13141835805310614
ground_784_gt.ply,0.46718950433142303
ground_362_gt.ply,0.13081938055358877
ground_433_gt.ply,0.16105687062126775
ground_684_gt.ply,0.6079071518275186
ground_1159_gt.ply,0.3371360501529364
ground_1059_gt.ply,0.8966139584690124
ground_566_gt.ply,0.27109378358017366
ground_237_gt.ply,0.3531902388018955
ground_466_gt.ply,0.15393411318743486
ground_337_gt.ply,0.15312634072039255
ground_180_gt.ply,0.14337690058368785
ground_1124_gt.ply,0.35819955646397805
ground_1393_gt.ply,0.11389688540048871
ground_1024_gt.ply,0.46576609175138173
ground_1293_gt.ply,0.18568528484387045
ground_578_gt.ply,0.15922977594713097
ground_229_gt.ply,0.12817481635823352
ground_478_gt.ply,0.1595552456734067
ground_329_gt.ply,0.1720390600356217
ground_1147_gt.ply,0.5868796248316072
ground_1047_gt.ply,0.6602883449557516
ground_505_gt.ply,0.11996854095324082
ground_254_gt.ply,0.1526491509746107
ground_405_gt.ply,0.10401967235113843
ground_354_gt.ply,0.2021268719014378
ground_192_gt.ply,0.16705742927750625
ground_325_gt.ply,0.18908559519389817
ground_474_gt.ply,0.3794692749180238
ground_225_gt.ply,0.14067008363167066
ground_574_gt.ply,0.14601732287401004
ground_1281_gt.ply,0.7218398177913524
ground_1036_gt.ply,0.6102427659213017
ground_1381_gt.ply,0.14778319628764228
ground_1136_gt.ply,0.8435070625430191
ground_358_gt.ply,0.11760846933750914
ground_409_gt.ply,0.20167597665149745
ground_258_gt.ply,0.2265547750182431
ground_509_gt.ply,0.11282189770352855
ground_1055_gt.ply,0.5187144817365938
ground_1155_gt.ply,0.3882088488702998
ground_346_gt.ply,0.16676861464372972
ground_417_gt.ply,0.13618485667209826
ground_246_gt.ply,0.163635000498494
ground_517_gt.ply,0.17391319866599012
ground_1028_gt.ply,0.465901536182577
ground_1128_gt.ply,0.4902226346199396
ground_126_gt.ply,0.12122392906433146
ground_677_gt.ply,0.25450288590886117
ground_391_gt.ply,0.14252068932226092
ground_777_gt.ply,0.725110221816231
ground_291_gt.ply,0.3960350616058118
ground_1248_gt.ply,0.6595808086062609
ground_862_gt.ply,0.7300019134534563
ground_72_gt.ply,0.24149754787322428
ground_1348_gt.ply,0.1317287781129306
ground_1419_gt.ply,0.18046340230531507
ground_962_gt.ply,0.42689469470985963
ground_1235_gt.ply,0.4508983830920159
ground_1082_gt.ply,0.6721235633133587
ground_1335_gt.ply,0.1195146773483249
ground_1182_gt.ply,0.6150931579476138
ground_1256_gt.ply,0.4912227544999248
ground_1356_gt.ply,0.12355854390454704
ground_1407_gt.ply,0.11074378757764185
ground_138_gt.ply,0.17632752711648558
ground_669_gt.ply,0.6271604127359798
ground_769_gt.ply,0.25983551692596213
ground_801_gt.ply,0.8925584191111795
ground_11_gt.ply,0.16628672172998016
ground_901_gt.ply,0.37248572146126374
ground_145_gt.ply,0.1250055756433115
ground_614_gt.ply,0.16523956652091001
ground_714_gt.ply,0.37211812354178414
ground_283_gt.ply,0.13304205064091873
ground_765_gt.ply,0.7445521543746226
ground_383_gt.ply,0.10717162168394302
ground_665_gt.ply,0.5931501390553539
ground_134_gt.ply,0.150829570563667
ground_970_gt.ply,0.4589931261317293
ground_870_gt.ply,0.7532397048302933
ground_60_gt.ply,0.1530396675840276
ground_718_gt.ply,0.8368267474658039
ground_618_gt.ply,0.26881616537279546
ground_149_gt.ply,0.16593588421696182
ground_1190_gt.ply,0.5758524541068321
ground_1327_gt.ply,0.13238117766671542
ground_1090_gt.ply,0.5745950309995683
ground_1227_gt.ply,0.42429851188365875
ground_1415_gt.ply,0.18766937003621115
ground_1344_gt.ply,0.1789454583450456
ground_1244_gt.ply,0.4350152319374447
ground_913_gt.ply,0.33147945130131173
ground_1339_gt.ply,0.16986696766601952
ground_813_gt.ply,0.5377429633431026
ground_1239_gt.ply,0.4516994165479606
ground_706_gt.ply,0.5073066507198177
ground_606_gt.ply,0.11489192560295551
ground_157_gt.ply,0.12111650880653167
ground_946_gt.ply,0.5138485545866449
ground_56_gt.ply,0.17910294584308842
ground_846_gt.ply,0.7959735286974126
ground_753_gt.ply,0.32283625801594623
ground_102_gt.ply,0.20286322171258145
ground_653_gt.ply,0.4202202721852583
ground_1311_gt.ply,0.10282862240076145
ground_1440_gt.ply,0.12225672428709423
ground_1211_gt.ply,0.3281898897674474
ground_599_gt.ply,0.18522652574595636
ground_499_gt.ply,0.16745437274346198
ground_8_gt.ply,0.2523095235055762
ground_1372_gt.ply,0.2009499235243051
ground_958_gt.ply,0.7084663417275089
ground_1423_gt.ply,0.14532837607898527
ground_48_gt.ply,0.25083429154023984
ground_1272_gt.ply,0.9006031508133318
ground_858_gt.ply,0.5926639617981448
ground_587_gt.ply,0.14499515335197133
ground_730_gt.ply,0.3487994864704632
ground_487_gt.ply,0.16773303319966898
ground_161_gt.ply,0.10332017454536879
ground_630_gt.ply,0.14378372588105157
ground_925_gt.ply,0.42964463796905955
ground_35_gt.ply,0.17802782578948254
ground_825_gt.ply,0.7530786471083725
ground_44_gt.ply,0.12580796060524133
ground_854_gt.ply,0.5830404110472944
ground_954_gt.ply,0.5528894754640471
ground_4_gt.ply,0.2087855678030737
ground_641_gt.ply,0.1175223453720759
ground_110_gt.ply,0.13318451584116564
ground_741_gt.ply,0.3292789856026481
ground_39_gt.ply,0.14342923226350401
ground_829_gt.ply,0.7811994894014046
ground_1203_gt.ply,0.6417612776618326
ground_929_gt.ply,0.8361518259199398
ground_1303_gt.ply,0.16054750556882247
ground_1260_gt.ply,0.5176436363747088
ground_1431_gt.ply,0.14202330550199171
ground_1360_gt.ply,0.1118077530443401
ground_622_gt.ply,0.1783462016798276
ground_173_gt.ply,0.13605645605731145
ground_495_gt.ply,0.20385469786950344
ground_722_gt.ply,0.26386839253328415
ground_595_gt.ply,0.1835269719365988
ground_27_gt.ply,0.17536704060292646
ground_837_gt.ply,0.5244032244629583
ground_937_gt.ply,0.6948005561141675
ground_1285_gt.ply,0.14491969707738173
ground_1032_gt.ply,0.727649008851138
ground_1385_gt.ply,0.12271549892299423
ground_1132_gt.ply,0.4698655364904919
ground_196_gt.ply,0.11543105361643219
ground_470_gt.ply,0.19619980057524702
ground_321_gt.ply,0.1830614190279172
ground_570_gt.ply,0.20286056292080618
ground_221_gt.ply,0.30780930069507934
ground_413_gt.ply,0.21591451700039957
ground_342_gt.ply,0.4075619005171356
ground_513_gt.ply,0.1595710569927246
ground_242_gt.ply,0.16890656326966774
ground_188_gt.ply,0.1305953889652488
ground_1051_gt.ply,0.4937914157435887
ground_1151_gt.ply,0.534294688612599
ground_1120_gt.ply,0.4869725105206882
ground_1397_gt.ply,0.1739647560569257
ground_1020_gt.ply,0.4660487427308366
ground_1297_gt.ply,0.17880820000119188
ground_233_gt.ply,0.12186197232699479
ground_562_gt.ply,0.13479156473024048
ground_333_gt.ply,0.15414702831477486
ground_462_gt.ply,0.09979082953145083
ground_184_gt.ply,0.1784765612507291
ground_250_gt.ply,0.12485033888773563
ground_501_gt.ply,0.13684743620715142
ground_350_gt.ply,0.1562290503287428
ground_401_gt.ply,0.11535746114955758
ground_1389_gt.ply,0.15420327151642063
ground_1289_gt.ply,0.13460257782881802
ground_1143_gt.ply,0.8273324444219655
ground_1043_gt.ply,0.6168110427480651
ground_529_gt.ply,0.2055945843583171
ground_278_gt.ply,0.17964848315511625
ground_429_gt.ply,0.09111380497707396
ground_378_gt.ply,0.0990987911606954
ground_1116_gt.ply,0.7924770666658358
ground_1016_gt.ply,0.33218052000445936
ground_554_gt.ply,0.1428880557732372
ground_205_gt.ply,0.25833480235177536
ground_454_gt.ply,0.12862508592056843
ground_305_gt.ply,0.18007296479546228
ground_1108_gt.ply,0.5892950816584696
ground_995_gt.ply,0.45266684168195176
ground_1008_gt.ply,0.4217563912146838
ground_895_gt.ply,0.37913051326047803
ground_85_gt.ply,0.18463720110992715
ground_537_gt.ply,0.1347013947198314
ground_266_gt.ply,0.3503406726386901
ground_780_gt.ply,0.39160350891176665
ground_437_gt.ply,0.13420751031531586
ground_366_gt.ply,0.18844269581261458
ground_680_gt.ply,0.3007837005610168
ground_1175_gt.ply,0.47648469478414907
ground_1075_gt.ply,0.7126340432686132
ground_1004_gt.ply,0.6799821301449789
ground_899_gt.ply,0.5845749547102644
ground_89_gt.ply,0.17772620443752732
ground_1104_gt.ply,0.6619333173039905
ground_999_gt.ply,0.5734704020354828
ground_317_gt.ply,0.20055251592942
ground_446_gt.ply,0.19547401555252228
ground_217_gt.ply,0.12876779917426168
ground_546_gt.ply,0.11977510918903068
ground_1079_gt.ply,0.4543243605929303
ground_1179_gt.ply,0.629685609274413
ground_887_gt.ply,0.7039017386883498
ground_97_gt.ply,0.14579249318974133
ground_987_gt.ply,0.5888859828753842
ground_692_gt.ply,0.8354944326869403
ground_374_gt.ply,0.4516341043930403
ground_425_gt.ply,0.1834215726213083
ground_792_gt.ply,0.4322257041096118
ground_274_gt.ply,0.19369838954319857
ground_525_gt.ply,0.1325651612461521
ground_1067_gt.ply,0.5072204463193398
ground_1167_gt.ply,0.6993914305324712
ground_309_gt.ply,0.12092228705935051
ground_458_gt.ply,0.21660358593154683
ground_209_gt.ply,0.33691705336298877
ground_558_gt.ply,0.14448719962918033
ground_1207_gt.ply,0.6474252048608985
ground_1307_gt.ply,0.17689864782863104
ground_169_gt.ply,0.10641076975835326
ground_638_gt.ply,0.1647353750116103
ground_738_gt.ply,0.24919820216618693
ground_40_gt.ply,0.13704503476626237
ground_850_gt.ply,0.7106317730874966
ground_950_gt.ply,0.3833644236572733
ground_0_gt.ply,0.1880517613177799
ground_114_gt.ply,0.12300535044363838
ground_645_gt.ply,0.20408342451408512
ground_745_gt.ply,0.3306665867904251
ground_177_gt.ply,0.15902117893784146
ground_626_gt.ply,0.15940301305424404
ground_491_gt.ply,0.18197884423839378
ground_726_gt.ply,0.3394077832132866
ground_591_gt.ply,0.12009842753458176
ground_23_gt.ply,0.1486684578262952
ground_1219_gt.ply,0.9154911542337302
ground_833_gt.ply,0.5938578193455456
ground_1319_gt.ply,0.13423444106397112
ground_933_gt.ply,0.7705210320309499
ground_1264_gt.ply,0.4050158249705412
ground_1364_gt.ply,0.19343137334545454
ground_1435_gt.ply,0.1571231989539532
ground_1444_gt.ply,0.12693048840082913
ground_1315_gt.ply,0.15611380816402268
ground_1215_gt.ply,0.43953068439250287
ground_1439_gt.ply,0.15341243693821213
ground_942_gt.ply,0.6012359609467974
ground_1368_gt.ply,0.1174638875322286
ground_52_gt.ply,0.10750994562590838
ground_842_gt.ply,0.6775609103589993
ground_1268_gt.ply,0.727398092396538
ground_757_gt.ply,0.7789408392340864
ground_657_gt.ply,0.3558377279662163
ground_106_gt.ply,0.12031457130807059
ground_583_gt.ply,0.1428909161150051
ground_734_gt.ply,0.8538164926007108
ground_483_gt.ply,0.1952962928614602
ground_634_gt.ply,0.12595437665740072
ground_165_gt.ply,0.11159925535556656
ground_921_gt.ply,0.3484998693632364
ground_31_gt.ply,0.11725921390776552
ground_821_gt.ply,0.658738766416542
ground_749_gt.ply,0.41649724037754454
ground_649_gt.ply,0.30249736258136967
ground_118_gt.ply,0.12067466728911111
ground_1427_gt.ply,0.1998529751888552
ground_1376_gt.ply,0.10588384110409213
ground_1276_gt.ply,0.8290552049540083
ground_1194_gt.ply,0.635646704728626
ground_1323_gt.ply,0.12953001688243576
ground_909_gt.ply,0.4946806500481191
ground_1094_gt.ply,0.5552149072990549
ground_1223_gt.ply,0.4050866468044375
ground_809_gt.ply,0.6870109417193898
ground_19_gt.ply,0.1878035715738007
ground_287_gt.ply,0.15130636268604675
ground_761_gt.ply,0.8981349195055355
ground_387_gt.ply,0.16893736288855413
ground_130_gt.ply,0.10849850937352862
ground_661_gt.ply,0.6158871169768162
ground_974_gt.ply,0.4148406255949281
ground_874_gt.ply,0.5978154833903694
ground_64_gt.ply,0.14470778530733575
ground_917_gt.ply,0.5090393550877584
ground_817_gt.ply,0.5264873346703872
ground_702_gt.ply,0.5925737699830935
ground_153_gt.ply,0.15111537679674736
ground_602_gt.ply,0.21060031807202917
ground_1340_gt.ply,0.10595989955193832
ground_1411_gt.ply,0.12291804950288217
ground_1240_gt.ply,0.6602517327760817
ground_299_gt.ply,0.14331084416486048
ground_399_gt.ply,0.11926822269324988
ground_1231_gt.ply,0.3851663552609697
ground_1086_gt.ply,0.3408829159092945
ground_1331_gt.ply,0.12286909691814632
ground_1186_gt.ply,0.7004084040804095
ground_673_gt.ply,0.8122195547664808
ground_122_gt.ply,0.15027521439594274
ground_395_gt.ply,0.1391886424747271
ground_773_gt.ply,0.5665662765129741
ground_295_gt.ply,0.24047106564974655
ground_866_gt.ply,0.712441522582853
ground_76_gt.ply,0.1587991966816449
ground_966_gt.ply,0.416196094417843
ground_1098_gt.ply,0.6294196046807473
ground_805_gt.ply,0.38727205804087683
ground_15_gt.ply,0.22057429847115423
ground_1198_gt.ply,0.5144735946999235
ground_905_gt.ply,0.7316612401357803
ground_610_gt.ply,0.1342968727419746
ground_141_gt.ply,0.11401282220551366
ground_710_gt.ply,0.3033612178969674
ground_878_gt.ply,0.3341112828265409
ground_1252_gt.ply,0.5450411378413098
ground_68_gt.ply,0.09368865915212676
ground_978_gt.ply,0.6220386336810318
ground_1403_gt.ply,0.13942489400600772
ground_1352_gt.ply,0.16436544331966424
ground_923_gt.ply,0.4011111810040466
ground_1309_gt.ply,0.12232060824284573
ground_33_gt.ply,0.16246195637377525
ground_823_gt.ply,0.6878635378306477
ground_1209_gt.ply,0.4050640873977589
ground_581_gt.ply,0.12326222404855455
ground_736_gt.ply,0.3569690664028777
ground_481_gt.ply,0.1873020713551186
ground_636_gt.ply,0.1195214368351954
ground_167_gt.ply,0.32637687471714766
ground_1425_gt.ply,0.1295276718190265
ground_1374_gt.ply,0.1389329283245457
ground_1274_gt.ply,0.4379560620236078
ground_728_gt.ply,0.3403423119412576
ground_628_gt.ply,0.1848230377529303
ground_179_gt.ply,0.11463095024992634
ground_1317_gt.ply,0.17321030197742032
ground_1217_gt.ply,0.5279628178852656
ground_755_gt.ply,0.38645258407262706
ground_655_gt.ply,0.3535541663855487
ground_104_gt.ply,0.13259688580613938
ground_940_gt.ply,0.6189444433833071
ground_50_gt.ply,0.1393318738340536
ground_840_gt.ply,0.4724734091498961
ground_21_gt.ply,0.13929388637995618
ground_831_gt.ply,0.5953025498699115
ground_931_gt.ply,0.8574309250422093
ground_175_gt.ply,0.13252578644154026
ground_624_gt.ply,0.1641106593725201
ground_493_gt.ply,0.14431706632428223
ground_724_gt.ply,0.4415588665280527
ground_593_gt.ply,0.1549691675185743
ground_1266_gt.ply,0.42769963788790116
ground_1366_gt.ply,0.19591563005256155
ground_1437_gt.ply,0.17593516092853892
ground_108_gt.ply,0.1277692643375909
ground_659_gt.ply,0.4955136999878805
ground_759_gt.ply,0.31300836488591743
ground_1205_gt.ply,0.7356992543419829
ground_1305_gt.ply,0.10398092424353272
ground_2_gt.ply,0.15438872708875856
ground_116_gt.ply,0.15007244891829874
ground_647_gt.ply,0.15522496770191596
ground_747_gt.ply,0.39084629381410935
ground_42_gt.ply,0.19724253222473856
ground_1278_gt.ply,0.663540155802551
ground_852_gt.ply,0.4642484886899125
ground_1378_gt.ply,0.11066016194635248
ground_952_gt.ply,0.7193098366539099
ground_1429_gt.ply,0.20806335455203723
ground_612_gt.ply,0.17302190892261868
ground_143_gt.ply,0.11097063988826224
ground_712_gt.ply,0.42048999941739623
ground_807_gt.ply,0.5211674436469933
ground_17_gt.ply,0.09679583608312298
ground_907_gt.ply,0.44550852473397357
ground_389_gt.ply,0.2450015233499627
ground_289_gt.ply,0.1536121350478824
ground_1250_gt.ply,0.38439253097234255
ground_1401_gt.ply,0.12012425507568858
ground_1350_gt.ply,0.10916562281872465
ground_819_gt.ply,0.44171091524449
ground_1233_gt.ply,0.9515295481855232
ground_1084_gt.ply,0.40081584209831067
ground_919_gt.ply,0.5844521427184931
ground_1333_gt.ply,0.15832171795757102
ground_1184_gt.ply,0.5416412463155382
ground_864_gt.ply,0.5370723606600554
ground_74_gt.ply,0.1587254309470579
ground_964_gt.ply,0.35995522033439564
ground_671_gt.ply,0.43434595330410003
ground_120_gt.ply,0.18494646648990082
ground_397_gt.ply,0.1453475621981721
ground_771_gt.ply,0.5152396393399984
ground_297_gt.ply,0.3708966144637162
ground_700_gt.ply,0.38399732797653113
ground_151_gt.ply,0.10428436367652663
ground_600_gt.ply,0.10591278572434636
ground_915_gt.ply,0.5009171229779915
ground_1188_gt.ply,0.37126425488704023
ground_815_gt.ply,0.45870322964448024
ground_1088_gt.ply,0.4253700373506702
ground_1342_gt.ply,0.18006054489135934
ground_1413_gt.ply,0.2328819162101652
ground_968_gt.ply,0.49323238347058196
ground_1242_gt.ply,0.4233483940921154
ground_868_gt.ply,0.7426313257815309
ground_78_gt.ply,0.23010270108114392
ground_1196_gt.ply,0.7193862177729369
ground_1321_gt.ply,0.148427481043238
ground_1096_gt.ply,0.5229179186782248
ground_1221_gt.ply,0.6327638936361439
ground_976_gt.ply,0.7194208648316176
ground_876_gt.ply,0.6356669301362784
ground_66_gt.ply,0.19706162124915771
ground_285_gt.ply,0.15418222716650104
ground_763_gt.ply,0.5735324676818727
ground_385_gt.ply,0.19348695372625146
ground_132_gt.ply,0.12485237694030714
ground_663_gt.ply,0.4369562862478588
ground_252_gt.ply,0.12048560630029288
ground_503_gt.ply,0.13507033603222945
ground_352_gt.ply,0.26085110983275844
ground_403_gt.ply,0.18699854514128567
ground_1141_gt.ply,0.4523136129728766
ground_1041_gt.ply,0.46873839897282826
ground_198_gt.ply,0.183441006198559
ground_1122_gt.ply,0.4180183901194727
ground_1395_gt.ply,0.1935873089643161
ground_1022_gt.ply,0.565163385621901
ground_1295_gt.ply,0.13178977231433062
ground_231_gt.ply,0.30005799426474433
ground_560_gt.ply,0.17598978808573237
ground_331_gt.ply,0.11179447970288985
ground_460_gt.ply,0.3709477571141231
ground_186_gt.ply,0.13165231497540458
ground_1299_gt.ply,0.17746747890374498
ground_1399_gt.ply,0.1301456823890934
ground_411_gt.ply,0.18064466397746437
ground_340_gt.ply,0.17880470563328138
ground_511_gt.ply,0.15562279895714878
ground_240_gt.ply,0.18791818537958455
ground_1053_gt.ply,0.3321734783047482
ground_1153_gt.ply,0.3741001016327247
ground_1287_gt.ply,0.1588466361360513
ground_1030_gt.ply,0.4448087717736573
ground_1387_gt.ply,0.11803418726596546
ground_1130_gt.ply,0.45836786114942324
ground_194_gt.ply,0.2347535553215602
ground_472_gt.ply,0.25221668965194644
ground_323_gt.ply,0.2810152975544524
ground_572_gt.ply,0.19929808695841586
ground_223_gt.ply,0.1158707379369288
ground_690_gt.ply,0.29360881825123036
ground_376_gt.ply,0.12845077782879608
ground_427_gt.ply,0.20812463946582482
ground_790_gt.ply,0.6697305781219924
ground_276_gt.ply,0.1865413118372211
ground_527_gt.ply,0.13270589429023882
ground_885_gt.ply,0.48254082001894844
ground_95_gt.ply,0.1466698685663757
ground_1018_gt.ply,0.5949098695154957
ground_985_gt.ply,0.7404676701654089
ground_1118_gt.ply,0.9010645840779932
ground_1065_gt.ply,0.2526843868413426
ground_1165_gt.ply,0.5037302112649549
ground_1006_gt.ply,0.6885910760394421
ground_1106_gt.ply,0.5548108064771239
ground_368_gt.ply,0.1632556265075796
ground_439_gt.ply,0.37229956631490296
ground_268_gt.ply,0.20636717608629848
ground_539_gt.ply,0.11664383168416054
ground_315_gt.ply,0.15027603315546945
ground_444_gt.ply,0.18771387160697373
ground_215_gt.ply,0.1801023511914808
ground_544_gt.ply,0.11027885590284385
ground_535_gt.ply,0.13865848009538578
ground_264_gt.ply,0.31296116771246196
ground_782_gt.ply,0.5346870323114052
ground_435_gt.ply,0.10534282500074439
ground_364_gt.ply,0.13231502176490964
ground_682_gt.ply,0.523225384958588
ground_997_gt.ply,0.5348146303884284
ground_897_gt.ply,0.7091070622223089
ground_87_gt.ply,0.1881798203951338
ground_548_gt.ply,0.12105290099323983
ground_219_gt.ply,0.11715616791881998
ground_448_gt.ply,0.12723760109759305
ground_319_gt.ply,0.18821162913136166
ground_1177_gt.ply,0.6096141268548088
ground_1077_gt.ply,0.5223335931465983
ground_989_gt.ply,0.6819728621616792
ground_1114_gt.ply,0.430556145736939
ground_889_gt.ply,0.4863514636906651
ground_99_gt.ply,0.16877330167421867
ground_1014_gt.ply,0.7822694192196656
ground_1169_gt.ply,0.718674303543347
ground_1069_gt.ply,0.6390639644699591
ground_556_gt.ply,0.11294872118254601
ground_207_gt.ply,0.15049956133301837
ground_456_gt.ply,0.09685033810164742
ground_307_gt.ply,0.12740487375754592
ground_1382_gt.ply,0.22298837111350067
ground_1135_gt.ply,0.4652163946212269
ground_1282_gt.ply,0.43871243199255144
ground_1035_gt.ply,0.7162352581184673
ground_226_gt.ply,0.19259044942352582
ground_577_gt.ply,0.1393590256159179
ground_191_gt.ply,0.09825901208530996
ground_326_gt.ply,0.1950820450708523
ground_477_gt.ply,0.09762308472715141
ground_1148_gt.ply,0.39336575027174586
ground_1048_gt.ply,0.5683213714719313
ground_245_gt.ply,0.15551114071129402
ground_514_gt.ply,0.13773169209414785
ground_345_gt.ply,0.2039092750257846
ground_414_gt.ply,0.19487678223006422
ground_1156_gt.ply,0.49290940210157175
ground_1056_gt.ply,0.6523435245225865
ground_238_gt.ply,0.16637763678947812
ground_569_gt.ply,0.1416186879641277
ground_338_gt.ply,0.21338595370782262
ground_469_gt.ply,0.10950444744124195
ground_418_gt.ply,0.12162275845600166
ground_349_gt.ply,0.1808992903997239
ground_518_gt.ply,0.1427991145965275
ground_249_gt.ply,0.20579716935464984
ground_1027_gt.ply,0.5812155670248399
ground_1290_gt.ply,0.15891565279356248
ground_1127_gt.ply,0.446662186786487
ground_1390_gt.ply,0.1649640264329298
ground_465_gt.ply,0.13053345979879055
ground_334_gt.ply,0.17481588758241232
ground_183_gt.ply,0.1978750771076084
ground_565_gt.ply,0.15605149936770837
ground_234_gt.ply,0.17654985841134427
ground_1039_gt.ply,0.5403990684409985
ground_1139_gt.ply,0.39260894552196385
ground_406_gt.ply,0.1742677505762841
ground_357_gt.ply,0.14370390097725533
ground_506_gt.ply,0.15134841784034497
ground_257_gt.ply,0.1528531722243465
ground_1044_gt.ply,0.4907719282502856
ground_1144_gt.ply,0.7143745935334194
ground_1011_gt.ply,0.28398442584053246
ground_1111_gt.ply,0.6168967929427972
ground_699_gt.ply,0.21258273332956654
ground_799_gt.ply,1.319936496841886
ground_302_gt.ply,0.3010111266458925
ground_453_gt.ply,0.17717998888509268
ground_202_gt.ply,0.31168812997848466
ground_553_gt.ply,0.17108848175177535
ground_361_gt.ply,0.17935165093084027
ground_430_gt.ply,0.2046741640030475
ground_687_gt.ply,0.39178614932225436
ground_261_gt.ply,0.20392270383740982
ground_530_gt.ply,0.20733047829726725
ground_787_gt.ply,0.35919050745000575
ground_892_gt.ply,0.6113303726211495
ground_82_gt.ply,0.16689369429918474
ground_992_gt.ply,0.6196741732489957
ground_1072_gt.ply,0.4787465447469539
ground_1172_gt.ply,0.4641013446013331
ground_1103_gt.ply,0.482187453095701
ground_1003_gt.ply,0.4154625700553805
ground_541_gt.ply,0.2102158371341326
ground_210_gt.ply,0.1622121268838737
ground_441_gt.ply,0.0870662703824637
ground_310_gt.ply,0.14990891115312974
ground_795_gt.ply,0.6304690733317407
ground_522_gt.ply,0.15829231897246251
ground_273_gt.ply,0.13863033152354975
ground_695_gt.ply,0.41059106567250103
ground_422_gt.ply,0.0979194370587891
ground_373_gt.ply,0.2012011760813279
ground_980_gt.ply,0.6585332679307018
ground_880_gt.ply,0.7652933541153318
ground_90_gt.ply,0.15985616327001856
ground_1160_gt.ply,0.3996359611095084
ground_1060_gt.ply,0.3965184651866361
ground_588_gt.ply,0.1044336065480482
ground_488_gt.ply,0.1654085503080267
ground_1300_gt.ply,0.14571027021922375
ground_1200_gt.ply,0.6044833166375366
ground_742_gt.ply,0.3637610835082067
ground_7_gt.ply,0.09965098084135332
ground_642_gt.ply,0.1503038654529998
ground_113_gt.ply,0.18836487735051582
ground_957_gt.ply,0.5582986513354544
ground_47_gt.ply,0.11599317028091463
ground_857_gt.ply,0.5174208685934515
ground_934_gt.ply,0.5483623606802702
ground_24_gt.ply,0.12897979425730322
ground_834_gt.ply,0.5840234457705473
ground_721_gt.ply,0.311592035111122
ground_596_gt.ply,0.1084336441286255
ground_621_gt.ply,0.19386203470353416
ground_170_gt.ply,0.33440571646018374
ground_496_gt.ply,0.21385388577456724
ground_949_gt.ply,0.6434687831322825
ground_1432_gt.ply,0.16147398101096577
ground_1363_gt.ply,0.13529881691869083
ground_59_gt.ply,0.17242737602285435
ground_849_gt.ply,0.6301025864777344
ground_1263_gt.ply,0.49965601280081823
ground_28_gt.ply,0.1408738164528576
ground_1212_gt.ply,0.656331925050715
ground_838_gt.ply,0.9133201433760799
ground_1312_gt.ply,0.19386693721489778
ground_1443_gt.ply,0.1474117958964341
ground_938_gt.ply,0.3240764703748
ground_101_gt.ply,0.1368546725627826
ground_650_gt.ply,0.4963582613659498
ground_750_gt.ply,0.3597171770259227
ground_55_gt.ply,0.12725854040521484
ground_845_gt.ply,0.5753520731910199
ground_945_gt.ply,0.5499865781796981
ground_36_gt.ply,0.1939242821377804
ground_826_gt.ply,0.7027684084685171
ground_926_gt.ply,0.3724050030813719
ground_484_gt.ply,0.20745822279055665
ground_162_gt.ply,0.18637117914579562
ground_633_gt.ply,0.15942424378698036
ground_584_gt.ply,0.1546050267514972
ground_733_gt.ply,0.32665233866014953
ground_1271_gt.ply,0.7124577249136417
ground_1371_gt.ply,0.11012850177388925
ground_1420_gt.ply,0.11314049040627032
ground_1093_gt.ply,0.8290623549472254
ground_1224_gt.ply,0.42147900004424255
ground_1193_gt.ply,0.6217576678967011
ground_1324_gt.ply,0.15109839133577901
ground_873_gt.ply,0.6334112359126989
ground_1259_gt.ply,0.6708751845958895
ground_63_gt.ply,0.16664915234820504
ground_1408_gt.ply,0.1596580941611482
ground_973_gt.ply,0.5175723672548358
ground_1359_gt.ply,0.12987463309652605
ground_380_gt.ply,0.15331746395617904
ground_666_gt.ply,0.42187446685172647
ground_137_gt.ply,0.1762189744890118
ground_280_gt.ply,0.1404361596695117
ground_766_gt.ply,0.4917789160938165
ground_605_gt.ply,0.1276080488157203
ground_154_gt.ply,0.10296677629302367
ground_705_gt.ply,0.39588198911443506
ground_810_gt.ply,0.3521835018387098
ground_910_gt.ply,0.5431643571351319
ground_678_gt.ply,0.22609791306539526
ground_129_gt.ply,0.11624089373641194
ground_778_gt.ply,0.410702733223554
ground_1247_gt.ply,0.5995824753827532
ground_1416_gt.ply,0.11251550041555686
ground_1347_gt.ply,0.12370677099734702
ground_1336_gt.ply,0.16142605808649269
ground_1181_gt.ply,0.4421864558691785
ground_1236_gt.ply,0.627377453114233
ground_1081_gt.ply,0.7386766642018885
ground_709_gt.ply,0.37304249282004887
ground_158_gt.ply,0.11130794844006199
ground_609_gt.ply,0.14902079812406913
ground_961_gt.ply,0.6457254353070948
ground_861_gt.ply,0.3994346184301464
ground_71_gt.ply,0.10400709811966308
ground_774_gt.ply,0.5329807275852202
ground_292_gt.ply,0.10225377562288901
ground_125_gt.ply,0.09686217783249544
ground_674_gt.ply,0.4230206851361337
ground_392_gt.ply,0.20348044222337125
ground_717_gt.ply,0.5844083156449846
ground_146_gt.ply,0.1405998527885479
ground_617_gt.ply,0.3170171312671992
ground_1328_gt.ply,0.11501105185496335
ground_902_gt.ply,0.7405957261481476
ground_1228_gt.ply,0.5114217811056037
ground_802_gt.ply,0.5503387460848572
ground_12_gt.ply,0.1271694310562109
ground_1355_gt.ply,0.16010306238710456
ground_1404_gt.ply,0.15046164056498482
ground_1255_gt.ply,0.4900196213720828
ground_486_gt.ply,0.11501592867507052
ground_160_gt.ply,0.1540156529346474
ground_631_gt.ply,0.11334528768970156
ground_586_gt.ply,0.14602640198264752
ground_731_gt.ply,0.3331443128077662
ground_34_gt.ply,0.1084166460266183
ground_824_gt.ply,0.36557202898506097
ground_924_gt.ply,0.6793363163470888
ground_9_gt.ply,0.18160594225236013
ground_49_gt.ply,0.16654190912575767
ground_1273_gt.ply,0.6953802731436391
ground_859_gt.ply,0.6455260216101267
ground_1373_gt.ply,0.13642449153621383
ground_1422_gt.ply,0.12760383143238477
ground_959_gt.ply,0.5436162812106194
ground_1210_gt.ply,0.7931090400131853
ground_1310_gt.ply,0.13077502513116665
ground_1441_gt.ply,0.17898624380079678
ground_498_gt.ply,0.167196855937142
ground_598_gt.ply,0.1405175616378595
ground_57_gt.ply,0.13832461159392268
ground_847_gt.ply,0.8613076412147345
ground_947_gt.ply,0.7920724699948541
ground_103_gt.ply,0.13309324042361245
ground_652_gt.ply,0.5290808043243015
ground_752_gt.ply,0.5314999833300432
ground_723_gt.ply,0.47029248655263434
ground_594_gt.ply,0.1340550431722596
ground_623_gt.ply,0.14811628662730947
ground_172_gt.ply,0.21061153182078238
ground_494_gt.ply,0.1447636853942799
ground_936_gt.ply,0.4114457318963447
ground_26_gt.ply,0.15107325403026914
ground_836_gt.ply,0.600771171108697
ground_1430_gt.ply,0.12290969818525428
ground_1361_gt.ply,0.12552448330068125
ground_1261_gt.ply,0.47766453366496175
ground_928_gt.ply,0.6638851632253823
ground_1302_gt.ply,0.2625567305832273
ground_38_gt.ply,0.17683407027020556
ground_828_gt.ply,0.6931948588542268
ground_1202_gt.ply,0.7790986383447066
ground_955_gt.ply,0.3148283048057314
ground_45_gt.ply,0.11848422014891027
ground_855_gt.ply,0.3653860747936493
ground_740_gt.ply,0.9814475764789263
ground_5_gt.ply,0.1415344035388704
ground_640_gt.ply,0.2674041427725725
ground_111_gt.ply,0.13766654893624208
ground_900_gt.ply,0.4710111373123643
ground_800_gt.ply,0.8846153736811275
ground_10_gt.ply,0.161017151427579
ground_715_gt.ply,0.24957994433221142
ground_144_gt.ply,0.1778811036877574
ground_615_gt.ply,0.11571461631916205
ground_1357_gt.ply,0.1938890798967201
ground_1406_gt.ply,0.16051026767609836
ground_1257_gt.ply,0.508948268512435
ground_768_gt.ply,0.5387822539279936
ground_139_gt.ply,0.15028827608966439
ground_668_gt.ply,0.3040853739415776
ground_1334_gt.ply,0.1354570279924457
ground_1183_gt.ply,0.6719775410101989
ground_1234_gt.ply,0.46601627021390585
ground_1083_gt.ply,0.7106406789004847
ground_776_gt.ply,0.5755517638306934
ground_290_gt.ply,0.18445754337304976
ground_127_gt.ply,0.159111378545325
ground_676_gt.ply,0.38915447237940504
ground_390_gt.ply,0.16859797903027474
ground_1349_gt.ply,0.18883667057317752
ground_963_gt.ply,0.654245133394505
ground_1418_gt.ply,0.18070934825948315
ground_1249_gt.ply,0.6363760819194605
ground_863_gt.ply,0.4135062016933421
ground_73_gt.ply,0.2396815624300291
ground_812_gt.ply,0.5684706857115459
ground_1238_gt.ply,0.5791304124623537
ground_912_gt.ply,0.4384256627592482
ground_1338_gt.ply,0.13736925806306036
ground_607_gt.ply,0.199224056028179
ground_156_gt.ply,0.16954977997413856
ground_707_gt.ply,0.5382814704911775
ground_1245_gt.ply,0.39678919674163937
ground_1414_gt.ply,0.12847589151200417
ground_1345_gt.ply,0.17397168341518152
ground_619_gt.ply,0.13150139457430798
ground_148_gt.ply,0.13134984234598307
ground_719_gt.ply,0.6355213670396767
ground_1091_gt.ply,0.6938685169316521
ground_1226_gt.ply,0.4226887864401747
ground_1191_gt.ply,0.5702478069867096
ground_1326_gt.ply,0.15427216725237472
ground_382_gt.ply,0.1140282596922514
ground_664_gt.ply,0.370761869348512
ground_135_gt.ply,0.09454980981246949
ground_282_gt.ply,0.15821865290959303
ground_764_gt.ply,0.3630302441739609
ground_871_gt.ply,0.6998499219207007
ground_61_gt.ply,0.13681210114410094
ground_971_gt.ply,0.5820544526854853
ground_404_gt.ply,0.1270069297122531
ground_355_gt.ply,0.15899367586475197
ground_504_gt.ply,0.11909855936872295
ground_255_gt.ply,0.14638152749808495
ground_479_gt.ply,0.16089181943428693
ground_328_gt.ply,0.16319595250615035
ground_579_gt.ply,0.18064897118740333
ground_228_gt.ply,0.16559211936885765
ground_1046_gt.ply,0.6895360733843571
ground_1146_gt.ply,0.533833268606109
ground_1025_gt.ply,0.7355672813332691
ground_1292_gt.ply,0.1705872616160827
ground_1125_gt.ply,0.5035015837547697
ground_1392_gt.ply,0.14988517269529833
ground_1058_gt.ply,0.5013549625210721
ground_1158_gt.ply,0.37355862341541546
ground_467_gt.ply,0.14435122696182753
ground_336_gt.ply,0.18548062456594533
ground_181_gt.ply,0.1628151343998944
ground_567_gt.ply,0.2531051669267712
ground_236_gt.ply,0.34531970385754557
ground_247_gt.ply,0.16469313159299656
ground_516_gt.ply,0.17943364352899827
ground_347_gt.ply,0.1920357085840623
ground_416_gt.ply,0.31291188127955
ground_1129_gt.ply,0.4999388519713871
ground_1029_gt.ply,0.2924505216911057
ground_1154_gt.ply,0.7622768885128626
ground_1054_gt.ply,0.373438196720599
ground_1380_gt.ply,0.2077360504158919
ground_1137_gt.ply,0.4862878478234324
ground_1280_gt.ply,0.4214562919495375
ground_1037_gt.ply,0.5445949517895446
ground_259_gt.ply,0.18325529055006262
ground_508_gt.ply,0.12272202761389
ground_359_gt.ply,0.15933584729151648
ground_408_gt.ply,0.18534639582127962
ground_224_gt.ply,0.3405033494129752
ground_575_gt.ply,0.11798106915052385
ground_193_gt.ply,0.3584472247440177
ground_324_gt.ply,0.09684804244145397
ground_475_gt.ply,0.10639970759781843
ground_982_gt.ply,0.36284276419786476
ground_882_gt.ply,0.6881101467549877
ground_92_gt.ply,0.13064529391273802
ground_797_gt.ply,0.8776161821043489
ground_520_gt.ply,0.2030221659233771
ground_271_gt.ply,0.262149151030134
ground_697_gt.ply,0.6959625994109695
ground_420_gt.ply,0.17499296995565639
ground_371_gt.ply,0.1772058108222603
ground_1162_gt.ply,0.5337173863643349
ground_1062_gt.ply,0.743806580792565
ground_789_gt.ply,0.46355759073380254
ground_689_gt.ply,0.4263745927777415
ground_1101_gt.ply,0.4946345421762144
ground_1001_gt.ply,0.7003024105837133
ground_543_gt.ply,0.19151233330858186
ground_212_gt.ply,0.170744267676006
ground_443_gt.ply,0.13571104679141643
ground_312_gt.ply,0.08795795038949675
ground_890_gt.ply,0.4451687256367246
ground_80_gt.ply,0.11597051271867816
ground_990_gt.ply,0.5346480243935471
ground_363_gt.ply,0.22094149826313922
ground_432_gt.ply,0.21715317254795274
ground_685_gt.ply,0.4118016677279472
ground_263_gt.ply,0.11486894322750588
ground_532_gt.ply,0.15435705889266071
ground_785_gt.ply,0.38238414686046
ground_1070_gt.ply,0.4441875774197473
ground_1170_gt.ply,0.6783293988653911
ground_1013_gt.ply,0.6808452912011347
ground_1113_gt.ply,0.727827167447969
ground_300_gt.ply,0.23480287677466083
ground_451_gt.ply,0.1469483006660997
ground_200_gt.ply,0.23720807216254522
ground_551_gt.ply,0.1473119730168612
ground_1241_gt.ply,0.8324994784936893
ground_1341_gt.ply,0.18221661523406435
ground_1410_gt.ply,0.15009961803228575
ground_398_gt.ply,0.17302882037687498
ground_298_gt.ply,0.3612797101706366
ground_816_gt.ply,0.3338143256659034
ground_916_gt.ply,0.46934720501411786
ground_152_gt.ply,0.0915102526953376
ground_603_gt.ply,0.13669832604377063
ground_703_gt.ply,0.32314754846596755
ground_386_gt.ply,0.12011394229784515
ground_131_gt.ply,0.11391151275427946
ground_660_gt.ply,0.41700928350645683
ground_286_gt.ply,0.3217059149432393
ground_760_gt.ply,0.36151001805621436
ground_875_gt.ply,0.648358829942162
ground_65_gt.ply,0.16460309416866292
ground_975_gt.ply,0.4646964596512909
ground_1095_gt.ply,0.5231480106781285
ground_1222_gt.ply,0.620611289720238
ground_808_gt.ply,0.582790029975048
ground_18_gt.ply,0.15303115672816045
ground_1195_gt.ply,0.5493987001086401
ground_1322_gt.ply,0.14149092183189765
ground_908_gt.ply,0.5536985345185168
ground_1402_gt.ply,0.1668675373688181
ground_979_gt.ply,0.40321630661485225
ground_1353_gt.ply,0.1638025714347918
ground_879_gt.ply,0.8463624598496464
ground_1253_gt.ply,0.7862973248588617
ground_69_gt.ply,0.2120462334290675
ground_1199_gt.ply,0.39395835695396964
ground_904_gt.ply,0.5060890859899209
ground_1099_gt.ply,0.6448812980809814
ground_804_gt.ply,0.7062361156748342
ground_14_gt.ply,0.14668154256905988
ground_711_gt.ply,0.4087872508240447
ground_611_gt.ply,0.1450644766270119
ground_140_gt.ply,0.15431461819960443
ground_772_gt.ply,0.33882064277978163
ground_294_gt.ply,0.15442539816684178
ground_672_gt.ply,0.496524756574059
ground_123_gt.ply,0.11162925159862776
ground_394_gt.ply,0.11663071679917571
ground_967_gt.ply,0.43133505972241065
ground_867_gt.ply,0.3358150637590256
ground_77_gt.ply,0.10841795402702188
ground_1330_gt.ply,0.15945717529020584
ground_1187_gt.ply,0.6045419312170831
ground_1230_gt.ply,0.3781626189587376
ground_1087_gt.ply,0.4906673510270341
ground_1365_gt.ply,0.272321275770768
ground_1434_gt.ply,0.2362710019877302
ground_1265_gt.ply,0.5782924950657932
ground_727_gt.ply,0.25365119571621403
ground_590_gt.ply,0.13608945209640924
ground_176_gt.ply,0.17773283412288005
ground_627_gt.ply,0.12409021604451662
ground_490_gt.ply,0.1256187616493465
ground_1318_gt.ply,0.14440239759549484
ground_932_gt.ply,0.5482228330846871
ground_22_gt.ply,0.09574047177946232
ground_1218_gt.ply,0.8878751836786835
ground_832_gt.ply,0.5751838358993601
ground_951_gt.ply,0.6591846905949975
ground_41_gt.ply,0.11709694760527625
ground_851_gt.ply,0.40181372370896096
ground_744_gt.ply,0.8680342761216998
ground_1_gt.ply,0.15881414193332147
ground_115_gt.ply,0.10788657954178085
ground_644_gt.ply,0.15088077905721023
ground_1306_gt.ply,0.14467004899717517
ground_1206_gt.ply,0.4019020946664125
ground_739_gt.ply,0.6403056793927581
ground_168_gt.ply,0.1662885953612318
ground_639_gt.ply,0.12018651048378053
ground_648_gt.ply,0.63309636634027
ground_119_gt.ply,0.125542287858782
ground_748_gt.ply,0.5164855112683132
ground_1277_gt.ply,0.5784461378737464
ground_1426_gt.ply,0.1159948696973344
ground_1377_gt.ply,0.12855033614194264
ground_482_gt.ply,0.16977114166106166
ground_635_gt.ply,0.11633326926760088
ground_164_gt.ply,0.11888414083213265
ground_582_gt.ply,0.12024573307673302
ground_735_gt.ply,0.32077054141266903
ground_30_gt.ply,0.16405583713409227
ground_820_gt.ply,0.5845468426181634
ground_920_gt.ply,0.603052037141291
ground_53_gt.ply,0.12812953200885976
ground_843_gt.ply,0.6940970215768967
ground_1269_gt.ply,0.5571425671589177
ground_943_gt.ply,0.6856597351081811
ground_1438_gt.ply,0.18581108980371538
ground_1369_gt.ply,0.15540829092706934
ground_656_gt.ply,0.8904264452432907
ground_107_gt.ply,0.13165550013303642
ground_756_gt.ply,0.6658464861601107
ground_1214_gt.ply,0.45944779470193137
ground_1445_gt.ply,0.1965409801042827
ground_1314_gt.ply,0.24275007652435043
ground_1074_gt.ply,0.6672621239669508
ground_1174_gt.ply,0.745259732381648
ground_1009_gt.ply,0.8119256651691884
ground_894_gt.ply,0.3531142701815854
ground_84_gt.ply,0.2599390480451563
ground_1109_gt.ply,0.580159310388702
ground_994_gt.ply,0.7631733031333111
ground_436_gt.ply,0.3102941802799305
ground_367_gt.ply,0.15043762115015444
ground_681_gt.ply,0.40852581535323973
ground_536_gt.ply,0.13830492617998258
ground_267_gt.ply,0.146253118108237
ground_781_gt.ply,0.7737919091857648
ground_455_gt.ply,0.21561653594616179
ground_304_gt.ply,0.15190124863381382
ground_555_gt.ply,0.13654686474925426
ground_204_gt.ply,0.3451600821527174
ground_428_gt.ply,0.1769977906339686
ground_379_gt.ply,0.12304155911490508
ground_528_gt.ply,0.18704191868011416
ground_279_gt.ply,0.12112951060203504
ground_1017_gt.ply,0.6519339715198326
ground_1117_gt.ply,0.5952359685456544
ground_1166_gt.ply,0.6067370470075455
ground_1066_gt.ply,0.2859386277282862
ground_208_gt.ply,0.20101093118903743
ground_559_gt.ply,0.15735126451909562
ground_308_gt.ply,0.1490005174946456
ground_459_gt.ply,0.1366435616819412
ground_986_gt.ply,0.5596202938745607
ground_886_gt.ply,0.4026279466297008
ground_96_gt.ply,0.2737544741801644
ground_793_gt.ply,0.2745354887934037
ground_275_gt.ply,0.1691831865975508
ground_524_gt.ply,0.21306529607140867
ground_693_gt.ply,0.8392914149913778
ground_375_gt.ply,0.09231551840446682
ground_424_gt.ply,0.10735698762554204
ground_216_gt.ply,0.2786369696792278
ground_547_gt.ply,0.11865010244261191
ground_316_gt.ply,0.1577820230271631
ground_447_gt.ply,0.21667444437394134
ground_1178_gt.ply,0.7817889443630867
ground_1078_gt.ply,0.8299998175188625
ground_1105_gt.ply,0.5534109601198628
ground_998_gt.ply,0.38450536566426574
ground_1005_gt.ply,0.5825848542121875
ground_898_gt.ply,0.6587836490182666
ground_88_gt.ply,0.12392836929962828
ground_189_gt.ply,0.1307667948631069
ground_1150_gt.ply,0.5539808354897076
ground_1050_gt.ply,0.5009215194180235
ground_512_gt.ply,0.17154254189436616
ground_243_gt.ply,0.21241444593464373
ground_412_gt.ply,0.2665850920901333
ground_343_gt.ply,0.19617987986484503
ground_571_gt.ply,0.1601443748082774
ground_220_gt.ply,0.24592625967199586
ground_197_gt.ply,0.17141498047162104
ground_471_gt.ply,0.135521907798102
ground_320_gt.ply,0.1151067129699177
ground_1384_gt.ply,0.12369975720217617
ground_1133_gt.ply,0.530931239374973
ground_1284_gt.ply,0.12901046199532737
ground_1033_gt.ply,0.5998774005332644
ground_1042_gt.ply,0.642006541687604
ground_1142_gt.ply,0.35402840656418205
ground_351_gt.ply,0.09399124202879115
ground_400_gt.ply,0.12998201245025817
ground_251_gt.ply,0.1964600982756689
ground_500_gt.ply,0.138687467845264
ground_1288_gt.ply,0.1341261036266526
ground_1388_gt.ply,0.2160032980270535
ground_332_gt.ply,0.24669500429825408
ground_463_gt.ply,0.16925512644142882
ground_185_gt.ply,0.16416328054982227
ground_232_gt.ply,0.14259137100097244
ground_563_gt.ply,0.1601684731877081
ground_1021_gt.ply,0.5320458406107688
ground_1296_gt.ply,0.15875171588753978
ground_1121_gt.ply,0.7477304429195092
ground_1396_gt.ply,0.1096775740013042
ground_214_gt.ply,0.12683915624790384
ground_545_gt.ply,0.1644891188616517
ground_314_gt.ply,0.09600165856138648
ground_445_gt.ply,0.1364428086543638
ground_1107_gt.ply,0.7565087338726982
ground_1007_gt.ply,0.7048556050440002
ground_269_gt.ply,0.18836820162899592
ground_538_gt.ply,0.10837968016900626
ground_369_gt.ply,0.3505083421252665
ground_438_gt.ply,0.19606965081636524
ground_1164_gt.ply,0.673978194036413
ground_1064_gt.ply,0.5853001984812066
ground_791_gt.ply,0.6588098964513147
ground_277_gt.ply,0.10730137295696941
ground_526_gt.ply,0.1378844625239937
ground_691_gt.ply,0.3085334989537814
ground_377_gt.ply,0.18861710910107968
ground_426_gt.ply,0.17405422507371213
ground_984_gt.ply,0.345659544288398
ground_1119_gt.ply,0.6502133064242474
ground_884_gt.ply,0.4830082124350655
ground_94_gt.ply,0.1464265683734873
ground_1019_gt.ply,0.6770153505225098
ground_1068_gt.ply,0.6308898131795982
ground_1168_gt.ply,0.40075431215531465
ground_457_gt.ply,0.300977930524667
ground_306_gt.ply,0.1984114984240393
ground_557_gt.ply,0.1522480107463339
ground_206_gt.ply,0.1547278020398243
ground_888_gt.ply,0.5078880060097636
ground_98_gt.ply,0.23299584494750286
ground_1015_gt.ply,0.4514446544710657
ground_988_gt.ply,0.5386759444822627
ground_1115_gt.ply,0.9005041836264724
ground_449_gt.ply,0.09965298331264347
ground_318_gt.ply,0.3548119843824444
ground_549_gt.ply,0.15733494436877046
ground_218_gt.ply,0.30855003194626907
ground_1076_gt.ply,0.6306714684856708
ground_1176_gt.ply,0.41233758430497525
ground_434_gt.ply,0.2256030342611743
ground_365_gt.ply,0.2933189439942898
ground_683_gt.ply,0.35301558324308635
ground_534_gt.ply,0.12564337378134166
ground_265_gt.ply,0.26088807362830474
ground_783_gt.ply,1.379938305905946
ground_896_gt.ply,0.4538858585914761
ground_86_gt.ply,0.20159248656811252
ground_996_gt.ply,0.510104450241765
ground_330_gt.ply,0.12655748431276442
ground_461_gt.ply,0.1345589748091211
ground_187_gt.ply,0.16794414235278235
ground_230_gt.ply,0.11118417703282912
ground_561_gt.ply,0.11791012473512222
ground_1023_gt.ply,0.728253253657426
ground_1294_gt.ply,0.2625462470444771
ground_1123_gt.ply,0.631793657193119
ground_1394_gt.ply,0.1517172011311412
ground_1040_gt.ply,0.5463299163769557
ground_1140_gt.ply,0.6531949765262938
ground_199_gt.ply,0.16510731405516196
ground_353_gt.ply,0.4184901527581823
ground_402_gt.ply,0.11921824260041539
ground_253_gt.ply,0.22711979895215947
ground_502_gt.ply,0.12583663486297925
ground_573_gt.ply,0.13812286478171865
ground_222_gt.ply,0.11496221945627222
ground_195_gt.ply,0.20903067963425098
ground_473_gt.ply,0.12959687329082223
ground_322_gt.ply,0.1205258464650355
ground_1386_gt.ply,0.170145391370227
ground_1131_gt.ply,0.6113719710482917
ground_1286_gt.ply,0.13052155257896636
ground_1031_gt.ply,0.5414661117308492
ground_1152_gt.ply,0.5578109881049115
ground_1052_gt.ply,0.5625151432705334
ground_1398_gt.ply,0.16334865135527496
ground_1298_gt.ply,0.12976595775107636
ground_510_gt.ply,0.10662741808461589
ground_241_gt.ply,0.12068328869999531
ground_410_gt.ply,0.24836762201107487
ground_341_gt.ply,0.1666720578036424
ground_965_gt.ply,0.493714861386996
ground_865_gt.ply,0.6485433203092682
ground_75_gt.ply,0.10613203991111671
ground_770_gt.ply,0.7554627679029294
ground_296_gt.ply,0.1811007103341605
ground_670_gt.ply,0.2886737805025088
ground_121_gt.ply,0.1637399674438772
ground_396_gt.ply,0.18373493391690088
ground_918_gt.ply,0.49493313907213393
ground_1332_gt.ply,0.13786358696862158
ground_1185_gt.ply,0.6921201916439159
ground_818_gt.ply,0.6055023807050789
ground_1232_gt.ply,0.5054029241291509
ground_1085_gt.ply,0.4325752368226341
ground_288_gt.ply,0.21739492235965463
ground_388_gt.ply,0.22270252012179018
ground_1400_gt.ply,0.11627271572189407
ground_1351_gt.ply,0.12186720058823376
ground_1251_gt.ply,0.6389535440319895
ground_713_gt.ply,0.6670651331483728
ground_613_gt.ply,0.1313228073468082
ground_142_gt.ply,0.1570474599853541
ground_906_gt.ply,0.4819868640028191
ground_806_gt.ply,0.6416019870971525
ground_16_gt.ply,0.09894152758327075
ground_877_gt.ply,0.353196132182294
ground_67_gt.ply,0.1304321939315487
ground_977_gt.ply,0.6561308659436981
ground_384_gt.ply,0.14076357773800408
ground_133_gt.ply,0.28047503564626286
ground_662_gt.ply,0.5483285305355239
ground_284_gt.ply,0.1704258527107661
ground_762_gt.ply,0.5030069212817377
ground_1097_gt.ply,0.46822829538153626
ground_1220_gt.ply,0.4906134503262738
ground_1197_gt.ply,0.6411105499630915
ground_1320_gt.ply,0.14170839802095003
ground_1243_gt.ply,0.6547832202956693
ground_869_gt.ply,0.7038065702006696
ground_79_gt.ply,0.12193005373255614
ground_1343_gt.ply,0.12388897843975939
ground_969_gt.ply,0.5420483148950879
ground_1412_gt.ply,0.16759960697413734
ground_150_gt.ply,0.10912929496304986
ground_601_gt.ply,0.14632228474728207
ground_701_gt.ply,0.42790721448430113
ground_814_gt.ply,0.45261938358531056
ground_1089_gt.ply,0.6814793387231868
ground_914_gt.ply,0.3138623580207952
ground_1189_gt.ply,0.3486289921333846
ground_654_gt.ply,0.749671370779774
ground_105_gt.ply,0.2034398892255302
ground_754_gt.ply,0.42879288795219533
ground_51_gt.ply,0.22451169754514338
ground_841_gt.ply,0.5312089180505447
ground_941_gt.ply,0.6738128002728221
ground_629_gt.ply,0.11651090626629419
ground_178_gt.ply,0.12111910662117147
ground_729_gt.ply,0.3460446257532612
ground_1216_gt.ply,0.5621944414425629
ground_1316_gt.ply,0.1652894107697726
ground_1275_gt.ply,0.587293972382185
ground_1424_gt.ply,0.13642351628892274
ground_1375_gt.ply,0.12778661047152526
ground_32_gt.ply,0.1214190532148026
ground_822_gt.ply,0.5644401019021215
ground_1208_gt.ply,0.7501040629468848
ground_922_gt.ply,0.397877975126126
ground_1308_gt.ply,0.11329155624025222
ground_480_gt.ply,0.1738563336072232
ground_637_gt.ply,0.14170699194831207
ground_166_gt.ply,0.31622661469083607
ground_580_gt.ply,0.19903008011197684
ground_737_gt.ply,0.4724839837300969
ground_746_gt.ply,0.5747079696270656
ground_3_gt.ply,0.13460850303940394
ground_117_gt.ply,0.18109795453648198
ground_646_gt.ply,0.13579709725790834
ground_1379_gt.ply,0.1927368599437084
ground_1428_gt.ply,0.11585856208256282
ground_953_gt.ply,0.49962495863462486
ground_43_gt.ply,0.11251094362396652
ground_1279_gt.ply,0.5797155721642759
ground_853_gt.ply,0.6777903056910078
ground_1304_gt.ply,0.23411715662300472
ground_1204_gt.ply,0.5365907518474186
ground_1367_gt.ply,0.21205592200958237
ground_1436_gt.ply,0.11532263603360914
ground_1267_gt.ply,0.799323227864269
ground_758_gt.ply,1.3804599477904795
ground_109_gt.ply,0.14585159680203813
ground_658_gt.ply,0.6228266214337588
ground_930_gt.ply,0.6668887369654067
ground_20_gt.ply,0.11399578156695724
ground_830_gt.ply,0.5438575676624924
ground_725_gt.ply,1.2676888782557734
ground_592_gt.ply,0.1552666625280696
ground_174_gt.ply,0.1077234486766458
ground_625_gt.ply,0.1725997141023794
ground_492_gt.ply,0.2877266426430748
mean_hausdorff_distance,0.33624403862016494
