base_name,Precision,Recall,Fscore
ground_576_gt.ply,87.939453125,33.888067061143985,48.92323311296077
ground_562_gt.ply,87.060546875,29.191321499013807,43.72252161198259
ground_701_gt.ply,78.02734375,25.443786982248522,38.374203492625504
ground_451_gt.ply,92.041015625,33.00049309664694,48.58224971521569
ground_14_gt.ply,87.98828125,32.91420118343195,47.9074363496456
ground_762_gt.ply,87.060546875,34.81262327416174,49.7370506846165
ground_284_gt.ply,87.353515625,30.251479289940832,44.93981009470697
ground_728_gt.ply,85.595703125,31.841715976331358,46.41645037088063
ground_109_gt.ply,86.279296875,34.0853057199211,48.8657985467947
ground_63_gt.ply,89.990234375,35.798816568047336,51.22137211711391
ground_258_gt.ply,86.572265625,34.24556213017752,49.07745746296318
ground_250_gt.ply,90.234375,32.63067061143985,47.929142968225804
ground_676_gt.ply,88.037109375,33.14842209072978,48.162370968113656
ground_195_gt.ply,82.763671875,27.477810650887573,41.25787230808342
ground_754_gt.ply,90.234375,32.05128205128205,47.30117126709805
ground_696_gt.ply,89.404296875,36.217948717948715,51.55201969363246
ground_529_gt.ply,86.1328125,32.88954635108482,47.60230189375427
ground_61_gt.ply,89.35546875,34.146942800788956,49.41144131568891
ground_639_gt.ply,84.86328125,30.3870808678501,44.750356400927224
ground_388_gt.ply,89.697265625,37.54930966469428,52.93769825021363
ground_544_gt.ply,84.033203125,30.17751479289941,44.4076226229898
ground_164_gt.ply,86.23046875,32.001972386587774,46.679998370871175
ground_240_gt.ply,84.228515625,31.595167652859963,45.95284827782901
ground_169_gt.ply,90.380859375,32.260848126232744,47.54929195332616
ground_408_gt.ply,86.962890625,34.68934911242604,49.59524097916414
ground_283_gt.ply,87.20703125,32.790927021696255,47.66080087834335
ground_160_gt.ply,93.994140625,34.0853057199211,50.02862068058005
ground_461_gt.ply,90.478515625,32.92652859960552,48.282360759162735
ground_355_gt.ply,89.599609375,30.16518737672584,45.1349491500618
ground_466_gt.ply,91.40625,34.146942800788956,49.719866468660626
ground_295_gt.ply,85.9375,31.64447731755424,46.25619217361675
ground_711_gt.ply,85.3515625,34.27021696252465,48.90441486672313
ground_162_gt.ply,86.767578125,31.68145956607495,46.415295077075434
ground_452_gt.ply,89.697265625,30.17751479289941,45.161134824934145
ground_507_gt.ply,84.814453125,31.8663708086785,46.32687226742185
ground_133_gt.ply,90.380859375,32.2361932938856,47.52250668995748
ground_763_gt.ply,84.9609375,34.76331360946745,49.338771176215076
ground_293_gt.ply,89.892578125,32.86489151873767,48.132465372439945
ground_612_gt.ply,86.42578125,33.616863905325445,48.40552659320981
ground_579_gt.ply,86.767578125,34.73865877712032,49.61373780062981
ground_260_gt.ply,89.35546875,36.56311637080868,51.89248908951569
ground_125_gt.ply,90.33203125,31.94033530571992,47.193580172621566
ground_598_gt.ply,85.83984375,30.485700197238657,44.992486649832344
ground_641_gt.ply,86.181640625,29.142011834319526,43.55578994310395
ground_530_gt.ply,88.427734375,35.009861932938854,50.16045133912305
ground_593_gt.ply,88.330078125,32.273175542406314,47.27388408382557
ground_155_gt.ply,86.669921875,34.035996055226825,48.877423238676386
ground_158_gt.ply,86.572265625,29.94329388560158,44.49635401211582
ground_624_gt.ply,90.087890625,34.467455621301774,49.85896576440323
ground_746_gt.ply,79.58984375,26.738165680473376,40.02870814697267
ground_228_gt.ply,89.84375,33.53057199211045,48.83532130144258
ground_366_gt.ply,91.40625,38.46153846153847,54.14160111059695
ground_477_gt.ply,91.2109375,32.55670611439842,47.98552513220514
ground_69_gt.ply,86.328125,31.176035502958584,45.80890886559003
ground_669_gt.ply,87.939453125,33.210059171597635,48.21273130096134
ground_509_gt.ply,85.009765625,31.21301775147929,45.66077745543316
ground_320_gt.ply,89.0625,31.05276134122288,46.04971135343168
ground_502_gt.ply,83.056640625,28.217455621301774,42.12385721296279
ground_367_gt.ply,85.791015625,28.587278106508872,42.88456389232008
ground_601_gt.ply,84.66796875,30.756903353057197,45.1224157236808
ground_715_gt.ply,86.181640625,31.50887573964497,46.14622638035454
ground_629_gt.ply,81.982421875,31.4965483234714,45.509107242426126
ground_316_gt.ply,86.865234375,31.44723865877712,46.17724042944091
ground_178_gt.ply,88.916015625,30.73224852071006,45.67703692434747
ground_420_gt.ply,90.966796875,32.66765285996055,48.07190469105528
ground_36_gt.ply,90.0390625,32.90187376725838,48.19312359973051
ground_415_gt.ply,85.205078125,28.784516765285993,43.031769735424696
ground_34_gt.ply,91.2109375,35.74950690335306,51.366329964286685
ground_40_gt.ply,88.4765625,30.37475345167653,45.223794968867395
ground_151_gt.ply,89.697265625,31.44723865877712,46.56804426788734
ground_626_gt.ply,88.720703125,32.384122287968445,47.44884590150898
ground_681_gt.ply,83.30078125,31.41025641025641,45.61895614590382
ground_640_gt.ply,88.18359375,31.87869822485207,46.8286608109734
ground_95_gt.ply,87.158203125,30.55966469428008,45.252696335699625
ground_782_gt.ply,86.865234375,31.817061143984223,46.57470537303186
ground_775_gt.ply,90.13671875,32.482741617357,47.755678203458686
ground_266_gt.ply,88.037109375,32.3594674556213,47.32416902043881
ground_723_gt.ply,86.279296875,32.49506903353057,47.20971038947454
ground_321_gt.ply,83.984375,29.63510848126233,43.81090263038334
ground_634_gt.ply,83.056640625,30.59664694280079,44.719422796145764
ground_571_gt.ply,83.984375,31.4965483234714,45.81220602461888
ground_16_gt.ply,92.041015625,35.99605522682446,51.75240982206994
ground_145_gt.ply,91.796875,36.11932938856015,51.84083722330974
ground_596_gt.ply,85.64453125,32.08826429980276,46.685111684453176
ground_23_gt.ply,91.455078125,33.03747534516766,48.54017054874053
ground_484_gt.ply,90.0390625,34.06065088757396,49.42459559884897
ground_798_gt.ply,90.0390625,33.062130177514796,48.36481500605537
ground_656_gt.ply,87.255859375,32.19921104536489,47.03977522382885
ground_373_gt.ply,91.357421875,33.33333333333333,48.84479832919985
ground_486_gt.ply,81.396484375,32.59368836291913,46.548076589999496
ground_436_gt.ply,88.916015625,33.71548323471401,48.891948022778124
ground_433_gt.ply,91.89453125,36.217948717948715,51.95795789926313
ground_435_gt.ply,90.0390625,33.78944773175542,49.13844461935234
ground_196_gt.ply,88.76953125,34.282544378698226,49.46272346899963
ground_334_gt.ply,90.966796875,33.99901380670612,49.498040560588485
ground_608_gt.ply,86.572265625,30.288461538461537,44.876337865201045
ground_518_gt.ply,81.93359375,31.76775147928994,45.78390939537626
ground_143_gt.ply,85.3515625,32.03895463510848,46.589365235112076
ground_697_gt.ply,79.541015625,29.622781065088756,43.168635811438506
ground_209_gt.ply,85.9375,29.8939842209073,44.357789011573765
ground_712_gt.ply,88.96484375,36.32889546351085,51.59067849373928
ground_185_gt.ply,88.525390625,33.67850098619329,48.793903633656896
ground_126_gt.ply,90.625,36.600098619329394,52.14197471052759
ground_140_gt.ply,87.939453125,34.51676528599605,49.575031832306074
ground_607_gt.ply,72.36328125,25.295857988165682,37.487352445193935
ground_10_gt.ply,91.89453125,36.67406311637081,52.42564649199161
ground_237_gt.ply,86.376953125,29.05571992110454,43.48412787142107
ground_594_gt.ply,88.96484375,33.41962524654832,48.58740267650434
ground_784_gt.ply,86.5234375,31.64447731755424,46.34064939933821
ground_638_gt.ply,88.427734375,32.137573964497044,47.14213222906797
ground_179_gt.ply,88.623046875,36.69871794871795,51.90402809275003
ground_806_gt.ply,84.130859375,34.048323471400394,48.477483850094984
ground_370_gt.ply,91.259765625,35.145463510848124,50.747374688669275
ground_652_gt.ply,85.498046875,29.980276134122285,44.3937006954655
ground_630_gt.ply,85.791015625,30.004930966469427,44.46016595819357
ground_398_gt.ply,92.48046875,32.6060157790927,48.21335629780308
ground_220_gt.ply,85.498046875,28.883136094674555,43.17933526486094
ground_599_gt.ply,86.23046875,33.049802761341226,47.78493455951814
ground_505_gt.ply,84.228515625,28.316074950690336,42.383573465823375
ground_708_gt.ply,82.275390625,28.944773175542405,42.823934764932595
ground_422_gt.ply,93.65234375,33.875739644970416,49.75441219782958
ground_443_gt.ply,90.380859375,30.5103550295858,45.62038889247381
ground_303_gt.ply,91.40625,35.92209072978304,51.57537727971343
ground_52_gt.ply,87.20703125,36.0207100591716,50.982987343671596
ground_765_gt.ply,86.376953125,31.755424063116372,46.43835739284907
ground_226_gt.ply,83.349609375,32.45808678500986,46.72174551944202
ground_358_gt.ply,92.48046875,33.70315581854043,49.40234771525176
ground_670_gt.ply,86.62109375,36.08234714003945,50.94384235138618
ground_575_gt.ply,87.255859375,32.3594674556213,47.21055765296386
ground_324_gt.ply,84.27734375,30.004930966469427,44.25420980689918
ground_578_gt.ply,87.20703125,33.505917159763314,48.41156815908014
ground_131_gt.ply,92.822265625,34.34418145956607,50.137513584744184
ground_43_gt.ply,90.625,31.43491124260355,46.678533555521895
ground_387_gt.ply,93.408203125,36.489151873767256,52.47814491859627
ground_722_gt.ply,86.328125,31.02810650887574,45.649016209402646
ground_540_gt.ply,87.98828125,33.234714003944774,48.246050296257565
ground_604_gt.ply,88.720703125,33.740138067061146,48.88826083024329
ground_406_gt.ply,88.818359375,33.099112426035504,48.22621104293898
ground_315_gt.ply,83.49609375,30.67061143984221,44.86205052326828
ground_459_gt.ply,90.283203125,32.803254437869825,48.12199395798759
ground_620_gt.ply,82.91015625,28.907790927021697,42.86877953156034
ground_313_gt.ply,86.62109375,29.869329388560157,44.42105902797872
ground_568_gt.ply,85.888671875,29.94329388560158,44.405527032364006
ground_691_gt.ply,87.5,31.743096646942803,46.58585754161068
ground_759_gt.ply,83.642578125,30.35009861932939,44.53901017803752
ground_745_gt.ply,87.451171875,33.85108481262327,48.80893590837816
ground_709_gt.ply,89.0625,30.59664694280079,45.54626934864914
ground_210_gt.ply,88.916015625,35.7741617357002,51.020793958151025
ground_349_gt.ply,91.796875,32.43343195266272,47.931745027629454
ground_289_gt.ply,85.595703125,33.3086785009862,47.95584010393422
ground_170_gt.ply,85.3515625,30.76923076923077,45.232242204683665
ground_625_gt.ply,86.572265625,34.09763313609467,48.92536387862652
ground_600_gt.ply,82.763671875,31.0034516765286,45.10898089792048
ground_368_gt.ply,91.796875,34.442800788954635,50.091089966981805
ground_717_gt.ply,89.794921875,32.44575936883629,47.66767328281081
ground_44_gt.ply,91.2109375,34.65236686390533,50.223929591302664
ground_62_gt.ply,91.69921875,35.72485207100592,51.41793075301
ground_565_gt.ply,87.841796875,29.88165680473373,44.59363610705477
ground_103_gt.ply,89.990234375,33.41962524654832,48.739054041293606
ground_483_gt.ply,89.697265625,31.8663708086785,47.02600894125439
ground_165_gt.ply,92.919921875,33.44428007889546,49.1854472080696
ground_499_gt.ply,86.572265625,33.03747534516766,47.82435055811381
ground_211_gt.ply,85.9375,32.803254437869825,47.48209141166394
ground_124_gt.ply,91.015625,33.02514792899408,48.464781514953884
ground_263_gt.ply,88.37890625,32.45808678500986,47.4790068335387
ground_28_gt.ply,81.982421875,31.87869822485207,45.90667796704788
ground_56_gt.ply,90.869140625,35.244082840236686,50.78927382569709
ground_796_gt.ply,85.83984375,34.35650887573964,49.072326892844956
ground_249_gt.ply,82.71484375,30.17751479289941,44.22138846376307
ground_327_gt.ply,93.06640625,32.778599605522686,48.48164528190993
ground_278_gt.ply,83.69140625,30.30078895463511,44.4927941521871
ground_662_gt.ply,83.69140625,31.385601577909274,45.65125878117243
ground_610_gt.ply,89.94140625,33.456607495069036,48.77119550201907
ground_741_gt.ply,84.08203125,30.904832347140037,45.19718162402111
ground_275_gt.ply,83.30078125,33.01282051282051,47.28584960496006
ground_343_gt.ply,88.0859375,34.5414201183432,49.62372887745389
ground_445_gt.ply,91.064453125,30.017258382642996,45.15141361797913
ground_673_gt.ply,88.8671875,33.40729783037475,48.559805296072845
ground_376_gt.ply,89.94140625,33.493589743589745,48.8104777360787
ground_756_gt.ply,83.203125,27.933925049309664,41.82565321982433
ground_47_gt.ply,88.134765625,30.36242603550296,45.16537927940448
ground_501_gt.ply,85.400390625,31.05276134122288,45.5448032749602
ground_374_gt.ply,86.03515625,32.778599605522686,47.47113528077647
ground_440_gt.ply,85.9375,28.574950690335303,42.88895766611944
ground_60_gt.ply,85.595703125,29.400887573964496,43.768073976739686
ground_699_gt.ply,89.697265625,33.900394477317555,49.20437305539602
ground_287_gt.ply,86.572265625,31.336291913214993,46.01623230500692
ground_322_gt.ply,90.087890625,33.51824457593688,48.858221258844345
ground_675_gt.ply,83.7890625,27.798323471400394,41.74657274142711
ground_534_gt.ply,84.08203125,29.178994082840237,43.32344838141884
ground_286_gt.ply,91.2109375,33.5922090729783,49.10095564699091
ground_93_gt.ply,88.18359375,29.21597633136095,43.89061707856099
ground_0_gt.ply,82.8125,34.035996055226825,48.24376895687723
ground_467_gt.ply,90.673828125,35.03451676528599,50.541016260941184
ground_589_gt.ply,83.88671875,28.673570019723865,42.73854891619622
ground_439_gt.ply,90.72265625,33.78944773175542,49.239685997026726
ground_144_gt.ply,90.283203125,34.96055226824458,50.40332161688522
ground_279_gt.ply,88.37890625,35.009861932938854,50.15259251164932
ground_777_gt.ply,84.86328125,30.5103550295858,44.88389069472756
ground_277_gt.ply,90.966796875,37.684911242603555,53.29234592244413
ground_105_gt.ply,88.96484375,30.71992110453649,45.669855881808594
ground_294_gt.ply,84.033203125,30.30078895463511,44.54095071392412
ground_582_gt.ply,78.759765625,29.511834319526624,42.93545408695606
ground_70_gt.ply,91.2109375,32.803254437869825,48.25279338719748
ground_83_gt.ply,91.40625,33.38264299802761,48.9047083955892
ground_288_gt.ply,90.52734375,37.8698224852071,53.40078038154987
ground_645_gt.ply,86.81640625,33.40729783037475,48.24841427639896
ground_755_gt.ply,85.693359375,30.81854043392505,45.33346834354865
ground_617_gt.ply,87.20703125,31.582840236686387,46.371726831831026
ground_273_gt.ply,91.845703125,33.468934911242606,49.06015622658388
ground_394_gt.ply,87.109375,28.870808678500985,43.368065474015665
ground_96_gt.ply,90.13671875,33.616863905325445,48.97011855455891
ground_678_gt.ply,88.427734375,34.5414201183432,49.67781612787264
ground_614_gt.ply,85.15625,31.176035502958584,45.64226107689252
ground_337_gt.ply,88.4765625,35.379684418145956,50.546870869114905
ground_152_gt.ply,91.30859375,32.544378698224854,47.98562997177315
ground_455_gt.ply,89.2578125,32.519723865877715,47.67117979216425
ground_615_gt.ply,85.400390625,28.59960552268245,42.84943098057537
ground_740_gt.ply,87.98828125,29.363905325443785,44.03291725139719
ground_39_gt.ply,81.93359375,26.960059171597635,40.57049196856411
ground_496_gt.ply,82.6171875,28.858481262327416,42.77537123366727
ground_793_gt.ply,82.177734375,32.50739644970414,46.58640874290507
ground_795_gt.ply,82.71484375,27.662721893491128,41.45983299740858
ground_375_gt.ply,91.9921875,37.11785009861933,52.8936756487413
ground_234_gt.ply,89.501953125,33.062130177514796,48.28698825343169
ground_2_gt.ply,87.451171875,32.50739644970414,47.39652954905091
ground_15_gt.ply,85.9375,34.23323471400395,48.96231374862155
ground_742_gt.ply,87.255859375,29.84467455621302,44.47670115149556
ground_310_gt.ply,85.15625,34.714003944773175,49.321900991117225
ground_707_gt.ply,87.548828125,30.81854043392505,45.589035768247214
ground_621_gt.ply,84.912109375,33.01282051282051,47.54191041416726
ground_426_gt.ply,91.11328125,35.33037475345168,50.917008782018556
ground_458_gt.ply,91.69921875,34.5414201183432,50.18069090526258
ground_276_gt.ply,84.716796875,29.548816568047336,43.81512540235203
ground_326_gt.ply,90.0390625,31.841715976331358,47.045945894690924
ground_790_gt.ply,88.18359375,33.11143984220907,48.14518242089801
ground_448_gt.ply,88.0859375,30.97879684418146,45.8371889488891
ground_692_gt.ply,87.353515625,33.3086785009862,48.227701956852975
ground_407_gt.ply,91.11328125,32.59368836291913,48.01213551795493
ground_789_gt.ply,85.986328125,32.75394477317554,47.43784688905957
ground_339_gt.ply,86.865234375,30.84319526627219,45.522676563500994
ground_319_gt.ply,88.427734375,36.87130177514793,52.04262984954171
ground_556_gt.ply,83.935546875,30.30078895463511,44.52722110142249
ground_35_gt.ply,90.13671875,34.9112426035503,50.32924682190173
ground_180_gt.ply,89.74609375,33.604536489151876,48.89923750423566
ground_785_gt.ply,85.44921875,32.05128205128205,46.616941928609485
ground_809_gt.ply,83.251953125,29.820019723865876,43.91141008136673
ground_528_gt.ply,84.619140625,33.07445759368836,47.559633158900375
ground_312_gt.ply,91.69921875,35.04684418145957,50.71192203943619
ground_108_gt.ply,89.697265625,31.22534516765286,46.3243071147029
ground_536_gt.ply,85.83984375,31.47189349112426,46.057495751545446
ground_732_gt.ply,88.525390625,31.385601577909274,46.34141689001261
ground_268_gt.ply,79.39453125,28.242110453648916,41.66367670874977
ground_38_gt.ply,83.49609375,29.980276134122285,44.11906988744476
ground_134_gt.ply,90.869140625,35.971400394477314,51.54014977627709
ground_531_gt.ply,88.57421875,29.94329388560158,44.75632003640471
ground_521_gt.ply,85.302734375,31.25,45.74256388772518
ground_516_gt.ply,86.328125,33.53057199211045,48.30073216041963
ground_473_gt.ply,90.576171875,34.62771203155818,50.10141057523747
ground_163_gt.ply,87.5,30.76923076923077,45.528455284552855
ground_535_gt.ply,84.716796875,34.196252465483234,48.72462677682416
ground_632_gt.ply,71.533203125,23.73027613412229,35.63805723066658
ground_57_gt.ply,89.94140625,36.43984220907298,51.86609076541118
ground_29_gt.ply,93.408203125,34.035996055226825,49.89228624823263
ground_533_gt.ply,86.328125,31.06508875739645,45.68902715154856
ground_201_gt.ply,83.10546875,27.662721893491128,41.50873019599251
ground_802_gt.ply,91.357421875,36.95759368836292,52.62596062119233
ground_89_gt.ply,82.2265625,26.639546351084814,40.241694061196256
ground_148_gt.ply,88.623046875,35.650887573964496,50.84719164339835
ground_393_gt.ply,91.259765625,32.371794871794876,47.791072133836984
ground_478_gt.ply,92.919921875,33.086785009861934,48.79774345694997
ground_416_gt.ply,89.35546875,30.263806706114398,45.214061430699246
ground_513_gt.ply,84.86328125,31.595167652859963,46.046802510688615
ground_479_gt.ply,92.1875,34.65236686390533,50.37083606676871
ground_491_gt.ply,83.0078125,29.129684418145956,43.12547450797173
ground_341_gt.ply,92.529296875,36.80966469428008,52.66738422887131
ground_643_gt.ply,86.669921875,32.75394477317554,47.541281558941336
ground_687_gt.ply,87.841796875,33.481262327416175,48.48302150997705
ground_539_gt.ply,88.916015625,33.062130177514796,48.20130465369119
ground_264_gt.ply,87.5,35.31804733727811,50.323697681421265
ground_285_gt.ply,83.59375,29.709072978303748,43.83814549361476
ground_474_gt.ply,86.376953125,32.39644970414201,47.12008835069778
ground_557_gt.ply,88.28125,32.963510848126234,48.00306292337608
ground_425_gt.ply,92.041015625,32.19921104536489,47.70834964431087
ground_572_gt.ply,84.765625,30.8801775147929,45.26887254412088
ground_498_gt.ply,87.255859375,33.93737672583826,48.8679907628221
ground_22_gt.ply,89.2578125,33.222386587771204,48.42182777199399
ground_569_gt.ply,82.470703125,29.339250493096646,43.281095090885756
ground_380_gt.ply,92.1875,35.76183431952663,51.53280583857215
ground_207_gt.ply,90.966796875,38.83136094674556,54.428577152435075
ground_261_gt.ply,86.962890625,33.16074950690335,48.01310764884105
ground_223_gt.ply,85.546875,32.03895463510848,46.61841406920592
ground_653_gt.ply,82.32421875,28.611932938856015,42.46505742735851
ground_68_gt.ply,82.12890625,27.379191321499015,41.06770343217872
ground_468_gt.ply,84.619140625,35.03451676528599,49.55286391657484
ground_405_gt.ply,92.138671875,32.34714003944773,47.883730303942265
ground_786_gt.ply,89.0625,34.430473372781066,49.66216216216217
ground_308_gt.ply,86.1328125,31.18836291913215,45.794655668911524
ground_434_gt.ply,86.1328125,27.65039447731755,41.86217467997007
ground_9_gt.ply,90.625,37.61094674556213,53.159697188175926
ground_781_gt.ply,83.837890625,27.884615384615387,41.849890737939155
ground_551_gt.ply,87.548828125,34.10996055226824,49.09282931729609
ground_602_gt.ply,85.7421875,34.035996055226825,48.72875291469004
ground_402_gt.ply,89.6484375,30.79388560157791,45.841422809604374
ground_271_gt.ply,85.595703125,35.61390532544378,50.29959763635192
ground_438_gt.ply,83.3984375,30.658284023668642,44.834762035038665
ground_583_gt.ply,85.546875,29.154339250493095,43.48798976308666
ground_351_gt.ply,90.478515625,31.176035502958584,46.37329864318947
ground_677_gt.ply,80.712890625,26.9723865877712,40.43299780437961
ground_633_gt.ply,84.130859375,27.761341222879683,41.74706515742152
ground_102_gt.ply,89.306640625,34.603057199211044,49.879595351776274
ground_803_gt.ply,85.83984375,29.252958579881653,43.6355591816242
ground_488_gt.ply,81.396484375,29.21597633136095,42.998370089044336
ground_88_gt.ply,88.525390625,31.015779092702168,45.93704355083912
ground_241_gt.ply,86.865234375,35.47830374753452,50.379958231555875
ground_86_gt.ply,87.890625,37.1301775147929,52.2056240640426
ground_265_gt.ply,88.232421875,31.43491124260355,46.354811761950636
ground_731_gt.ply,81.884765625,30.904832347140037,44.87355215239917
ground_199_gt.ply,94.62890625,37.03155818540434,53.231710260862954
ground_580_gt.ply,82.568359375,29.795364891518737,43.789121660596905
ground_198_gt.ply,87.548828125,33.81410256410257,48.785655336049935
ground_555_gt.ply,82.71484375,33.25936883629191,47.44233110391778
ground_688_gt.ply,83.3984375,30.276134122287967,44.424751170017736
ground_622_gt.ply,85.9375,33.912721893491124,48.633611046825585
ground_764_gt.ply,85.7421875,30.917159763313613,45.446935399185676
ground_90_gt.ply,89.697265625,34.09763313609467,49.4118010871265
ground_508_gt.ply,83.251953125,30.276134122287967,44.40394196485758
ground_80_gt.ply,85.595703125,29.83234714003945,44.24437081727548
ground_597_gt.ply,91.259765625,34.861932938856015,50.45114148416996
ground_132_gt.ply,90.283203125,33.07445759368836,48.41317443575328
ground_449_gt.ply,92.67578125,32.76627218934911,48.415021765667824
ground_454_gt.ply,91.650390625,33.57988165680473,49.15120305834527
ground_146_gt.ply,87.01171875,32.87721893491125,47.722556934570434
ground_354_gt.ply,88.4765625,29.869329388560157,44.66121377442572
ground_807_gt.ply,78.515625,25.813609467455624,38.85337971065867
ground_752_gt.ply,88.525390625,34.5414201183432,49.69321444586089
ground_161_gt.ply,90.283203125,31.22534516765286,46.40207162428755
ground_738_gt.ply,81.15234375,33.24704142011834,47.16940270236142
ground_545_gt.ply,85.498046875,30.004930966469427,44.42072476734519
ground_49_gt.ply,87.98828125,33.29635108481263,48.31096318553657
ground_695_gt.ply,85.693359375,34.65236686390533,49.34911807284451
ground_442_gt.ply,90.380859375,31.23767258382643,46.42857708489566
ground_390_gt.ply,92.236328125,34.183925049309664,49.8812436817563
ground_469_gt.ply,91.943359375,35.17011834319527,50.87830005341456
ground_5_gt.ply,88.0859375,29.129684418145956,43.78111925803473
ground_590_gt.ply,82.71484375,30.017258382642996,44.049082558618345
ground_82_gt.ply,87.939453125,30.337771203155818,45.11243857456345
ground_411_gt.ply,81.689453125,32.112919132149905,46.102497691788855
ground_113_gt.ply,88.720703125,34.9112426035503,50.10598146784917
ground_541_gt.ply,84.66796875,31.28698224852071,45.69024802284382
ground_410_gt.ply,92.67578125,37.47534516765286,53.369601733305906
ground_721_gt.ply,84.228515625,34.47978303747535,48.92970377035043
ground_175_gt.ply,87.79296875,32.8525641025641,47.813193997633924
ground_378_gt.ply,92.08984375,33.38264299802761,49.002015618355784
ground_166_gt.ply,93.994140625,35.700197238658774,51.74642802245254
ground_290_gt.ply,82.51953125,28.981755424063117,42.89745784524918
ground_26_gt.ply,92.48046875,33.912721893491124,49.6271104690236
ground_431_gt.ply,91.11328125,32.47041420118343,47.878257250933984
ground_306_gt.ply,87.3046875,32.66765285996055,47.54494603906508
ground_397_gt.ply,88.525390625,31.854043392504934,46.85005636257014
ground_350_gt.ply,91.30859375,33.57988165680473,49.101916928472605
ground_177_gt.ply,81.73828125,28.106508875739642,41.82952554802123
ground_428_gt.ply,88.232421875,28.784516765285993,43.407863104502034
ground_419_gt.ply,83.349609375,30.58431952662722,44.7485856078146
ground_77_gt.ply,90.087890625,38.8560157790927,54.29425239623533
ground_37_gt.ply,94.43359375,37.943786982248525,54.135655886191714
ground_747_gt.ply,84.9609375,28.981755424063117,43.22027236735784
ground_181_gt.ply,90.771484375,33.75246548323471,49.20758451233084
ground_400_gt.ply,89.990234375,35.41666666666667,50.82900713822194
ground_463_gt.ply,90.72265625,34.25788954635108,49.7352082655862
ground_636_gt.ply,86.767578125,32.3594674556213,47.13879382896003
ground_272_gt.ply,79.052734375,32.18688362919132,45.74739121814723
ground_778_gt.ply,86.279296875,31.4965483234714,46.14698436269584
ground_661_gt.ply,85.595703125,32.82790927021696,47.45553558576325
ground_336_gt.ply,89.16015625,30.756903353057197,45.736450139823404
ground_792_gt.ply,87.548828125,29.73372781065089,44.39113736638673
ground_106_gt.ply,89.892578125,33.900394477317555,49.23371327078926
ground_159_gt.ply,86.669921875,30.8801775147929,45.53603249314866
ground_743_gt.ply,86.279296875,28.74753451676529,43.125886977598974
ground_729_gt.ply,87.20703125,32.371794871794876,47.216521830174855
ground_254_gt.ply,88.916015625,30.448717948717945,45.36312526877773
ground_72_gt.ply,90.91796875,34.6646942800789,50.19233571324494
ground_581_gt.ply,84.1796875,31.176035502958584,45.500801482743086
ground_115_gt.ply,90.91796875,37.21646942800789,52.8139952467782
ground_444_gt.ply,91.89453125,33.39497041420118,48.98758653451465
ground_783_gt.ply,87.20703125,36.797337278106504,51.756024082349704
ground_573_gt.ply,88.96484375,33.27169625246548,48.43087440692201
ground_627_gt.ply,85.986328125,29.598126232741617,44.037655552824425
ground_606_gt.ply,82.12890625,28.994082840236686,42.85796001144016
ground_595_gt.ply,84.912109375,30.73224852071006,45.13043429379477
ground_361_gt.ply,91.11328125,34.0853057199211,49.61116769309113
ground_383_gt.ply,93.359375,37.08086785009862,53.07942658342243
ground_514_gt.ply,83.59375,29.88165680473373,44.02574652707052
ground_192_gt.ply,87.451171875,32.06360946745562,46.923069949595686
ground_325_gt.ply,87.744140625,30.30078895463511,45.04584307944095
ground_232_gt.ply,91.259765625,32.08826429980276,47.48138224985497
ground_112_gt.ply,86.81640625,34.38116370808679,49.25592281860529
ground_217_gt.ply,86.42578125,32.951183431952664,47.711579512945995
ground_659_gt.ply,87.109375,30.78155818540434,45.48886369132035
ground_492_gt.ply,88.818359375,33.28402366863905,48.42218967324561
ground_186_gt.ply,81.005859375,32.19921104536489,46.08141229436581
ground_147_gt.ply,90.234375,31.348619329388562,46.53155793542664
ground_48_gt.ply,91.2109375,35.72485207100592,51.340874948786805
ground_257_gt.ply,86.083984375,32.59368836291913,47.28428684228251
ground_685_gt.ply,85.693359375,31.65680473372781,46.23390116775777
ground_779_gt.ply,81.73828125,27.736686390532544,41.41858402875647
ground_503_gt.ply,86.71875,30.36242603550296,44.97719824693015
ground_714_gt.ply,87.548828125,31.077416173570022,45.871659905223424
ground_118_gt.ply,89.55078125,30.288461538461537,45.26656428258007
ground_256_gt.ply,85.693359375,34.99753451676529,49.69813721445575
ground_53_gt.ply,89.74609375,35.428994082840234,50.80266176721771
ground_392_gt.ply,81.8359375,32.06360946745562,46.07490741210493
ground_768_gt.ply,86.62109375,29.511834319526624,44.02450553551437
ground_780_gt.ply,88.8671875,33.78944773175542,48.962262521317726
ground_637_gt.ply,87.548828125,34.0853057199211,49.06728856006987
ground_592_gt.ply,84.619140625,31.8663708086785,46.297687660550416
ground_512_gt.ply,86.376953125,31.22534516765286,45.86900451803159
ground_17_gt.ply,88.818359375,36.72337278106509,51.962158958839154
ground_733_gt.ply,79.052734375,24.00147928994083,36.822998292601554
ground_794_gt.ply,86.5234375,30.473372781065088,45.07235639847878
ground_548_gt.ply,83.251953125,31.91568047337278,46.14217817460218
ground_332_gt.ply,89.84375,32.273175542406314,47.4879809208949
ground_423_gt.ply,85.3515625,31.755424063116372,46.288870394189296
ground_153_gt.ply,87.3046875,31.139053254437872,45.90509040170949
ground_136_gt.ply,87.890625,32.33481262327416,47.27663208218247
ground_379_gt.ply,91.69921875,31.89102564102564,47.323834511822035
ground_619_gt.ply,86.5234375,30.004930966469427,44.557901279054775
ground_391_gt.ply,92.67578125,35.86045364891518,51.711419126384826
ground_537_gt.ply,89.990234375,32.642998027613416,47.9079118385041
ground_344_gt.ply,87.060546875,32.55670611439842,47.39123442367287
ground_359_gt.ply,86.42578125,30.806213017751478,45.42191820659808
ground_471_gt.ply,86.328125,30.3870808678501,44.951464482100775
ground_519_gt.ply,83.49609375,34.294871794871796,48.619821007206475
ground_560_gt.ply,86.376953125,31.02810650887574,45.655839873213694
ground_553_gt.ply,87.060546875,32.18688362919132,46.99820665504216
ground_382_gt.ply,83.203125,28.488658777120317,42.44440113956969
ground_510_gt.ply,89.599609375,32.32248520710059,47.5070914506845
ground_481_gt.ply,90.185546875,38.28895463510848,53.755574412836005
ground_427_gt.ply,89.453125,29.99260355029586,44.92303152272772
ground_66_gt.ply,85.05859375,34.94822485207101,49.5412993128819
ground_788_gt.ply,81.005859375,32.32248520710059,46.20751676894171
ground_719_gt.ply,88.623046875,33.07445759368836,48.171229451049314
ground_329_gt.ply,90.673828125,30.066568047337277,45.15888484483018
ground_808_gt.ply,85.400390625,34.023668639053255,48.660790969199766
ground_45_gt.ply,92.08984375,36.84664694280079,52.63369495232277
ground_399_gt.ply,90.4296875,31.607495069033533,46.84237773407536
ground_801_gt.ply,83.88671875,28.821499013806708,42.90265660648216
ground_100_gt.ply,86.5234375,31.04043392504931,45.68963257388335
ground_50_gt.ply,93.603515625,36.30424063116371,52.31719264663472
ground_318_gt.ply,87.744140625,32.951183431952664,47.91027813884679
ground_805_gt.ply,84.1796875,30.498027613412226,44.774425987201234
ground_404_gt.ply,91.259765625,32.19921104536489,47.602734650161196
ground_500_gt.ply,88.916015625,32.44575936883629,47.54293758724208
ground_243_gt.ply,83.642578125,29.536489151873766,43.656625926773714
ground_724_gt.ply,88.671875,33.25936883629191,48.37432151500407
ground_538_gt.ply,91.259765625,34.80029585798817,50.386566630530204
ground_335_gt.ply,91.69921875,36.58777120315582,52.30569423069704
ground_7_gt.ply,87.841796875,29.252958579881653,43.889795671623745
ground_176_gt.ply,89.794921875,33.3086785009862,48.59240793316377
ground_267_gt.ply,83.69140625,30.251479289940832,44.4396125465933
ground_107_gt.ply,88.4765625,32.58136094674556,47.62491766031179
ground_585_gt.ply,91.455078125,35.36735700197239,51.00870984620034
ground_73_gt.ply,86.669921875,31.348619329388562,46.043314218938846
ground_54_gt.ply,85.205078125,31.44723865877712,45.93932637794398
ground_197_gt.ply,85.546875,31.41025641025641,45.94930204675858
ground_345_gt.ply,89.599609375,32.39644970414201,47.586934537695114
ground_730_gt.ply,88.57421875,32.08826429980276,47.109803636735144
ground_704_gt.ply,88.28125,32.06360946745562,47.04173548957093
ground_672_gt.ply,83.203125,30.04191321499014,44.144645979467015
ground_222_gt.ply,84.619140625,30.189842209072975,44.502415059772524
ground_726_gt.ply,85.009765625,29.351577909270215,43.63661149264604
ground_767_gt.ply,88.037109375,31.176035502958584,46.04606396824128
ground_55_gt.ply,89.306640625,31.92800788954635,47.039079362229636
ground_205_gt.ply,89.501953125,32.03895463510848,47.18656572131762
ground_770_gt.ply,86.81640625,31.28698224852071,45.99738239107567
ground_476_gt.ply,92.28515625,31.545857988165682,47.01914865817067
ground_33_gt.ply,87.59765625,31.755424063116372,46.6129690805835
ground_363_gt.ply,84.814453125,28.53796844181459,42.70631634039349
ground_67_gt.ply,88.623046875,36.785009861932934,51.99027459822433
ground_203_gt.ply,84.27734375,30.535009861932938,44.8280945662331
ground_760_gt.ply,87.255859375,35.120808678500985,50.083016508470656
ground_437_gt.ply,88.37890625,34.196252465483234,49.3122329584472
ground_460_gt.ply,87.548828125,31.360946745562128,46.17978865830338
ground_58_gt.ply,86.1328125,29.166666666666668,43.57707509881423
ground_304_gt.ply,89.208984375,32.44575936883629,47.58471641129368
ground_6_gt.ply,84.423828125,31.65680473372781,46.04710667074861
ground_527_gt.ply,85.595703125,30.806213017751478,45.3064614613248
ground_356_gt.ply,89.6484375,34.5414201183432,49.868554518467505
ground_76_gt.ply,87.255859375,34.467455621301774,49.4151422149115
ground_248_gt.ply,89.306640625,36.43984220907298,51.76001458254033
ground_104_gt.ply,91.30859375,32.642998027613416,48.092746578567464
ground_522_gt.ply,88.8671875,31.31163708086785,46.30727806003879
ground_11_gt.ply,90.33203125,37.32741617357002,52.82587998497209
ground_216_gt.ply,85.83984375,34.06065088757396,48.769789633485146
ground_129_gt.ply,83.984375,30.35009861932939,44.58732319386512
ground_386_gt.ply,86.181640625,33.75246548323471,48.507350325498926
ground_591_gt.ply,85.83984375,31.94033530571992,46.55712725090232
ground_79_gt.ply,90.185546875,35.23175542406312,50.66916720483654
ground_204_gt.ply,87.841796875,36.31656804733728,51.38779969608612
ground_787_gt.ply,87.939453125,34.40581854043393,49.46049529462237
ground_111_gt.ply,91.064453125,34.88658777120315,50.44703107138352
ground_110_gt.ply,85.302734375,35.67554240631164,50.31021103186614
ground_338_gt.ply,86.1328125,28.081854043392507,42.354789313383904
ground_340_gt.ply,91.845703125,36.69871794871795,52.44287578771025
ground_432_gt.ply,88.28125,30.226824457593686,45.03426216079161
ground_114_gt.ply,88.4765625,32.76627218934911,47.82216015785109
ground_239_gt.ply,88.427734375,30.485700197238657,45.340232732738805
ground_227_gt.ply,85.15625,31.92800788954635,46.442954345050865
ground_78_gt.ply,87.6953125,30.17751479289941,44.903081584030275
ground_127_gt.ply,88.720703125,32.90187376725838,48.00222868731149
ground_242_gt.ply,80.46875,28.488658777120317,42.079685754288704
ground_487_gt.ply,87.255859375,32.06360946745562,46.89490869995811
ground_797_gt.ply,79.638671875,28.698224852071007,42.192246251003425
ground_665_gt.ply,86.71875,32.70463510848126,47.496645204578
ground_631_gt.ply,87.548828125,29.672090729783037,44.32240928992143
ground_737_gt.ply,86.083984375,31.952662721893493,46.60607677602383
ground_660_gt.ply,81.93359375,28.291420118343197,42.05974018484831
ground_611_gt.ply,82.6171875,29.228303747534518,43.18028780744869
ground_774_gt.ply,79.78515625,26.836785009861934,40.16391110420615
ground_191_gt.ply,89.2578125,30.52268244575937,45.48967455802091
ground_51_gt.ply,86.71875,32.07593688362919,46.83012724890716
ground_646_gt.ply,85.83984375,31.45956607495069,46.04429366433436
ground_651_gt.ply,84.27734375,34.035996055226825,48.48926324186603
ground_348_gt.ply,87.646484375,34.196252465483234,49.19753749989132
ground_693_gt.ply,84.375,30.1405325443787,44.415065396415315
ground_193_gt.ply,90.478515625,30.84319526627219,46.00407469237383
ground_791_gt.ply,83.740234375,30.189842209072975,44.37993088623025
ground_347_gt.ply,87.255859375,31.755424063116372,46.56443887332013
ground_25_gt.ply,85.107421875,31.45956607495069,45.93826449551662
ground_262_gt.ply,85.7421875,30.83086785009862,45.35363758034401
ground_515_gt.ply,82.568359375,29.2776134122288,43.227385763133356
ground_187_gt.ply,89.404296875,32.61834319526627,47.798015793149986
ground_141_gt.ply,91.69921875,35.99605522682446,51.6982350181687
ground_412_gt.ply,85.400390625,26.9723865877712,40.996625834435335
ground_301_gt.ply,91.30859375,36.30424063116371,51.95228481944078
ground_482_gt.ply,89.306640625,31.68145956607495,46.77095878808816
ground_64_gt.ply,85.302734375,33.086785009861934,47.67978192130197
ground_168_gt.ply,85.498046875,31.323964497041416,45.849883141454484
ground_552_gt.ply,84.228515625,33.456607495069036,47.890511773231204
ground_233_gt.ply,92.724609375,34.93589743589743,50.750502623449215
ground_381_gt.ply,91.69921875,35.31804733727811,50.99522999303948
ground_618_gt.ply,84.814453125,31.20069033530572,45.619380521937494
ground_333_gt.ply,90.72265625,35.23175542406312,50.75357653517659
ground_323_gt.ply,89.208984375,32.642998027613416,47.796492819899576
ground_465_gt.ply,88.330078125,33.27169625246548,48.33632641262122
ground_663_gt.ply,84.521484375,29.820019723865876,44.08604471345101
ground_644_gt.ply,86.81640625,31.65680473372781,46.395805389586634
ground_189_gt.ply,90.185546875,34.578402366863905,49.98995537523475
ground_684_gt.ply,87.20703125,34.442800788954635,49.381973725669646
ground_138_gt.ply,84.66796875,34.01134122287968,48.52861339457433
ground_658_gt.ply,83.544921875,29.178994082840237,43.25181147812001
ground_727_gt.ply,82.568359375,32.82790927021696,46.97806336332552
ground_563_gt.ply,90.33203125,35.293392504930964,50.75602914412142
ground_342_gt.ply,88.134765625,29.203648915187376,43.870658430505756
ground_235_gt.ply,84.326171875,30.58431952662722,44.888130815978116
ground_456_gt.ply,86.279296875,30.6336291913215,45.21395668187049
ground_493_gt.ply,81.982421875,30.39940828402367,44.3526700208501
ground_274_gt.ply,85.7421875,34.22090729783038,48.91796856184069
ground_642_gt.ply,83.935546875,31.87869822485207,46.20771765785948
ground_464_gt.ply,92.578125,37.11785009861933,52.99009415748358
ground_725_gt.ply,86.767578125,27.785996055226825,42.092507383658514
ground_686_gt.ply,87.20703125,36.624753451676526,51.585076101074044
ground_385_gt.ply,95.01953125,34.578402366863905,50.704876113020944
ground_292_gt.ply,86.71875,30.84319526627219,45.502536274625456
ground_157_gt.ply,92.7734375,39.43540433925049,55.345133787693804
ground_137_gt.ply,89.84375,30.62130177514793,45.67519858781995
ground_649_gt.ply,82.275390625,27.625739644970416,41.36296897058476
ground_689_gt.ply,84.033203125,33.210059171597635,47.606107054582026
ground_403_gt.ply,88.4765625,33.604536489151876,48.70883204008798
ground_255_gt.ply,85.7421875,29.721400394477314,44.14167153223788
ground_570_gt.ply,73.095703125,24.83974358974359,37.07908799202281
ground_526_gt.ply,87.109375,29.647435897435898,44.238440422063995
ground_564_gt.ply,86.62109375,30.473372781065088,45.08559556650003
ground_123_gt.ply,85.498046875,29.178994082840237,43.50909271851876
ground_603_gt.ply,87.5,30.1405325443787,44.83652939327256
ground_716_gt.ply,84.130859375,31.65680473372781,46.00341854749161
ground_657_gt.ply,86.181640625,31.126725838264303,45.73505506729992
ground_769_gt.ply,87.939453125,35.392011834319526,50.47137268222974
ground_101_gt.ply,83.3984375,31.44723865877712,45.672604412302384
ground_291_gt.ply,82.421875,27.44082840236686,41.17365508825819
ground_462_gt.ply,70.361328125,15.409270216962526,25.281780443684898
ground_698_gt.ply,87.939453125,32.40877712031558,47.36272615893324
ground_365_gt.ply,86.9140625,32.08826429980276,46.871712240742475
ground_753_gt.ply,83.984375,30.029585798816566,44.24047681796988
ground_238_gt.ply,91.259765625,34.49211045364892,50.06274282449547
ground_130_gt.ply,87.744140625,33.56755424063117,48.558487341053635
ground_457_gt.ply,89.111328125,30.473372781065088,45.41588849399729
ground_231_gt.ply,81.298828125,28.957100591715978,42.70388670078537
ground_221_gt.ply,88.28125,32.679980276134124,47.70172231493395
ground_559_gt.ply,89.35546875,32.22386587771203,47.36625100403833
ground_24_gt.ply,86.71875,34.73865877712032,49.605752274140144
ground_542_gt.ply,86.71875,32.532051282051285,47.31437930455233
ground_739_gt.ply,87.79296875,33.616863905325445,48.617549629474496
ground_549_gt.ply,89.013671875,32.532051282051285,47.64951432309103
ground_230_gt.ply,83.3984375,30.904832347140037,45.09783022651519
ground_470_gt.ply,87.40234375,31.4965483234714,46.3061025296257
ground_506_gt.ply,85.25390625,33.16074950690335,47.74887722420218
ground_517_gt.ply,86.865234375,30.941814595660748,45.63000262419343
ground_215_gt.ply,88.818359375,34.93589743589743,50.14694724062927
ground_212_gt.ply,90.185546875,33.92504930966469,49.30359242173223
ground_41_gt.ply,90.966796875,33.07445759368836,48.51091644571086
ground_703_gt.ply,89.74609375,36.45216962524655,51.84603567563772
ground_525_gt.ply,88.57421875,35.36735700197239,50.55020475084115
ground_409_gt.ply,88.671875,32.951183431952664,48.04752085748493
ground_360_gt.ply,88.8671875,32.22386587771203,47.29737253167819
ground_281_gt.ply,86.474609375,30.078895463510847,44.632904677425614
ground_317_gt.ply,86.23046875,31.91568047337278,46.58813013856078
ground_122_gt.ply,87.98828125,29.598126232741617,44.29573640680721
ground_13_gt.ply,90.0390625,34.76331360946745,50.16020150200483
ground_635_gt.ply,89.35546875,35.1947731755424,50.49922675430118
ground_623_gt.ply,91.162109375,35.61390532544378,51.21850123180495
ground_543_gt.ply,80.859375,33.44428007889546,47.3175347304138
ground_520_gt.ply,86.669921875,33.11143984220907,47.9167353443223
ground_4_gt.ply,92.578125,36.19329388560158,52.041164328237656
ground_396_gt.ply,91.6015625,36.58777120315582,52.289795317331766
ground_734_gt.ply,85.9375,33.357988165680474,48.060528559249796
ground_84_gt.ply,91.2109375,33.740138067061146,49.2587936599939
ground_167_gt.ply,85.64453125,29.142011834319526,43.48687356842609
ground_587_gt.ply,89.306640625,31.854043392504934,46.95875776496259
ground_352_gt.ply,78.466796875,23.064595660749507,35.65015504103916
ground_244_gt.ply,85.15625,29.26528599605523,43.56036630529931
ground_744_gt.ply,87.744140625,31.78007889546351,46.66026221070163
ground_173_gt.ply,87.98828125,34.76331360946745,49.83665130467121
ground_655_gt.ply,87.158203125,34.714003944773175,49.65217714270813
ground_98_gt.ply,92.333984375,36.67406311637081,52.496916845148746
ground_71_gt.ply,92.138671875,34.048323471400394,49.72251372834852
ground_139_gt.ply,93.1640625,37.59861932938856,53.57553198070936
ground_706_gt.ply,81.201171875,30.756903353057197,44.61485409474916
ground_799_gt.ply,87.3046875,30.276134122287967,44.960536791374125
ground_609_gt.ply,84.814453125,29.228303747534518,43.474617171685615
ground_395_gt.ply,89.404296875,35.515285996055226,50.836211582124534
ground_674_gt.ply,83.056640625,30.904832347140037,45.047707560954386
ground_371_gt.ply,87.353515625,29.73372781065089,44.365988654001335
ground_30_gt.ply,89.35546875,32.815581854043394,48.002398021041415
ground_647_gt.ply,67.48046875,22.287968441814595,33.50849374207433
ground_150_gt.ply,94.287109375,36.30424063116371,52.423409467859706
ground_18_gt.ply,90.576171875,33.86341222879685,49.29650429803862
ground_305_gt.ply,86.572265625,32.963510848126234,47.74680687698753
ground_547_gt.ply,84.765625,27.810650887573964,41.88071039934299
ground_558_gt.ply,84.9609375,32.9758382642998,47.511187509186826
ground_236_gt.ply,87.353515625,33.93737672583826,48.88329388354995
ground_311_gt.ply,87.548828125,35.82347140039448,50.842903188789556
ground_418_gt.ply,89.0625,40.544871794871796,55.722565687789796
ground_666_gt.ply,88.427734375,32.679980276134124,47.7230806239339
ground_490_gt.ply,86.962890625,34.78796844181459,49.69594987434572
ground_574_gt.ply,86.962890625,31.126725838264303,45.84433645661643
ground_184_gt.ply,87.98828125,31.9896449704142,46.9205289241869
ground_190_gt.ply,74.560546875,26.910749506903354,39.54773954003984
ground_532_gt.ply,84.423828125,33.01282051282051,47.465058262881264
ground_299_gt.ply,83.203125,30.867850098619332,45.0298875417919
ground_149_gt.ply,92.67578125,36.7603550295858,52.64054875734943
ground_300_gt.ply,86.376953125,36.612426035502956,51.42671390078486
ground_253_gt.ply,83.203125,29.820019723865876,43.904615017553425
ground_42_gt.ply,87.20703125,35.49063116370809,50.44973995576187
ground_384_gt.ply,90.72265625,32.01429980276134,47.32759243013695
ground_776_gt.ply,86.376953125,33.14842209072978,47.91049090506214
ground_757_gt.ply,83.740234375,28.439349112426036,42.459023043421155
ground_172_gt.ply,89.453125,35.798816568047336,51.1339939840189
ground_74_gt.ply,89.697265625,33.97435897435898,49.28223610281537
ground_200_gt.ply,84.1796875,30.76923076923077,45.06600444386354
ground_331_gt.ply,90.33203125,32.70463510848126,48.02269450362965
ground_705_gt.ply,87.109375,34.12228796844182,49.03621885108899
ground_328_gt.ply,92.236328125,36.600098619329394,52.40534514914914
ground_648_gt.ply,87.841796875,33.96203155818541,48.985092110350564
ground_120_gt.ply,89.74609375,33.54289940828402,48.833948884274854
ground_700_gt.ply,85.205078125,27.490138067061142,41.568745166238664
ground_524_gt.ply,88.525390625,36.66173570019724,51.85029114606694
ground_156_gt.ply,91.943359375,33.17307692307692,48.755291045000156
ground_417_gt.ply,90.576171875,31.632149901380668,46.8890989516389
ground_92_gt.ply,89.794921875,33.3086785009862,48.59240793316377
ground_280_gt.ply,77.978515625,27.773668639053255,40.95895454085968
ground_475_gt.ply,89.55078125,32.371794871794876,47.55344930274589
ground_680_gt.ply,90.4296875,32.01429980276134,47.28763233651623
ground_229_gt.ply,86.279296875,34.65236686390533,49.44580692327724
ground_330_gt.ply,85.44921875,33.468934911242606,48.09853252022644
ground_613_gt.ply,82.8125,28.365384615384613,42.256756756756744
ground_307_gt.ply,93.65234375,36.32889546351085,52.350419592751265
ground_21_gt.ply,84.423828125,28.920118343195266,43.08209086482946
ground_297_gt.ply,84.47265625,31.4965483234714,45.88454511481128
ground_282_gt.ply,87.255859375,31.4965483234714,46.285518661464394
ground_91_gt.ply,87.646484375,30.39940828402367,45.14178686201419
ground_8_gt.ply,88.0859375,30.954142011834318,45.81019484869373
ground_441_gt.ply,92.822265625,34.89891518737673,50.72606367937866
ground_694_gt.ply,85.791015625,31.595167652859963,46.182292431553016
ground_751_gt.ply,91.162109375,33.75246548323471,49.26480282305847
ground_259_gt.ply,77.34375,19.57593688362919,31.24393850263128
ground_472_gt.ply,89.84375,37.06854043392505,52.48312308009859
ground_567_gt.ply,87.451171875,31.817061143984223,46.658514379383156
ground_99_gt.ply,85.7421875,33.97435897435898,48.66555113992889
ground_246_gt.ply,88.28125,35.959072978303745,51.10276334230469
ground_584_gt.ply,83.88671875,31.43491124260355,45.73247115061807
ground_804_gt.ply,85.400390625,29.191321499013807,43.510131974951406
ground_174_gt.ply,91.9921875,31.97731755424063,47.457854912136234
ground_586_gt.ply,87.255859375,33.456607495069036,48.36758148429753
ground_616_gt.ply,85.693359375,32.519723865877715,47.147478225164555
ground_270_gt.ply,86.083984375,30.892504930966467,45.46810949037921
ground_302_gt.ply,86.5234375,34.38116370808679,49.20865607346208
ground_171_gt.ply,93.701171875,37.82051282051282,53.889613418499934
ground_206_gt.ply,91.40625,34.88658777120315,50.49933503337034
ground_588_gt.ply,88.57421875,33.43195266272189,48.541955773211
ground_766_gt.ply,89.892578125,32.33481262327416,47.56151059268113
ground_748_gt.ply,88.818359375,34.282544378698226,49.47030044570455
ground_128_gt.ply,86.42578125,31.348619329388562,46.00879144063182
ground_682_gt.ply,87.5,35.09615384615385,50.09803921568627
ground_771_gt.ply,84.27734375,28.168145956607493,42.22377484022262
ground_429_gt.ply,92.48046875,32.56903353057199,48.172914449251955
ground_208_gt.ply,84.08203125,31.64447731755424,45.98310211962085
ground_546_gt.ply,87.40234375,30.251479289940832,44.94626903790145
ground_46_gt.ply,89.404296875,32.66765285996055,47.85093612156682
ground_735_gt.ply,85.595703125,31.743096646942803,46.311581201456704
ground_720_gt.ply,81.54296875,28.377712031558183,42.10313962637097
ground_424_gt.ply,92.28515625,31.82938856015779,47.333374200567064
ground_718_gt.ply,81.494140625,28.217455621301774,41.92004081901376
ground_65_gt.ply,89.794921875,31.08974358974359,46.18784501776227
ground_671_gt.ply,83.935546875,28.427021696252464,42.47032873032593
ground_296_gt.ply,87.40234375,33.740138067061146,48.68592918482574
ground_346_gt.ply,89.990234375,34.578402366863905,49.95990346679902
ground_495_gt.ply,81.8359375,31.06508875739645,45.03485479726894
ground_59_gt.ply,91.11328125,33.00049309664694,48.452046917944806
ground_1_gt.ply,90.673828125,33.197731755424066,48.60139690235523
ground_749_gt.ply,86.279296875,31.52120315581854,46.173441440852216
ground_183_gt.ply,88.8671875,33.222386587771204,48.36416344561016
ground_758_gt.ply,85.3515625,29.770710059171595,44.143962133456476
ground_667_gt.ply,88.427734375,33.80177514792899,48.90822855873168
ground_511_gt.ply,83.984375,27.588757396449704,41.5337366120445
ground_245_gt.ply,88.8671875,30.58431952662722,45.50704341179772
ground_116_gt.ply,87.6953125,31.114398422090726,45.93205171021785
ground_494_gt.ply,85.009765625,30.57199211045365,44.97107389467948
ground_401_gt.ply,76.416015625,19.859467455621303,31.525811698542412
ground_362_gt.ply,91.259765625,32.679980276134124,48.1260844767043
ground_218_gt.ply,89.404296875,33.33333333333333,48.56119878000265
ground_650_gt.ply,88.134765625,30.71992110453649,45.55971869629231
ground_119_gt.ply,90.33203125,30.30078895463511,45.379554421535175
ground_413_gt.ply,85.009765625,26.849112426035504,40.809219515597036
ground_554_gt.ply,86.181640625,35.72485207100592,50.51127785691093
ground_800_gt.ply,92.138671875,38.104043392504934,53.912511637089914
ground_188_gt.ply,92.28515625,34.36883629191321,50.08501293443663
ground_761_gt.ply,90.0390625,33.39497041420118,48.71998033799916
ground_605_gt.ply,89.6484375,33.456607495069036,48.728020628299454
ground_32_gt.ply,90.0390625,35.18244575936883,50.59505314485241
ground_702_gt.ply,85.15625,29.252958579881653,43.54670895793769
ground_314_gt.ply,90.625,31.71844181459566,46.99040253917073
ground_214_gt.ply,85.25390625,33.357988165680474,47.95301196014908
ground_364_gt.ply,86.767578125,30.71992110453649,45.37492366271421
ground_251_gt.ply,78.80859375,24.8767258382643,37.816342529551314
ground_85_gt.ply,89.94140625,34.39349112426036,49.759142813323486
ground_446_gt.ply,88.330078125,32.70463510848126,47.735114943580534
ground_566_gt.ply,84.08203125,29.83234714003945,44.03946858931328
ground_298_gt.ply,85.595703125,31.484220907297832,46.03545907938172
ground_97_gt.ply,86.669921875,27.65039447731755,41.925313113664444
ground_450_gt.ply,91.259765625,35.46597633136095,51.08065082430298
ground_750_gt.ply,87.060546875,32.19921104536489,47.011346852219575
ground_3_gt.ply,91.455078125,32.45808678500986,47.91188837549111
ground_683_gt.ply,85.009765625,28.685897435897434,42.896647983173835
ground_690_gt.ply,84.5703125,27.699704142011832,41.731046373977044
ground_309_gt.ply,87.01171875,31.41025641025641,46.157993783435174
ground_736_gt.ply,89.16015625,33.67850098619329,48.889827970376594
ground_87_gt.ply,87.40234375,34.319526627218934,49.286246659102666
ground_485_gt.ply,88.818359375,31.077416173570022,46.044076290784716
ground_372_gt.ply,91.162109375,36.378205128205124,52.004167116590914
ground_154_gt.ply,89.2578125,31.385601577909274,46.44116153794573
ground_194_gt.ply,86.669921875,33.99901380670612,48.83927837445897
ground_117_gt.ply,84.1796875,32.43343195266272,46.82554037045479
ground_550_gt.ply,83.251953125,27.366863905325445,41.19271805989056
ground_247_gt.ply,85.205078125,31.607495069033533,46.11008923190318
ground_219_gt.ply,85.009765625,31.87869822485207,46.369001272972206
ground_31_gt.ply,91.064453125,31.04043392504931,46.29921387157404
ground_504_gt.ply,88.037109375,33.01282051282051,48.01908258778507
ground_654_gt.ply,86.328125,33.81410256410257,48.594205919132975
ground_252_gt.ply,85.205078125,32.84023668639053,47.40814892955658
ground_135_gt.ply,88.037109375,31.97731755424063,46.914203151619425
ground_679_gt.ply,81.34765625,30.645956607495066,44.51998073731371
ground_213_gt.ply,88.671875,35.133136094674555,50.326251330209296
ground_713_gt.ply,85.205078125,30.42406311637081,44.83791277665937
ground_81_gt.ply,87.353515625,30.325443786982248,45.02137240026418
ground_414_gt.ply,88.818359375,30.448717948717945,45.35040572742255
ground_202_gt.ply,84.326171875,30.35009861932939,44.63534821222366
ground_577_gt.ply,89.794921875,34.849605522682445,50.21187324654293
ground_19_gt.ply,92.08984375,34.80029585798817,50.51225915451909
ground_224_gt.ply,91.2109375,32.43343195266272,47.85149130268164
ground_389_gt.ply,85.107421875,28.883136094674555,43.129348473519464
ground_772_gt.ply,85.7421875,29.99260355029586,44.44007569176079
ground_447_gt.ply,87.890625,31.20069033530572,46.05286567337987
ground_497_gt.ply,86.669921875,30.941814595660748,45.603010960485754
ground_269_gt.ply,86.42578125,30.485700197238657,45.07256984317104
ground_489_gt.ply,85.595703125,28.550295857988168,42.81854239596227
ground_377_gt.ply,92.041015625,34.40581854043393,50.08818928163675
ground_523_gt.ply,80.2734375,27.120315581854044,40.54315815149743
ground_94_gt.ply,87.109375,34.985207100591715,49.92096245953467
ground_773_gt.ply,87.939453125,34.40581854043393,49.46049529462237
ground_182_gt.ply,87.20703125,34.93589743589743,49.88673404538837
ground_357_gt.ply,87.060546875,26.787475345167657,40.96921856825632
ground_421_gt.ply,83.7890625,26.09714003944773,39.79853425277041
ground_561_gt.ply,87.255859375,30.58431952662722,45.29288920926105
ground_75_gt.ply,87.79296875,30.8801775147929,45.68956912124886
ground_430_gt.ply,91.259765625,34.553747534516766,50.1276345008715
ground_121_gt.ply,87.109375,30.39940828402367,45.07022168020614
ground_353_gt.ply,88.37890625,30.41173570019724,45.25198103524596
ground_225_gt.ply,88.18359375,32.112919132149905,47.08087619547796
ground_369_gt.ply,91.30859375,37.89447731755424,53.56051378915026
ground_20_gt.ply,90.966796875,35.41666666666667,50.9835801674179
ground_12_gt.ply,91.650390625,31.817061143984223,47.23586727685574
ground_480_gt.ply,89.0625,32.544378698224854,47.66973314072834
ground_668_gt.ply,88.18359375,33.56755424063117,48.62553848879833
ground_628_gt.ply,88.525390625,32.33481262327416,47.3679812101822
ground_664_gt.ply,89.208984375,33.12376725838264,48.30983683992993
ground_453_gt.ply,87.744140625,31.804733727810653,46.68683070185826
ground_27_gt.ply,89.2578125,35.687869822485204,50.98889587746154
ground_142_gt.ply,90.185546875,35.05917159763314,50.49044146652611
ground_710_gt.ply,85.400390625,32.49506903353057,47.07715796498962
mean_metrics,87.30438609182099,32.23310383032605,47.043834775079645
