base_name,Chamfer_Distance
ground_779_gt.ply,50.91127640972439
ground_679_gt.ply,44.81694748879595
ground_128_gt.ply,44.849194776634214
ground_704_gt.ply,41.39125505771922
ground_604_gt.ply,42.80298039796042
ground_155_gt.ply,45.20439333771861
ground_62_gt.ply,41.451517099905224
ground_281_gt.ply,42.30113764320795
ground_767_gt.ply,43.7771486080153
ground_381_gt.ply,40.62438292334109
ground_667_gt.ply,41.07169958301862
ground_136_gt.ply,42.83624946145902
ground_147_gt.ply,42.109410808564604
ground_616_gt.ply,44.07693519351164
ground_716_gt.ply,44.59393422497676
ground_803_gt.ply,43.28623795370217
ground_13_gt.ply,43.954495367081385
ground_70_gt.ply,41.01596531085624
ground_124_gt.ply,40.0910528639322
ground_675_gt.ply,41.989648271470585
ground_393_gt.ply,39.95128370067984
ground_775_gt.ply,45.200106798797194
ground_293_gt.ply,43.353611602885934
ground_159_gt.ply,43.049930879250674
ground_608_gt.ply,45.200657546892174
ground_708_gt.ply,43.10349003382133
ground_58_gt.ply,41.62373468705613
ground_25_gt.ply,42.902696366304475
ground_620_gt.ply,42.798697061500384
ground_171_gt.ply,39.14474710481344
ground_497_gt.ply,43.098646784268766
ground_720_gt.ply,42.8064682960793
ground_597_gt.ply,40.756893874985835
ground_6_gt.ply,42.70343249424859
ground_643_gt.ply,45.25858801874774
ground_112_gt.ply,41.89030263041455
ground_743_gt.ply,43.633840108201206
ground_46_gt.ply,44.060678156301265
ground_489_gt.ply,43.41368264673182
ground_589_gt.ply,42.80299740481162
ground_37_gt.ply,39.142775153657965
ground_585_gt.ply,40.90672419033432
ground_732_gt.ply,42.941377245063975
ground_485_gt.ply,42.35740154477681
ground_163_gt.ply,45.77366414614398
ground_632_gt.ply,51.5932890161868
ground_751_gt.ply,41.6934601958443
ground_100_gt.ply,44.26262138642844
ground_651_gt.ply,42.56604759550492
ground_54_gt.ply,43.552829738161336
ground_29_gt.ply,40.799558663336356
ground_260_gt.ply,40.19836828402103
ground_531_gt.ply,43.80470037865421
ground_786_gt.ply,43.700665705555984
ground_360_gt.ply,41.454249763067146
ground_431_gt.ply,42.689900169416426
ground_686_gt.ply,43.01698096751031
ground_83_gt.ply,43.409078346293086
ground_203_gt.ply,44.093212017874905
ground_552_gt.ply,42.32256127290757
ground_303_gt.ply,40.31817913128336
ground_452_gt.ply,42.48854088896741
ground_798_gt.ply,43.60384211776739
ground_698_gt.ply,43.974027008953705
ground_694_gt.ply,44.31399831780755
ground_423_gt.ply,40.869793116705495
ground_372_gt.ply,42.00433365911114
ground_794_gt.ply,42.2803006145312
ground_523_gt.ply,44.62270155220661
ground_272_gt.ply,43.268752337061606
ground_91_gt.ply,42.507442785994414
ground_440_gt.ply,41.51376506536227
ground_311_gt.ply,42.27800679346538
ground_540_gt.ply,45.507983371423684
ground_211_gt.ply,41.1962583841958
ground_339_gt.ply,40.081925177626474
ground_468_gt.ply,41.49756708652659
ground_239_gt.ply,38.79179048751898
ground_568_gt.ply,46.11252131940828
ground_344_gt.ply,46.411519640365114
ground_415_gt.ply,42.44083221102701
ground_244_gt.ply,44.173396981090804
ground_515_gt.ply,44.99010358712852
ground_190_gt.ply,48.000493794622926
ground_327_gt.ply,40.30581413857899
ground_476_gt.ply,39.31587667128047
ground_227_gt.ply,47.42752372930014
ground_576_gt.ply,41.19912272844735
ground_507_gt.ply,42.621976297949075
ground_256_gt.ply,42.45876985989696
ground_407_gt.ply,43.733282295356766
ground_356_gt.ply,40.177138755859055
ground_564_gt.ply,42.36868498804006
ground_235_gt.ply,45.90834101808468
ground_464_gt.ply,39.217121538466984
ground_335_gt.ply,40.161201921612644
ground_182_gt.ply,41.0914700179551
ground_519_gt.ply,40.21536356444384
ground_248_gt.ply,39.35909282404516
ground_419_gt.ply,43.29536200809957
ground_348_gt.ply,40.32354024785958
ground_442_gt.ply,43.778076274713804
ground_313_gt.ply,42.804853842849596
ground_542_gt.ply,42.64735604870564
ground_213_gt.ply,44.36221214639109
ground_688_gt.ply,44.46107510388049
ground_788_gt.ply,43.88146749395149
ground_93_gt.ply,41.49145585048911
ground_696_gt.ply,41.480028465562164
ground_421_gt.ply,38.288165184324
ground_370_gt.ply,38.130040345094976
ground_796_gt.ply,42.25830285549309
ground_521_gt.ply,41.096765374778066
ground_270_gt.ply,45.239195200214176
ground_201_gt.ply,45.59540838006834
ground_550_gt.ply,45.19735087494602
ground_301_gt.ply,40.08667551701921
ground_450_gt.ply,38.269415217643875
ground_81_gt.ply,42.17088630732459
ground_262_gt.ply,44.54234513880105
ground_533_gt.ply,43.52653735791042
ground_784_gt.ply,43.27303663859066
ground_362_gt.ply,42.20865231494575
ground_433_gt.ply,39.14717829496703
ground_684_gt.ply,41.59133709733638
ground_566_gt.ply,43.349515756233764
ground_237_gt.ply,42.97805450142006
ground_466_gt.ply,39.87577875185791
ground_337_gt.ply,40.69453228290299
ground_180_gt.ply,40.80216607774039
ground_578_gt.ply,42.76361640151338
ground_229_gt.ply,41.5076435083379
ground_478_gt.ply,43.14381283457032
ground_329_gt.ply,41.4232778553769
ground_505_gt.ply,43.89256536681285
ground_254_gt.ply,42.21234223189951
ground_405_gt.ply,39.35928118542518
ground_354_gt.ply,40.6156858721655
ground_192_gt.ply,43.5209470220245
ground_325_gt.ply,41.69967987565765
ground_474_gt.ply,44.11803227603085
ground_225_gt.ply,42.51251185930993
ground_574_gt.ply,45.06469134938398
ground_358_gt.ply,42.26551120758935
ground_409_gt.ply,45.971911490890655
ground_258_gt.ply,47.12968443702974
ground_509_gt.ply,42.8971559942304
ground_346_gt.ply,40.592345352851666
ground_417_gt.ply,42.2696875942499
ground_246_gt.ply,41.05938462348303
ground_517_gt.ply,47.08692702579667
ground_126_gt.ply,40.33787488746126
ground_677_gt.ply,42.96672382552898
ground_391_gt.ply,37.90507275846783
ground_777_gt.ply,45.94587966860981
ground_291_gt.ply,47.21035939628669
ground_72_gt.ply,40.95525618070399
ground_138_gt.ply,40.59813758235777
ground_669_gt.ply,42.6233621327771
ground_769_gt.ply,42.55311475249933
ground_801_gt.ply,42.49093072761877
ground_11_gt.ply,41.980823425470255
ground_145_gt.ply,39.507711195507206
ground_614_gt.ply,40.51268263702619
ground_714_gt.ply,43.14830723231713
ground_283_gt.ply,46.34488810432722
ground_765_gt.ply,44.953983036033904
ground_383_gt.ply,38.86811225600409
ground_665_gt.ply,43.444202777584145
ground_134_gt.ply,41.74624039637162
ground_60_gt.ply,46.533215152475506
ground_718_gt.ply,43.21669634996638
ground_618_gt.ply,45.782924758815106
ground_149_gt.ply,41.69777683541959
ground_706_gt.ply,42.51992080515947
ground_606_gt.ply,42.81465814388547
ground_157_gt.ply,39.638219872704326
ground_56_gt.ply,40.473073796861854
ground_753_gt.ply,46.81022000635257
ground_102_gt.ply,40.863211691514984
ground_653_gt.ply,44.95497001268216
ground_599_gt.ply,42.606050352820176
ground_499_gt.ply,44.32735086006246
ground_8_gt.ply,41.727759814973886
ground_48_gt.ply,38.01908858844606
ground_587_gt.ply,42.902897872023324
ground_730_gt.ply,43.814170162413056
ground_487_gt.ply,42.57997680120121
ground_161_gt.ply,41.56440124354725
ground_630_gt.ply,44.253373857157996
ground_35_gt.ply,40.462767159952776
ground_44_gt.ply,39.899789317383664
ground_4_gt.ply,38.11943548708703
ground_641_gt.ply,45.80633756360794
ground_110_gt.ply,43.6984830464049
ground_741_gt.ply,44.50262462338898
ground_39_gt.ply,43.4472268797233
ground_622_gt.ply,42.69520454168751
ground_173_gt.ply,41.59661469957092
ground_495_gt.ply,44.39863933267767
ground_722_gt.ply,45.76966293663264
ground_595_gt.ply,44.2645121909861
ground_27_gt.ply,43.57595037281193
ground_196_gt.ply,40.91352203823757
ground_470_gt.ply,44.507600581765836
ground_321_gt.ply,44.90139142611572
ground_570_gt.ply,55.32150046294742
ground_221_gt.ply,42.70913397450997
ground_413_gt.ply,44.572943183557456
ground_342_gt.ply,41.41740113845489
ground_513_gt.ply,43.56283110286892
ground_242_gt.ply,49.768653727397364
ground_188_gt.ply,41.354390630087515
ground_233_gt.ply,40.30176200179632
ground_562_gt.ply,44.784086746797904
ground_333_gt.ply,38.89742474957288
ground_462_gt.ply,37.365769294357456
ground_184_gt.ply,41.72282935236445
ground_250_gt.ply,42.79464834764149
ground_501_gt.ply,44.95457392123585
ground_350_gt.ply,44.32008444814156
ground_401_gt.ply,38.6584915949773
ground_529_gt.ply,42.451365108045664
ground_278_gt.ply,43.03561577735152
ground_429_gt.ply,39.66843119109563
ground_378_gt.ply,39.37338602017455
ground_554_gt.ply,45.050460079444925
ground_205_gt.ply,42.287379675526424
ground_454_gt.ply,39.454900843122786
ground_305_gt.ply,42.569892510961346
ground_85_gt.ply,42.42926051750409
ground_537_gt.ply,43.388411020011105
ground_266_gt.ply,41.508569830661024
ground_780_gt.ply,40.47147443850502
ground_437_gt.ply,42.54367118842417
ground_366_gt.ply,39.73128679957314
ground_680_gt.ply,43.08744930935312
ground_89_gt.ply,46.48502161855084
ground_317_gt.ply,41.85947730105634
ground_446_gt.ply,40.12094619105021
ground_217_gt.ply,44.952871242601205
ground_546_gt.ply,40.77060180562717
ground_97_gt.ply,37.936970507213054
ground_692_gt.ply,42.40860814121409
ground_374_gt.ply,43.65505003858844
ground_425_gt.ply,42.555995299985355
ground_792_gt.ply,45.32629601243406
ground_274_gt.ply,42.55088422085403
ground_525_gt.ply,43.18428318251554
ground_309_gt.ply,43.33348423964257
ground_458_gt.ply,39.426251210339274
ground_209_gt.ply,42.4585998084837
ground_558_gt.ply,42.76933115991578
ground_169_gt.ply,40.42471384851463
ground_638_gt.ply,42.34322896816645
ground_738_gt.ply,43.40340424058438
ground_40_gt.ply,49.49866842626773
ground_0_gt.ply,43.15331607170648
ground_114_gt.ply,42.647561873236775
ground_645_gt.ply,45.676839579052384
ground_745_gt.ply,41.02009749057609
ground_177_gt.ply,41.23124171162817
ground_626_gt.ply,44.352394790993976
ground_491_gt.ply,41.364077569413624
ground_726_gt.ply,42.46816804150605
ground_591_gt.ply,41.973673085556214
ground_23_gt.ply,40.278540700270874
ground_52_gt.ply,40.84126191130263
ground_757_gt.ply,42.71384218607155
ground_657_gt.ply,44.785635124885445
ground_106_gt.ply,41.01696921085579
ground_583_gt.ply,42.60904522197704
ground_734_gt.ply,44.074936192702715
ground_483_gt.ply,43.93323492454432
ground_634_gt.ply,43.29162056447819
ground_165_gt.ply,40.36738948930039
ground_31_gt.ply,40.69287943254281
ground_749_gt.ply,41.55246288778133
ground_649_gt.ply,43.24152711286058
ground_118_gt.ply,44.0811501476183
ground_809_gt.ply,47.18263278815544
ground_19_gt.ply,41.25136081310533
ground_287_gt.ply,43.24054127408411
ground_761_gt.ply,40.44964252893923
ground_387_gt.ply,37.11599890441901
ground_130_gt.ply,39.515833657904224
ground_661_gt.ply,41.36255499789718
ground_64_gt.ply,39.13191260440969
ground_702_gt.ply,45.43533203778295
ground_153_gt.ply,42.620635139606776
ground_602_gt.ply,40.9726913967724
ground_299_gt.ply,46.30278612530556
ground_399_gt.ply,41.03972872659011
ground_673_gt.ply,40.20288942960051
ground_122_gt.ply,42.62249075820904
ground_395_gt.ply,44.93933007329318
ground_773_gt.ply,41.32313925685005
ground_295_gt.ply,44.50135365573049
ground_76_gt.ply,40.588423039972625
ground_805_gt.ply,43.83389694915303
ground_15_gt.ply,44.432322436533205
ground_610_gt.ply,41.414844389698125
ground_141_gt.ply,39.63868402793721
ground_710_gt.ply,40.7711159182935
ground_68_gt.ply,41.25067673896629
ground_33_gt.ply,41.6171002947418
ground_581_gt.ply,43.454523822689296
ground_736_gt.ply,41.6852678965414
ground_481_gt.ply,38.97160075960346
ground_636_gt.ply,43.40361556927012
ground_167_gt.ply,43.15414772441118
ground_728_gt.ply,43.244036196689464
ground_628_gt.ply,44.24044706293903
ground_179_gt.ply,41.561473272701875
ground_755_gt.ply,46.63675503001174
ground_655_gt.ply,40.79119036286234
ground_104_gt.ply,40.81326904749207
ground_50_gt.ply,40.66193865165168
ground_21_gt.ply,42.840799442420014
ground_175_gt.ply,41.138157971291996
ground_624_gt.ply,43.96838964715412
ground_493_gt.ply,44.05504932955733
ground_724_gt.ply,42.3974100568664
ground_593_gt.ply,44.276116423139165
ground_108_gt.ply,42.73591032802171
ground_659_gt.ply,45.69399918314544
ground_759_gt.ply,45.50194740274303
ground_2_gt.ply,43.74048267144814
ground_116_gt.ply,42.91527419243542
ground_647_gt.ply,46.64810851489458
ground_747_gt.ply,43.605323232507295
ground_42_gt.ply,41.9835559313457
ground_612_gt.ply,44.372355736729915
ground_143_gt.ply,40.01990637755955
ground_712_gt.ply,39.98919746377293
ground_807_gt.ply,44.09945122797483
ground_17_gt.ply,41.52990512986918
ground_389_gt.ply,40.82407268612192
ground_289_gt.ply,41.11047929067195
ground_74_gt.ply,40.7937757006363
ground_671_gt.ply,43.77243779856635
ground_120_gt.ply,43.76766209252675
ground_397_gt.ply,42.88788686571926
ground_771_gt.ply,45.66236708664955
ground_297_gt.ply,44.961429095359534
ground_700_gt.ply,42.19249400357079
ground_151_gt.ply,41.18910142341818
ground_600_gt.ply,44.36028975799006
ground_78_gt.ply,43.46191152407511
ground_66_gt.ply,42.23003695404795
ground_285_gt.ply,43.98829355651086
ground_763_gt.ply,41.63251714411356
ground_385_gt.ply,39.88180349591052
ground_132_gt.ply,40.53415850783581
ground_663_gt.ply,44.59681765527018
ground_252_gt.ply,43.485981372162016
ground_503_gt.ply,41.88810552712763
ground_352_gt.ply,49.87794114049973
ground_403_gt.ply,40.39778700103368
ground_198_gt.ply,45.34113483739149
ground_231_gt.ply,43.84509077260511
ground_560_gt.ply,43.49184263925012
ground_331_gt.ply,43.56780691749749
ground_460_gt.ply,51.49456593193665
ground_186_gt.ply,42.195015642902575
ground_411_gt.ply,47.30978338046038
ground_340_gt.ply,39.87937548223124
ground_511_gt.ply,43.19486998648993
ground_240_gt.ply,45.50027262062824
ground_194_gt.ply,41.77120290575121
ground_472_gt.ply,41.933500104952934
ground_323_gt.ply,41.268460597826724
ground_572_gt.ply,43.86165479250543
ground_223_gt.ply,40.57302303290078
ground_690_gt.ply,43.18757114186423
ground_376_gt.ply,40.45280795474482
ground_427_gt.ply,41.13641489761173
ground_790_gt.ply,41.02479869217418
ground_276_gt.ply,44.94000441322971
ground_527_gt.ply,43.72204215408841
ground_95_gt.ply,42.25171992050017
ground_368_gt.ply,43.54320307973661
ground_439_gt.ply,42.36157383038465
ground_268_gt.ply,44.9227025658553
ground_539_gt.ply,40.719674973403755
ground_315_gt.ply,44.96139332113088
ground_444_gt.ply,42.828196023804
ground_215_gt.ply,45.756110364977296
ground_544_gt.ply,45.247058744963994
ground_535_gt.ply,42.04001162439819
ground_264_gt.ply,43.60101869155604
ground_782_gt.ply,44.360559499447305
ground_435_gt.ply,40.15261878478599
ground_364_gt.ply,43.02395745963764
ground_682_gt.ply,41.052162551259876
ground_87_gt.ply,42.4785674470597
ground_548_gt.ply,44.39170048572059
ground_219_gt.ply,42.75791463151587
ground_448_gt.ply,46.65299757847513
ground_319_gt.ply,39.10197403236017
ground_99_gt.ply,41.31803697804136
ground_556_gt.ply,43.063070499231024
ground_207_gt.ply,41.8872928229129
ground_456_gt.ply,42.56580205581298
ground_307_gt.ply,39.19053570862239
ground_226_gt.ply,41.71126507110902
ground_577_gt.ply,41.1112145423151
ground_191_gt.ply,40.90818028343336
ground_326_gt.ply,42.59323097144031
ground_477_gt.ply,38.78161362301824
ground_245_gt.ply,43.672943855915115
ground_514_gt.ply,42.35738587971452
ground_345_gt.ply,41.93446968811101
ground_414_gt.ply,42.69803979708601
ground_238_gt.ply,42.76813115630077
ground_569_gt.ply,43.68899142455826
ground_338_gt.ply,42.313017586804335
ground_469_gt.ply,41.34023923178916
ground_418_gt.ply,41.663526711672034
ground_349_gt.ply,45.31177895063661
ground_518_gt.ply,45.737005527390714
ground_249_gt.ply,44.68083373495422
ground_465_gt.ply,45.54974899861626
ground_334_gt.ply,38.612377752175036
ground_183_gt.ply,43.70980693581747
ground_565_gt.ply,43.32191801344053
ground_234_gt.ply,41.831377379070275
ground_406_gt.ply,40.259303250463866
ground_357_gt.ply,44.132327985444405
ground_506_gt.ply,41.13309852790213
ground_257_gt.ply,44.61852459088129
ground_699_gt.ply,42.49454627760347
ground_799_gt.ply,45.064424220928544
ground_302_gt.ply,40.5471538823232
ground_453_gt.ply,46.144219828108156
ground_202_gt.ply,43.265697452527604
ground_553_gt.ply,42.69431132113068
ground_361_gt.ply,39.86901185903833
ground_430_gt.ply,40.98795404508753
ground_687_gt.ply,42.586259989685495
ground_261_gt.ply,43.67419992305167
ground_530_gt.ply,43.757162774567306
ground_787_gt.ply,42.42866236983538
ground_82_gt.ply,43.512700507317156
ground_541_gt.ply,44.5100943517822
ground_210_gt.ply,39.976444332519094
ground_441_gt.ply,38.35742830024886
ground_310_gt.ply,41.40177995259754
ground_795_gt.ply,43.228051945588504
ground_522_gt.ply,41.83608025022613
ground_273_gt.ply,42.629840764882466
ground_695_gt.ply,42.01892473362586
ground_422_gt.ply,42.179900415321185
ground_373_gt.ply,42.884115209183975
ground_90_gt.ply,42.58172689345896
ground_588_gt.ply,41.16837651993488
ground_488_gt.ply,43.281016397456085
ground_742_gt.ply,43.9491334389533
ground_7_gt.ply,42.15869611472281
ground_642_gt.ply,43.97903321703253
ground_113_gt.ply,41.6799362012447
ground_47_gt.ply,41.961606797394246
ground_24_gt.ply,38.81055048380997
ground_721_gt.ply,44.086444796670165
ground_596_gt.ply,41.48336156704414
ground_621_gt.ply,42.07083933225895
ground_170_gt.ply,43.68550069120716
ground_496_gt.ply,43.4588329404156
ground_59_gt.ply,39.510020497969215
ground_28_gt.ply,46.802958306697235
ground_101_gt.ply,43.16111379985685
ground_650_gt.ply,42.33046493454176
ground_750_gt.ply,44.43905389959494
ground_55_gt.ply,42.88742030707199
ground_36_gt.ply,42.379151539247445
ground_484_gt.ply,40.41111830973402
ground_162_gt.ply,42.78254210775636
ground_633_gt.ply,42.585902501256655
ground_584_gt.ply,43.86009483258846
ground_733_gt.ply,42.439297051346706
ground_63_gt.ply,39.04859911645367
ground_380_gt.ply,39.80028355111725
ground_666_gt.ply,42.78588810339789
ground_137_gt.ply,43.376718401199234
ground_280_gt.ply,43.910689129458184
ground_766_gt.ply,43.10217113285491
ground_605_gt.ply,41.51320117841645
ground_154_gt.ply,42.82281909964646
ground_705_gt.ply,46.9443261372463
ground_678_gt.ply,41.54273630010308
ground_129_gt.ply,43.06147322728714
ground_778_gt.ply,42.475826050217876
ground_709_gt.ply,44.701643454749664
ground_158_gt.ply,43.46204814549551
ground_609_gt.ply,45.22364109244951
ground_71_gt.ply,40.12994841538474
ground_774_gt.ply,44.62771761757853
ground_292_gt.ply,40.4897788710899
ground_125_gt.ply,40.94680802818268
ground_674_gt.ply,42.04593960724895
ground_392_gt.ply,45.10513579534138
ground_717_gt.ply,42.36388132181175
ground_146_gt.ply,41.384521414040584
ground_617_gt.ply,43.66728032820759
ground_802_gt.ply,39.85175936018876
ground_12_gt.ply,42.013149073063474
ground_486_gt.ply,44.17449863040127
ground_160_gt.ply,39.61231691669593
ground_631_gt.ply,46.446850277911594
ground_586_gt.ply,43.044829085421256
ground_731_gt.ply,46.0565788896236
ground_34_gt.ply,42.106613268198615
ground_9_gt.ply,41.043785748806776
ground_49_gt.ply,41.302846567737355
ground_498_gt.ply,44.598276568243016
ground_598_gt.ply,41.91419142784281
ground_57_gt.ply,41.33358700065711
ground_103_gt.ply,40.92258655395031
ground_652_gt.ply,43.35473873703723
ground_752_gt.ply,40.28588383481394
ground_723_gt.ply,42.45233852651444
ground_594_gt.ply,42.76095084989025
ground_623_gt.ply,39.6630396367219
ground_172_gt.ply,38.76237013313072
ground_494_gt.ply,42.430676580056094
ground_26_gt.ply,39.50260342124655
ground_38_gt.ply,42.14289785548695
ground_45_gt.ply,39.910578431175786
ground_740_gt.ply,44.0495982093603
ground_5_gt.ply,41.42488822829638
ground_640_gt.ply,41.24899439090363
ground_111_gt.ply,40.060373544605035
ground_800_gt.ply,39.28460329442891
ground_10_gt.ply,39.450748784764315
ground_715_gt.ply,42.88219506668328
ground_144_gt.ply,43.062077798814016
ground_615_gt.ply,44.47359916289771
ground_768_gt.ply,43.29470077347036
ground_139_gt.ply,39.99084771064315
ground_668_gt.ply,44.40754976136831
ground_776_gt.ply,42.15500686306495
ground_290_gt.ply,43.02853107513958
ground_127_gt.ply,44.25635339368872
ground_676_gt.ply,43.92739384117724
ground_390_gt.ply,41.61751523915858
ground_73_gt.ply,42.576679874243005
ground_607_gt.ply,52.703908877178065
ground_156_gt.ply,40.85844991368815
ground_707_gt.ply,42.72262062215834
ground_619_gt.ply,46.16855631881341
ground_148_gt.ply,40.40364263429584
ground_719_gt.ply,42.61086216619517
ground_382_gt.ply,43.22859618693235
ground_664_gt.ply,41.28370759101302
ground_135_gt.ply,41.13544966176753
ground_282_gt.ply,44.72407445526309
ground_764_gt.ply,42.239289541161796
ground_61_gt.ply,40.35227349912127
ground_404_gt.ply,44.84100678625042
ground_355_gt.ply,41.834411489702134
ground_504_gt.ply,40.65475343378114
ground_255_gt.ply,45.95472550192151
ground_479_gt.ply,41.03555240061632
ground_328_gt.ply,38.43711404922108
ground_579_gt.ply,41.47565159768519
ground_228_gt.ply,40.413418121527926
ground_467_gt.ply,39.71848474420569
ground_336_gt.ply,43.1686589776072
ground_181_gt.ply,43.85363787178695
ground_567_gt.ply,42.472103057099474
ground_236_gt.ply,41.259173438220635
ground_247_gt.ply,46.66483964251757
ground_516_gt.ply,44.93273754561926
ground_347_gt.ply,42.94625568101202
ground_416_gt.ply,40.68101381857179
ground_259_gt.ply,39.35415001221104
ground_508_gt.ply,42.85552620596063
ground_359_gt.ply,42.097464757241816
ground_408_gt.ply,40.90073861556076
ground_224_gt.ply,40.76437269574083
ground_575_gt.ply,43.419666481146265
ground_193_gt.ply,42.076159595429694
ground_324_gt.ply,41.148017998037425
ground_475_gt.ply,40.80569544084099
ground_92_gt.ply,40.285310318726594
ground_797_gt.ply,46.25204510708783
ground_520_gt.ply,42.82362475124331
ground_271_gt.ply,41.110665965355714
ground_697_gt.ply,42.95866211502325
ground_420_gt.ply,41.446042510049224
ground_371_gt.ply,42.65977889693582
ground_789_gt.ply,43.435561976639256
ground_689_gt.ply,47.051889347732136
ground_543_gt.ply,41.791591910034064
ground_212_gt.ply,40.64783692790097
ground_443_gt.ply,43.515660763504954
ground_312_gt.ply,39.3130721452961
ground_80_gt.ply,43.347958258500945
ground_363_gt.ply,43.418565924152354
ground_432_gt.ply,44.174030454883294
ground_685_gt.ply,43.9132824351435
ground_263_gt.ply,42.785106622979285
ground_532_gt.ply,39.841348312519436
ground_785_gt.ply,40.6530832290887
ground_300_gt.ply,43.19540479009833
ground_451_gt.ply,39.948425622776895
ground_200_gt.ply,45.1599244704608
ground_551_gt.ply,40.72566470682976
ground_398_gt.ply,40.676581731197956
ground_298_gt.ply,42.56814695070021
ground_152_gt.ply,40.90810760125548
ground_603_gt.ply,43.638618520850166
ground_703_gt.ply,41.88809008675054
ground_386_gt.ply,41.920578730660615
ground_131_gt.ply,40.37086605940344
ground_660_gt.ply,44.12477739492256
ground_286_gt.ply,42.32640409639761
ground_760_gt.ply,42.115900124832365
ground_65_gt.ply,43.943256570833256
ground_808_gt.ply,40.66297417028765
ground_18_gt.ply,42.933892303919244
ground_69_gt.ply,44.14101399918776
ground_804_gt.ply,42.58804645452572
ground_14_gt.ply,41.30950404754796
ground_711_gt.ply,43.04993345232714
ground_611_gt.ply,44.001633946709696
ground_140_gt.ply,38.93446824064614
ground_772_gt.ply,41.26435821092681
ground_294_gt.ply,42.59317996654287
ground_672_gt.ply,43.445712083799876
ground_123_gt.ply,43.916095277999965
ground_394_gt.ply,41.75891581601408
ground_77_gt.ply,39.28089849469503
ground_727_gt.ply,44.55725383028197
ground_590_gt.ply,43.57344885184926
ground_176_gt.ply,42.05054175164297
ground_627_gt.ply,44.21387221892033
ground_490_gt.ply,39.87613818061865
ground_22_gt.ply,40.16312908817841
ground_41_gt.ply,45.04657639690524
ground_744_gt.ply,42.31207726824461
ground_1_gt.ply,41.73683594954569
ground_115_gt.ply,37.8777638603576
ground_644_gt.ply,43.7739656173235
ground_739_gt.ply,41.84000647495246
ground_168_gt.ply,42.39911978967893
ground_639_gt.ply,40.69271009537692
ground_648_gt.ply,43.6923249421094
ground_119_gt.ply,42.417002615338205
ground_748_gt.ply,41.96752531136476
ground_482_gt.ply,42.80044343074462
ground_635_gt.ply,40.40883227916553
ground_164_gt.ply,42.23787646209751
ground_582_gt.ply,42.20513399021591
ground_735_gt.ply,41.32252522938842
ground_30_gt.ply,42.06861093221476
ground_53_gt.ply,40.359582596947824
ground_656_gt.ply,44.46765033026838
ground_107_gt.ply,41.42547947635404
ground_756_gt.ply,44.19740195162599
ground_84_gt.ply,40.85708729103024
ground_436_gt.ply,40.57710254220308
ground_367_gt.ply,42.77121542871462
ground_681_gt.ply,43.98906249519342
ground_536_gt.ply,41.92214861537461
ground_267_gt.ply,46.97124760430458
ground_781_gt.ply,44.1810183177246
ground_455_gt.ply,41.50627870363741
ground_304_gt.ply,39.85856854096913
ground_555_gt.ply,43.35110582728108
ground_204_gt.ply,39.92018845310343
ground_428_gt.ply,42.90944529669717
ground_379_gt.ply,43.49810073298641
ground_528_gt.ply,42.164332628923646
ground_279_gt.ply,41.90292545827307
ground_208_gt.ply,46.35525216234319
ground_559_gt.ply,42.31720774218683
ground_308_gt.ply,45.009995293004096
ground_459_gt.ply,40.474386078184345
ground_96_gt.ply,43.87589785559361
ground_793_gt.ply,43.949638057153834
ground_275_gt.ply,45.30245624051866
ground_524_gt.ply,42.207671449069075
ground_693_gt.ply,47.19004974938242
ground_375_gt.ply,39.017703177255854
ground_424_gt.ply,39.986913848662375
ground_216_gt.ply,44.78090856257994
ground_547_gt.ply,41.687538773170985
ground_316_gt.ply,44.2459715610481
ground_447_gt.ply,46.23732558980235
ground_88_gt.ply,42.14522109121034
ground_189_gt.ply,41.75674025498546
ground_512_gt.ply,43.67428035469773
ground_243_gt.ply,48.47071897845608
ground_412_gt.ply,42.58267077563529
ground_343_gt.ply,43.881592347687615
ground_571_gt.ply,42.65518265541482
ground_220_gt.ply,44.294580014637376
ground_197_gt.ply,40.2098147753863
ground_471_gt.ply,41.72527916010949
ground_320_gt.ply,42.89202478653694
ground_351_gt.ply,39.93375206923232
ground_400_gt.ply,41.55657647749452
ground_251_gt.ply,47.25594530621113
ground_500_gt.ply,42.92070289690725
ground_332_gt.ply,41.153551261946944
ground_463_gt.ply,39.57561860671007
ground_185_gt.ply,43.85927334424392
ground_232_gt.ply,40.48191235661465
ground_563_gt.ply,41.281294402776844
ground_214_gt.ply,42.164015370567824
ground_545_gt.ply,44.43939663499436
ground_314_gt.ply,41.803142825842414
ground_445_gt.ply,39.864872945897915
ground_269_gt.ply,42.19257993077223
ground_538_gt.ply,39.78500137348981
ground_369_gt.ply,39.18371051379115
ground_438_gt.ply,44.44835934140744
ground_791_gt.ply,46.87744865639727
ground_277_gt.ply,38.03579776946578
ground_526_gt.ply,44.061015014374306
ground_691_gt.ply,41.97137892660478
ground_377_gt.ply,41.948508309482555
ground_426_gt.ply,40.721585926255685
ground_94_gt.ply,41.602487142997404
ground_457_gt.ply,42.431809932325635
ground_306_gt.ply,42.83395143809447
ground_557_gt.ply,43.182099885361175
ground_206_gt.ply,39.61169077156769
ground_98_gt.ply,39.74227064457528
ground_449_gt.ply,40.9320211060196
ground_318_gt.ply,41.94365495250414
ground_549_gt.ply,41.52794547888956
ground_218_gt.ply,41.103371374460224
ground_434_gt.ply,39.43496217615247
ground_365_gt.ply,47.15421848273275
ground_683_gt.ply,42.335597145414795
ground_534_gt.ply,42.53962160809085
ground_265_gt.ply,43.26830330707335
ground_783_gt.ply,40.229137853460315
ground_86_gt.ply,40.18659432734584
ground_330_gt.ply,44.5753775884486
ground_461_gt.ply,44.36008074557067
ground_187_gt.ply,42.14321436938093
ground_230_gt.ply,42.59977275638022
ground_561_gt.ply,43.613765933449194
ground_199_gt.ply,38.796478107283384
ground_353_gt.ply,43.29817641761701
ground_402_gt.ply,42.578475458978275
ground_253_gt.ply,43.877559729692166
ground_502_gt.ply,45.21640819279016
ground_573_gt.ply,41.64920720065976
ground_222_gt.ply,46.39780945145245
ground_195_gt.ply,44.75769828499808
ground_473_gt.ply,40.236223188872415
ground_322_gt.ply,39.20309859731144
ground_510_gt.ply,43.896657816792604
ground_241_gt.ply,41.70405820609671
ground_410_gt.ply,38.30529742839373
ground_341_gt.ply,39.464661831996736
ground_75_gt.ply,42.79529948893333
ground_770_gt.ply,43.00710580830576
ground_296_gt.ply,44.07994451669289
ground_670_gt.ply,43.57340783067591
ground_121_gt.ply,43.68421279868996
ground_396_gt.ply,41.624268647692254
ground_288_gt.ply,42.1636367274745
ground_388_gt.ply,38.384874802989074
ground_713_gt.ply,41.15412648282002
ground_613_gt.ply,45.408896633692116
ground_142_gt.ply,40.85915553520389
ground_806_gt.ply,42.02428386553367
ground_16_gt.ply,38.441438343732976
ground_67_gt.ply,39.534598220837694
ground_384_gt.ply,41.188900905296464
ground_133_gt.ply,43.49121291892692
ground_662_gt.ply,42.46190886105891
ground_284_gt.ply,42.8646386361966
ground_762_gt.ply,40.540305118020214
ground_79_gt.ply,39.655929405674506
ground_150_gt.ply,41.423969056940514
ground_601_gt.ply,45.11128127054606
ground_701_gt.ply,44.63973035179843
ground_654_gt.ply,41.12124116538188
ground_105_gt.ply,44.35149658269518
ground_754_gt.ply,42.43468263866306
ground_51_gt.ply,42.159594729810905
ground_629_gt.ply,42.98963235431908
ground_178_gt.ply,39.615181743697185
ground_729_gt.ply,41.620730925559975
ground_32_gt.ply,40.865121340760034
ground_480_gt.ply,42.49997933772817
ground_637_gt.ply,40.22491776865309
ground_166_gt.ply,41.927013693319886
ground_580_gt.ply,43.14365832603855
ground_737_gt.ply,42.05290209125777
ground_746_gt.ply,45.50747230076641
ground_3_gt.ply,40.236169585572235
ground_117_gt.ply,43.24090261763996
ground_646_gt.ply,43.54913506865713
ground_43_gt.ply,41.5953846136304
ground_758_gt.ply,42.771131809443034
ground_109_gt.ply,39.65727077297281
ground_658_gt.ply,44.732053091817676
ground_20_gt.ply,39.36780709884717
ground_725_gt.ply,43.94749254057813
ground_592_gt.ply,45.72918444447132
ground_174_gt.ply,41.646958550212894
ground_625_gt.ply,40.75439811981298
ground_492_gt.ply,41.30718952670749
mean_chamfer_distance,42.539090446906414
