base_name,GT_Density_Metric,Completed_Density_Metric
ground_576_gt.ply,0.004765954604234566,0.009700635599976672
ground_562_gt.ply,0.005471711581848367,0.010196121858660073
ground_701_gt.ply,0.001322306038652981,0.0027603983258698145
ground_1041_gt.ply,0.00172757714372803,0.0031607854323957357
ground_451_gt.ply,0.0049424061744877176,0.010137066845209123
ground_879_gt.ply,0.0022489669039394743,0.003527155971408459
ground_948_gt.ply,0.001375424911325713,0.003578110368369562
ground_914_gt.ply,0.0019870817566155813,0.003641951731975742
ground_14_gt.ply,0.004860969473430872,0.009734622957737221
ground_762_gt.ply,0.0004695437512550285,0.002477199011947817
ground_284_gt.ply,0.004956495284691683,0.009609434823536827
ground_994_gt.ply,0.00019346354101997023,0.0019331279121212997
ground_728_gt.ply,4.019443131019021e-05,0.002168010544334342
ground_1300_gt.ply,0.004792999601501127,0.009029808518780012
ground_109_gt.ply,0.004541030114816987,0.008927402671485207
ground_63_gt.ply,0.004643669045338726,0.009561420252671218
ground_940_gt.ply,0.0022410908213210566,0.003138912994544511
ground_1417_gt.ply,0.0048007079048793646,0.0095788751789838
ground_1329_gt.ply,0.0050571242979065975,0.009628976494432898
ground_944_gt.ply,0.0011696912772084871,0.003428098293582411
ground_258_gt.ply,0.004570888637923546,0.00958393347311005
ground_250_gt.ply,0.004679023611118982,0.009789296208954898
ground_1213_gt.ply,0.0015512779034225004,0.003469325734745316
ground_1348_gt.ply,0.004537157551735881,0.009515776099167966
ground_676_gt.ply,0.0,0.0014222438993175528
ground_195_gt.ply,0.004955053348658591,0.00974106530191153
ground_754_gt.ply,0.00033909936008701927,0.002405167825122734
ground_696_gt.ply,0.00042841215226254733,0.0025564731059865226
ground_529_gt.ply,0.004970901286339428,0.009051861692512759
ground_61_gt.ply,0.0046757833738212875,0.008811542219989303
ground_1378_gt.ply,0.0047917825654908465,0.009896790761174779
ground_639_gt.ply,0.004927965861480074,0.009558233496222928
ground_388_gt.ply,0.004340423587290625,0.00906333463121284
ground_544_gt.ply,0.004751198132207828,0.009946354327214382
ground_164_gt.ply,0.005173153911168864,0.009506296799881183
ground_240_gt.ply,0.005061431927636437,0.00962004033259536
ground_1441_gt.ply,0.004975693873234095,0.009569568745453597
ground_169_gt.ply,0.004868078005700414,0.009807610633768747
ground_408_gt.ply,0.0045451750769561474,0.009393365306125383
ground_283_gt.ply,0.005021213725391339,0.009595630563250038
ground_160_gt.ply,0.004882053542050048,0.00981346023111559
ground_972_gt.ply,0.002200392968209509,0.0032382534129070223
ground_1003_gt.ply,0.0017876548251116219,0.002860266391245632
ground_461_gt.ply,0.005271923311059784,0.00985755757615549
ground_1443_gt.ply,0.0046807717874014915,0.00984167880006288
ground_1082_gt.ply,0.0015705124201517956,0.00331721064041003
ground_881_gt.ply,0.0017208270929995658,0.003867577684014141
ground_1400_gt.ply,0.0049852984044862075,0.010017078784240886
ground_355_gt.ply,0.005303758567551317,0.010001840455838988
ground_1363_gt.ply,0.004811040719456521,0.009567199385195034
ground_466_gt.ply,0.004648659721123519,0.009786370075311152
ground_1201_gt.ply,0.0021835248895168335,0.0032308841401264
ground_1380_gt.ply,0.004902199894835165,0.009222950264140124
ground_295_gt.ply,0.004879925901348687,0.00945122322570461
ground_711_gt.ply,0.0014220025134402939,0.002726373129305708
ground_162_gt.ply,0.004664008254547094,0.008580980490990868
ground_937_gt.ply,0.0012902725602929386,0.003418642653871459
ground_1200_gt.ply,0.00029952443411620264,0.002253251565768088
ground_967_gt.ply,0.00018320410615498228,0.001954091637031285
ground_956_gt.ply,0.0021317617679181868,0.0036020272726058223
ground_452_gt.ply,0.005219580404909519,0.009534534151394783
ground_1142_gt.ply,0.0020606640386507014,0.002847003773657826
ground_507_gt.ply,0.004579639914123537,0.009447795421817864
ground_133_gt.ply,0.004996228447240668,0.009560549969175283
ground_1328_gt.ply,0.0047111262565676815,0.009556805322615144
ground_763_gt.ply,0.0015905345849976018,0.002622296672943391
ground_1346_gt.ply,0.004591033653301451,0.009321839112861495
ground_293_gt.ply,0.00487958932540584,0.010089908588052194
ground_1171_gt.ply,0.0010227028604090152,0.0027363096886737883
ground_612_gt.ply,0.005297468548315549,0.009508250166112077
ground_579_gt.ply,0.004503083065915278,0.009575985061482599
ground_260_gt.ply,0.004289267286656804,0.009377669963312966
ground_125_gt.ply,0.005117630422410273,0.009904129771129106
ground_1364_gt.ply,0.004763673181524625,0.009697287427795086
ground_598_gt.ply,0.004997740032235555,0.009479726034871827
ground_1098_gt.ply,0.0006483758255347747,0.001963432475188317
ground_641_gt.ply,0.004712939088001505,0.009988497973514423
ground_1270_gt.ply,0.0020523513570257362,0.003908299853896562
ground_911_gt.ply,0.0025871623222905667,0.0036958616388250987
ground_823_gt.ply,0.0022734142604466465,0.0035337406537582867
ground_530_gt.ply,0.004621971680209402,0.00943787781464868
ground_906_gt.ply,0.001941268101795519,0.0030790458795099595
ground_1112_gt.ply,4.480783052479026e-05,0.0016478122869260454
ground_593_gt.ply,0.004613484111747817,0.009215157715411329
ground_155_gt.ply,0.004632569520886055,0.009466026891634217
ground_1077_gt.ply,5.1634451264087405e-05,0.001671620758240555
ground_1145_gt.ply,0.002031857654727456,0.0033862217041504793
ground_158_gt.ply,0.0049997439807767255,0.00984546758444805
ground_624_gt.ply,0.004478457532148603,0.009565228301796277
ground_746_gt.ply,0.0,0.0013743765208976335
ground_228_gt.ply,0.0046891744981535964,0.009267373110702108
ground_1223_gt.ply,0.0016424890172706368,0.0032164508316112187
ground_366_gt.ply,0.0044321462509523905,0.009420299715321375
ground_1251_gt.ply,0.002073495421385536,0.0034422282086050034
ground_477_gt.ply,0.004665646643632868,0.01005007655829059
ground_900_gt.ply,0.0021826831040105445,0.0038721281507489427
ground_980_gt.ply,0.0014288638477445456,0.0029009427234017783
ground_69_gt.ply,0.005007642062234146,0.009598657818653395
ground_1291_gt.ply,0.0049311886259157,0.009151441126821482
ground_1034_gt.ply,6.742342634509694e-06,0.0014650425779235859
ground_856_gt.ply,0.0022148196719111667,0.003590153353638852
ground_669_gt.ply,2.281197844917573e-05,0.00222453966696264
ground_509_gt.ply,0.004822241285892865,0.009014550274345935
ground_1065_gt.ply,0.0023034717959551027,0.0026343182757804146
ground_320_gt.ply,0.00471155659262272,0.009907644350033948
ground_502_gt.ply,0.005379308790159392,0.009194295226362783
ground_367_gt.ply,0.00507315036184544,0.00988790816606743
ground_601_gt.ply,0.005014141008509047,0.009613928239903622
ground_715_gt.ply,0.0002566535936694057,0.0024159327145900763
ground_629_gt.ply,0.004972659129079286,0.00950971733955132
ground_1011_gt.ply,8.385832683815381e-05,0.001820341917940393
ground_1357_gt.ply,0.004743130875862773,0.009319143327794424
ground_316_gt.ply,0.005073670719360046,0.009799997060231252
ground_178_gt.ply,0.004831377815451794,0.009373039871808621
ground_873_gt.ply,0.0021959362285390266,0.0030845870405927026
ground_970_gt.ply,0.0005491146020730535,0.0020464331683953015
ground_1215_gt.ply,0.0013569295383580365,0.002601514622758982
ground_420_gt.ply,0.004803159353173084,0.0096306862187867
ground_36_gt.ply,0.005272537002629161,0.009977844532333783
ground_415_gt.ply,0.004871618511091069,0.009727490447845042
ground_34_gt.ply,0.0050177386896303345,0.009575101050408662
ground_1021_gt.ply,0.0017483129576162052,0.0034602036799262943
ground_40_gt.ply,0.004689577971498616,0.00971727474051818
ground_151_gt.ply,0.0051708050775570585,0.009677441820362623
ground_1280_gt.ply,0.0005114723549632027,0.0019982406503782956
ground_1116_gt.ply,0.0011538288789398935,0.0021941725904600032
ground_626_gt.ply,0.00469153741432163,0.009756258542016904
ground_681_gt.ply,0.0,0.0012274723478503198
ground_1168_gt.ply,0.002360931877797952,0.0030891057229418296
ground_640_gt.ply,0.00501900617496471,0.009508602400906636
ground_1086_gt.ply,0.0006663806101239347,0.001737552972394044
ground_1091_gt.ply,0.0019247819632004543,0.0036323476561948894
ground_95_gt.ply,0.004825818739249531,0.009415179468061216
ground_839_gt.ply,0.0013780019718061278,0.003706147802410695
ground_1063_gt.ply,0.0015373287328048863,0.0032169618378869677
ground_854_gt.ply,0.0012371016769930176,0.003074011692543578
ground_971_gt.ply,0.001594939557658941,0.0028342526341818943
ground_1359_gt.ply,0.004674193684505466,0.00950618728111759
ground_1332_gt.ply,0.004612868695382785,0.009220463586865157
ground_782_gt.ply,0.00186308234300965,0.003205963813094884
ground_1027_gt.ply,0.0019793891014887204,0.0037470754483083742
ground_775_gt.ply,3.0297533973201625e-05,0.0019083114992384288
ground_1052_gt.ply,0.002465540598287844,0.0032906756408718945
ground_266_gt.ply,0.005208714371744709,0.010141332494266693
ground_723_gt.ply,0.0017320428074472458,0.00269357362244383
ground_321_gt.ply,0.004770043118204042,0.009729571847926907
ground_1163_gt.ply,0.001725163202033042,0.002817168444444628
ground_1046_gt.ply,0.0016850103610337058,0.003463415022677433
ground_634_gt.ply,0.005044979157211518,0.009388908353595963
ground_1114_gt.ply,8.169017420611984e-05,0.0017959842794566037
ground_571_gt.ply,0.005115722873263362,0.009283551756250542
ground_16_gt.ply,0.004829762810700527,0.009142063103208451
ground_145_gt.ply,0.004580657709205953,0.009663564967233529
ground_596_gt.ply,0.005201456322891656,0.009709270420737888
ground_1286_gt.ply,0.004637123790794055,0.009920687733429285
ground_23_gt.ply,0.004850031349524631,0.009227305975448234
ground_484_gt.ply,0.004858871686134506,0.009834263162186697
ground_833_gt.ply,0.002081264529228982,0.00353055975467029
ground_1420_gt.ply,0.004620380458111302,0.009091393410045542
ground_798_gt.ply,0.0,0.0013968885526833544
ground_656_gt.ply,0.0,0.0010740521175145123
ground_992_gt.ply,0.00011048911391491964,0.0017222253216303838
ground_373_gt.ply,0.004932124114148369,0.009849437720115586
ground_1150_gt.ply,0.0017055128008679112,0.003477189874195201
ground_486_gt.ply,0.004847568307076477,0.009269951098615677
ground_436_gt.ply,0.004719795782303858,0.0095490462196837
ground_433_gt.ply,0.0045495889994625815,0.008969518889729897
ground_1001_gt.ply,0.002044176930030484,0.003581911087490973
ground_1246_gt.ply,0.0013028267573693057,0.0022891685312910106
ground_1322_gt.ply,0.0047965224539619315,0.009092727050242423
ground_435_gt.ply,0.004802639574111724,0.009601932752382527
ground_936_gt.ply,0.0022420448422564862,0.0031723769595564466
ground_196_gt.ply,0.004431992233243305,0.009449216482168224
ground_334_gt.ply,0.0047082452394037605,0.009560247594967961
ground_1366_gt.ply,0.0047774617342488425,0.009896882952106858
ground_608_gt.ply,0.00492741912098875,0.009347909354553511
ground_518_gt.ply,0.004745718812183984,0.009154635344863049
ground_950_gt.ply,0.001668672525914894,0.003668813686335224
ground_143_gt.ply,0.00449946815943666,0.009384485352672665
ground_1174_gt.ply,0.0017285181997868278,0.0031293759939197544
ground_697_gt.ply,0.0007341859209102886,0.0026316384494964188
ground_209_gt.ply,0.004815443071040305,0.010051227230147796
ground_712_gt.ply,0.001694958018016087,0.0029725763983604807
ground_185_gt.ply,0.004598749514299555,0.0095493830353265
ground_126_gt.ply,0.004608584314795531,0.00890760720412161
ground_140_gt.ply,0.004519122556654252,0.009096970618181871
ground_607_gt.ply,0.004834461095733468,0.009170474055201279
ground_10_gt.ply,0.004402143140622492,0.00936012670746519
ground_237_gt.ply,0.00518073516907885,0.009975719772505762
ground_594_gt.ply,0.004629199188706894,0.00884631000863426
ground_784_gt.ply,0.00013265194776690753,0.0019844179467003375
ground_1205_gt.ply,0.0020158518703704623,0.0033645587440896546
ground_638_gt.ply,0.0048276617437100905,0.009273575906080701
ground_1340_gt.ply,0.004412712569487817,0.009313262158900985
ground_1297_gt.ply,0.004837980776050776,0.009308558301689439
ground_179_gt.ply,0.004716753882341496,0.009334918328196086
ground_915_gt.ply,0.0020789626676219887,0.0031616992338216474
ground_806_gt.ply,0.0014809204061215363,0.003202347441634642
ground_1032_gt.ply,0.001747098752685071,0.0035033362683735926
ground_953_gt.ply,0.0014403718701760909,0.0032095911955214674
ground_370_gt.ply,0.004869200833523101,0.009272148826499047
ground_986_gt.ply,0.00198323470687434,0.002815073973109761
ground_652_gt.ply,0.002150262980408078,0.0030985876207021623
ground_1294_gt.ply,0.004816859941872581,0.009531519884845657
ground_1157_gt.ply,0.0012196701738714896,0.002852896444201669
ground_630_gt.ply,0.0051810232582453,0.009884436097866753
ground_398_gt.ply,0.00497928994719778,0.010454035190829433
ground_1292_gt.ply,0.004816441367236777,0.008970719949481239
ground_942_gt.ply,0.0017964140705573747,0.0032464569630575183
ground_1184_gt.ply,0.0015241201049471873,0.0034903482297006065
ground_220_gt.ply,0.0049827649685482735,0.009529005973625937
ground_1427_gt.ply,0.005104084080904774,0.009444992081435665
ground_599_gt.ply,0.005005297388135694,0.009373991713868626
ground_1324_gt.ply,0.004022854045790595,0.00910126807519168
ground_1094_gt.ply,0.0019863934943081633,0.0023476395149423335
ground_1134_gt.ply,0.0019804769788620965,0.0033379576251104798
ground_1122_gt.ply,0.00015320777322947333,0.001769318513788818
ground_1283_gt.ply,0.0017954638771029814,0.002327895518113367
ground_1405_gt.ply,0.004672582196864119,0.00974639043979417
ground_505_gt.ply,0.005156993608158347,0.009888962671413006
ground_708_gt.ply,3.6209222060890636e-05,0.0021422018141505237
ground_1181_gt.ply,0.0022209493792299086,0.003346136982582834
ground_422_gt.ply,0.004323973524664262,0.00926247607557612
ground_443_gt.ply,0.005067087075954777,0.010072623660108526
ground_1393_gt.ply,0.005304433132503115,0.009273334575879671
ground_930_gt.ply,0.0017494811136642336,0.004031850009783025
ground_1100_gt.ply,0.0018187289978727848,0.003514087604576435
ground_1415_gt.ply,0.0042488562991221685,0.008676098093438634
ground_1093_gt.ply,5.2704065086278424e-05,0.0015662693020180507
ground_975_gt.ply,0.0008283715594615792,0.0021547139230225438
ground_303_gt.ply,0.004716774698539408,0.009571530762122062
ground_1050_gt.ply,0.0016909193219274427,0.003167552836875475
ground_943_gt.ply,0.001995889897811379,0.0033281031880650334
ground_52_gt.ply,0.004936033264077804,0.009455765027386894
ground_765_gt.ply,0.0,0.0025444724480954486
ground_226_gt.ply,0.004433722237173457,0.00882856889165427
ground_358_gt.ply,0.0049291881350759115,0.009592819643215109
ground_670_gt.ply,0.0003038919039969613,0.002418203463149935
ground_575_gt.ply,0.004723298453883144,0.009382344600037727
ground_324_gt.ply,0.004441390890277522,0.009306791341960313
ground_1390_gt.ply,0.004659294292878295,0.009604273338237337
ground_578_gt.ply,0.005040223995662285,0.00960311392018047
ground_1108_gt.ply,0.0016574175447047086,0.0031923021035753507
ground_840_gt.ply,0.00223207950796386,0.0038594759597042833
ground_894_gt.ply,0.0018742357096094176,0.0034660986860973676
ground_1273_gt.ply,0.0026142809667468883,0.0023252815513622816
ground_1179_gt.ply,0.0016396176473547843,0.002495195573781418
ground_131_gt.ply,0.004557783487754044,0.009908858185641129
ground_43_gt.ply,0.005005615727529695,0.00991392247800422
ground_1173_gt.ply,0.0009928739100323574,0.002349169616779855
ground_387_gt.ply,0.004939685698550753,0.009580089108258975
ground_1271_gt.ply,0.001588121585658562,0.002992750693990921
ground_1020_gt.ply,0.0012795742305796256,0.0030969296739828127
ground_916_gt.ply,0.0014155145869806521,0.003396141420015002
ground_722_gt.ply,0.001240274355035142,0.0029484542615715666
ground_540_gt.ply,0.004767706028989204,0.009817899229343254
ground_1435_gt.ply,0.004910332273964549,0.009470361825745167
ground_604_gt.ply,0.004764052808008233,0.009256072281156377
ground_847_gt.ply,0.001693217093109161,0.0033308988037626733
ground_406_gt.ply,0.0047940521292280346,0.009583792461460888
ground_315_gt.ply,0.005019281502993903,0.009794832154773178
ground_1103_gt.ply,0.00040838858592215106,0.0018126158109852003
ground_1072_gt.ply,0.0023549226665325,0.0036960944745208146
ground_459_gt.ply,0.004550910679109228,0.009621522799414016
ground_974_gt.ply,0.0015877476253808686,0.003368592196934978
ground_620_gt.ply,0.005093327248127792,0.01016129416408244
ground_817_gt.ply,0.002394683188405613,0.0035498174236578066
ground_928_gt.ply,0.0015363265529033843,0.0038826249328243628
ground_1087_gt.ply,0.0012056430576628586,0.002198561434166019
ground_1342_gt.ply,0.00478294332320074,0.008680109058853708
ground_313_gt.ply,0.004870621915917632,0.009580962016511783
ground_568_gt.ply,0.004878033973082795,0.010379357898993833
ground_691_gt.ply,0.0017775483919867567,0.0026515918394443925
ground_759_gt.ply,0.0003922602528265882,0.002830458653103933
ground_1425_gt.ply,0.004756199174093325,0.009167363084517832
ground_1238_gt.ply,0.0023054999103154453,0.0036848062881360316
ground_1012_gt.ply,0.002086644547109513,0.0033020124563636136
ground_745_gt.ply,0.0,0.0015113522279525853
ground_844_gt.ply,0.0022696798026955907,0.003991032397717629
ground_982_gt.ply,0.002350204467128855,0.0028953703190662695
ground_709_gt.ply,0.00027313902316406457,0.00281103178043735
ground_1141_gt.ply,0.0020038088692765355,0.002766844923056331
ground_210_gt.ply,0.004584391749233418,0.009445231750064596
ground_999_gt.ply,0.001794751092925016,0.003466001049285465
ground_349_gt.ply,0.004306892805034221,0.00989655714780675
ground_289_gt.ply,0.004965831597261702,0.009206479946458046
ground_1111_gt.ply,0.0013141918496387198,0.00284316333383342
ground_170_gt.ply,0.005022284868525773,0.009547309775186485
ground_1253_gt.ply,0.0008759179055382775,0.002316362970886561
ground_625_gt.ply,0.004537618817627756,0.009077384644009125
ground_600_gt.ply,0.004565052020093512,0.009350590540549531
ground_368_gt.ply,0.0043747044632149856,0.009947896025260534
ground_717_gt.ply,0.0022205088325358583,0.0026403692836114885
ground_842_gt.ply,0.0013030090540798451,0.003160741972735256
ground_1048_gt.ply,0.0026883806106365385,0.002652027386268027
ground_44_gt.ply,0.00514475453861705,0.009698674738436872
ground_62_gt.ply,0.0047138940612109215,0.009530354873259194
ground_565_gt.ply,0.00541172553489519,0.01003181629293526
ground_103_gt.ply,0.004591817942830607,0.009800115797650086
ground_1216_gt.ply,0.0028858857501050583,0.003429534097233723
ground_483_gt.ply,0.005169015572571364,0.009947507393393349
ground_165_gt.ply,0.004945530443588756,0.009683650422894055
ground_499_gt.ply,0.005219865634977686,0.009903383231097185
ground_211_gt.ply,0.004914960147549561,0.00942743516583866
ground_1056_gt.ply,0.0019513360893148363,0.003486830139824914
ground_124_gt.ply,0.004896048662248776,0.010034674461870874
ground_263_gt.ply,0.004979919398286294,0.00968397208772575
ground_28_gt.ply,0.004531190864229902,0.008932372752642692
ground_56_gt.ply,0.004927043128916944,0.009401831759214729
ground_1060_gt.ply,0.00010117663092758391,0.0017910845311093209
ground_1382_gt.ply,0.005155795320013491,0.00952518815254428
ground_796_gt.ply,0.0014086484855089633,0.0033540696649791615
ground_249_gt.ply,0.0046988004201711925,0.00902743219549617
ground_865_gt.ply,0.0011559353480738155,0.003100822223160385
ground_834_gt.ply,0.002208661686825328,0.004254475139554913
ground_1388_gt.ply,0.004802492087111181,0.009102092654866417
ground_327_gt.ply,0.004883455290525348,0.009765128951308873
ground_1432_gt.ply,0.004784010971464915,0.009309017762575799
ground_1406_gt.ply,0.004775689746427952,0.00911894889717897
ground_1376_gt.ply,0.004977337761142196,0.009835403569815125
ground_278_gt.ply,0.004651230384862141,0.009118331203346194
ground_1186_gt.ply,0.0015862651652634838,0.002707998394417821
ground_662_gt.ply,0.00024361400210558363,0.002516609979845054
ground_610_gt.ply,0.004807466970265344,0.009596449283535063
ground_1214_gt.ply,0.003970049799277324,0.0036358014742532085
ground_1187_gt.ply,0.0019112659330279677,0.0038054101531979174
ground_741_gt.ply,0.0021700827068082094,0.002986968845578801
ground_275_gt.ply,0.004284621063534932,0.00927554340719731
ground_343_gt.ply,0.00484193143318439,0.009507878487846289
ground_445_gt.ply,0.004828875260027097,0.010001737018691477
ground_673_gt.ply,0.0,0.0008113621319821292
ground_376_gt.ply,0.004804214510518045,0.009253578312779724
ground_830_gt.ply,0.0022359962984993616,0.0036899800873837468
ground_1079_gt.ply,0.0019334160362022342,0.0033140569541742107
ground_756_gt.ply,0.0012748499166360294,0.002823506756972672
ground_47_gt.ply,0.004745880951956915,0.009826148733292437
ground_1445_gt.ply,0.005058866050004892,0.009854383377575921
ground_981_gt.ply,0.0017913912491481397,0.0027594685471588973
ground_1350_gt.ply,0.0043918746316204006,0.009195649343460104
ground_501_gt.ply,0.004835647022261968,0.009736019810483321
ground_1421_gt.ply,0.004606951686989876,0.009508782088008856
ground_1101_gt.ply,0.0011432009949683525,0.0029243343529433623
ground_1229_gt.ply,0.001952193737522401,0.0033001024275725274
ground_374_gt.ply,0.004605117757517542,0.009191067167707588
ground_440_gt.ply,0.0050173160080248195,0.0096010426534568
ground_60_gt.ply,0.004957174142221365,0.009634974707870636
ground_699_gt.ply,0.0001779504967874944,0.0022155251114284917
ground_287_gt.ply,0.005113463747879884,0.009902736900038437
ground_322_gt.ply,0.004946518663193941,0.009853900338004193
ground_1352_gt.ply,0.004685420053035209,0.008743648670777733
ground_675_gt.ply,0.0006072668260810961,0.002271566835057103
ground_534_gt.ply,0.005178235337979677,0.010120977656326677
ground_286_gt.ply,0.0048861703568295455,0.010112956770472054
ground_93_gt.ply,0.005037202471991717,0.009602022395831607
ground_0_gt.ply,0.004629199347161574,0.008772280320978439
ground_1016_gt.ply,0.0017640592840821381,0.0036010674082215836
ground_1318_gt.ply,0.004809843848831154,0.009730476346084205
ground_467_gt.ply,0.0047906532908489835,0.009550797559370168
ground_589_gt.ply,0.004680309843775028,0.009959731544302759
ground_439_gt.ply,0.004747845642683617,0.009210861845055852
ground_1234_gt.ply,0.0016309842848010116,0.0032256372659355357
ground_1426_gt.ply,0.004997318844802751,0.009516412275081649
ground_1339_gt.ply,0.004490910585527433,0.009312633833163624
ground_144_gt.ply,0.004565794057399684,0.009185341775038113
ground_1409_gt.ply,0.0045287794973575,0.009605552913671237
ground_279_gt.ply,0.004970416792473501,0.009287364984862566
ground_902_gt.ply,0.0030642842567300058,0.0034520038202899834
ground_777_gt.ply,0.0006353814928593753,0.002660746693002654
ground_1039_gt.ply,0.003032173348091166,0.003144649273505604
ground_1088_gt.ply,0.002532900823569657,0.0028115956897822704
ground_277_gt.ply,0.004950850487463585,0.009456105516045922
ground_105_gt.ply,0.005216041412795323,0.00956397995280083
ground_883_gt.ply,0.0022851985298988093,0.0030172817915278946
ground_294_gt.ply,0.0045475861947056944,0.009693596753340555
ground_835_gt.ply,0.001280575355392491,0.003639045819059142
ground_582_gt.ply,0.004895237253131877,0.009228306774518911
ground_1424_gt.ply,0.004344775911600367,0.009100715601883932
ground_947_gt.ply,0.001602724102801149,0.0033971197993781376
ground_935_gt.ply,0.003500205784733989,0.003378719600929116
ground_70_gt.ply,0.004918114578688669,0.009691875594062562
ground_83_gt.ply,0.005053101248608535,0.009577754304392144
ground_1353_gt.ply,0.005067309184885999,0.00948942721928477
ground_288_gt.ply,0.004606158269691861,0.0088563033144829
ground_1009_gt.ply,0.0016018125661539612,0.0032857512121462888
ground_957_gt.ply,0.001306786345492219,0.003217886127809079
ground_645_gt.ply,0.004643631196785658,0.00956998943116369
ground_828_gt.ply,0.0014010189139571096,0.0036877080726577154
ground_755_gt.ply,0.0006110031408932596,0.0028147817559451096
ground_617_gt.ply,0.00533904487755909,0.009475860978352044
ground_1010_gt.ply,0.0007351482319185915,0.0021323503346830567
ground_1022_gt.ply,0.0009142191882288565,0.0030940846951565135
ground_1266_gt.ply,0.00218563906990855,0.003368051696006888
ground_836_gt.ply,0.0028065187380901723,0.0036160423130196374
ground_273_gt.ply,0.004362224034245349,0.009395773150373762
ground_1401_gt.ply,0.005175520678192618,0.009865461509648316
ground_394_gt.ply,0.004627903609549865,0.010027415960798508
ground_96_gt.ply,0.005142070493525337,0.009296748821209271
ground_678_gt.ply,0.0012725307595334385,0.0028142607966715767
ground_1284_gt.ply,0.00492457439010807,0.009666089217429634
ground_614_gt.ply,0.004790299552431178,0.009038012278283884
ground_337_gt.ply,0.004279591782757705,0.008922848429999042
ground_1434_gt.ply,0.005302430161024474,0.009693030322866746
ground_813_gt.ply,0.002036253966579873,0.00344659392703487
ground_152_gt.ply,0.005021496927825464,0.00965013577217435
ground_1310_gt.ply,0.005129894486272208,0.009569695503713227
ground_1176_gt.ply,0.002196893647101848,0.003663589101809121
ground_455_gt.ply,0.00473728386406593,0.009771691253701377
ground_615_gt.ply,0.0052774064658832704,0.009632387060991161
ground_740_gt.ply,0.0,0.0008498793018953691
ground_39_gt.ply,0.00518487454943308,0.00937088736245683
ground_496_gt.ply,0.004690855123618259,0.008973570614544285
ground_793_gt.ply,1.8647636677617948e-05,0.001984929633779206
ground_907_gt.ply,0.0018287019830027988,0.0036799004800634966
ground_795_gt.ply,0.0,0.0021505505112561427
ground_1120_gt.ply,0.0005511149060582448,0.002056074830872954
ground_1017_gt.ply,0.0017134053049958433,0.003012172306395754
ground_375_gt.ply,0.004678875900361873,0.009780437550309384
ground_234_gt.ply,0.004629861180518068,0.009341493032900938
ground_1031_gt.ply,0.0018432858149620758,0.003012303008615594
ground_1167_gt.ply,0.0,0.0014382717821472288
ground_2_gt.ply,0.00454322055072414,0.009436043451813113
ground_15_gt.ply,0.004488064054574724,0.008820893503550154
ground_742_gt.ply,0.0017526229603645922,0.0025914607141400894
ground_310_gt.ply,0.004880078931297429,0.008896146657709976
ground_707_gt.ply,0.0,0.0007973419699642834
ground_621_gt.ply,0.004753481150720857,0.009163084639502321
ground_426_gt.ply,0.004818686255506129,0.009238704121617251
ground_1210_gt.ply,0.0020395615267121787,0.0033807170769515394
ground_890_gt.ply,0.0025946332450923863,0.003697461190437959
ground_1277_gt.ply,0.001846157013785764,0.0034184634522436046
ground_458_gt.ply,0.004708205700014897,0.00979132024648384
ground_276_gt.ply,0.004925228651768444,0.0094733920016086
ground_326_gt.ply,0.004781966675519479,0.009658408503483557
ground_790_gt.ply,0.00047517517031598613,0.002016590148398895
ground_448_gt.ply,0.0049113803907771154,0.010302095455909986
ground_692_gt.ply,0.0013761986409205162,0.0031310725614099562
ground_912_gt.ply,0.0019742417282702296,0.0037762423458022982
ground_407_gt.ply,0.004870380545424199,0.009975450799928672
ground_789_gt.ply,1.9162031767526303e-05,0.0017083197309449493
ground_339_gt.ply,0.00443785113903399,0.009630924621263186
ground_1104_gt.ply,0.001834219227359412,0.0033158479794853273
ground_1224_gt.ply,0.0020461041494860745,0.003381169201100193
ground_1219_gt.ply,0.0017005645763611965,0.0027749313398250327
ground_1287_gt.ply,0.004435148163505861,0.009447335383351609
ground_1410_gt.ply,0.004766255449307038,0.009646843361942364
ground_319_gt.ply,0.004958386293224242,0.009121610456792134
ground_1014_gt.ply,0.0017356937291568872,0.0030062505409975083
ground_556_gt.ply,0.004536262618369475,0.009506822397532085
ground_35_gt.ply,0.004693466980571421,0.009346436777138263
ground_180_gt.ply,0.004886792668756619,0.010018483683508874
ground_785_gt.ply,0.0031713491417917367,0.0034727715085130146
ground_809_gt.ply,0.0021341719259747602,0.003366570765577053
ground_528_gt.ply,0.004259534240872921,0.009501774125802682
ground_852_gt.ply,0.0020728848597484787,0.0033289658519484746
ground_1208_gt.ply,0.0013049785052184825,0.0028596240920263022
ground_312_gt.ply,0.004674116204451049,0.009548868952066067
ground_108_gt.ply,0.004785800633216431,0.009606573446849453
ground_536_gt.ply,0.004587227575706775,0.009198680645673602
ground_732_gt.ply,2.47978853731246e-05,0.00206949457619265
ground_268_gt.ply,0.004858065881628815,0.009480541110991437
ground_1263_gt.ply,0.0004068817418076264,0.0018519491008113374
ground_1078_gt.ply,0.0017879668764738813,0.0036103814879335514
ground_38_gt.ply,0.004712154150115945,0.009638315613914832
ground_985_gt.ply,0.0013784413651211549,0.003259431850750359
ground_134_gt.ply,0.004857303060493452,0.009631497450873841
ground_531_gt.ply,0.004880976449091682,0.009283515298594584
ground_521_gt.ply,0.00468199617253887,0.008931427405218425
ground_1321_gt.ply,0.004925800011094404,0.009672456345020968
ground_1305_gt.ply,0.004765614274559158,0.00920688009613138
ground_516_gt.ply,0.004889313576470365,0.009228088990386081
ground_473_gt.ply,0.004739002351110902,0.009308575747399793
ground_814_gt.ply,0.0024175043632439024,0.003562629211449083
ground_1258_gt.ply,0.0022658574005086857,0.002745431682519909
ground_1419_gt.ply,0.004768761806812292,0.009371684051300577
ground_163_gt.ply,0.004874026623040184,0.009918868775046637
ground_535_gt.ply,0.004889193795245968,0.009428585658993762
ground_632_gt.ply,0.004547886633319287,0.009030380095234235
ground_57_gt.ply,0.004653983918192599,0.009318931244427347
ground_29_gt.ply,0.004954144634560964,0.009585971866696488
ground_533_gt.ply,0.005013897234508207,0.010167516995644546
ground_1083_gt.ply,0.0018676116718570103,0.0032825668983907192
ground_1019_gt.ply,0.0004542920616289774,0.0021210015765221633
ground_1106_gt.ply,0.001842334016839338,0.0032893904054417354
ground_201_gt.ply,0.004666155840582504,0.009423951837191621
ground_802_gt.ply,0.001829991725996809,0.003473370131035164
ground_89_gt.ply,0.0046532229042065,0.008490223499009152
ground_1018_gt.ply,0.0017320436712223147,0.0031009209758968872
ground_148_gt.ply,0.0046333243817787695,0.009326493904347482
ground_393_gt.ply,0.005109603709522938,0.009920743314126682
ground_478_gt.ply,0.0050577530086355965,0.009797731375112527
ground_1188_gt.ply,0.001938978003114935,0.0036309721580719536
ground_416_gt.ply,0.004913325817830876,0.009889011982945515
ground_1058_gt.ply,0.0014935763939808188,0.002652218851141509
ground_513_gt.ply,0.005139608380316444,0.009298616409408069
ground_479_gt.ply,0.005032107272485405,0.00967271025270224
ground_491_gt.ply,0.0046210529569975095,0.009108240575329952
ground_820_gt.ply,0.0031266367403099413,0.0031332414740897338
ground_341_gt.ply,0.004469558277702571,0.009378067393734224
ground_643_gt.ply,0.005031546396338243,0.0091520240420828
ground_1358_gt.ply,0.0046358627902016065,0.009542457910292665
ground_1436_gt.ply,0.0047511659051362,0.009059057225328482
ground_687_gt.ply,0.0003715482330875101,0.002677970064832583
ground_904_gt.ply,0.0013522570728754907,0.0032002918796737384
ground_1161_gt.ply,0.0019746441431918093,0.0034626769155129255
ground_539_gt.ply,0.004584294111651552,0.009473606001211814
ground_871_gt.ply,0.0015304377490167472,0.003474257935303676
ground_264_gt.ply,0.004633488331705659,0.008871321413772315
ground_1374_gt.ply,0.004839684186903516,0.009149163650873312
ground_285_gt.ply,0.004890181900060748,0.009491616122436028
ground_474_gt.ply,0.004478861103003249,0.009434984360122894
ground_1169_gt.ply,0.0021746976419136053,0.003154511771433866
ground_1308_gt.ply,0.00480444163014166,0.009742601251910971
ground_557_gt.ply,0.004867621568856762,0.009359533867768353
ground_815_gt.ply,0.001986261870014795,0.0037051264183535475
ground_425_gt.ply,0.00474892008824907,0.009920617583395437
ground_572_gt.ply,0.005132909159576643,0.00913027050200033
ground_498_gt.ply,0.004936086171935364,0.009452063877272019
ground_1191_gt.ply,0.0018507501412192964,0.003121800403549061
ground_22_gt.ply,0.005056985657074345,0.009335930561017017
ground_569_gt.ply,0.0049280000870831646,0.00999859075739242
ground_380_gt.ply,0.004781694088403736,0.009402810836422096
ground_207_gt.ply,0.00468772260869909,0.009229271554225586
ground_995_gt.ply,0.0016345167128114218,0.003172605829321465
ground_261_gt.ply,0.004608986167755344,0.009443201012134342
ground_223_gt.ply,0.004522135137251349,0.008663808707465689
ground_1158_gt.ply,0.0023377621665927936,0.0028917275671307757
ground_653_gt.ply,0.0009884089952535739,0.0030218474281791113
ground_1444_gt.ply,0.004608774918533155,0.009038596512446205
ground_68_gt.ply,0.004813514168712408,0.009331170137861763
ground_468_gt.ply,0.004967636499878216,0.009054349045436755
ground_405_gt.ply,0.005221930809384099,0.009859956433528376
ground_786_gt.ply,0.0024449119685740523,0.003211435435763969
ground_308_gt.ply,0.004858315677410451,0.009084248213198523
ground_1129_gt.ply,0.0020087168879469237,0.003477190860927237
ground_1274_gt.ply,9.038315971904816e-05,0.0019886656259620094
ground_434_gt.ply,0.004434553704052817,0.00893386083052988
ground_9_gt.ply,0.00473519297991938,0.009069411786782462
ground_1360_gt.ply,0.004575281600111435,0.009903449996242434
ground_1302_gt.ply,0.004705286901204174,0.009964629115464366
ground_872_gt.ply,0.002062116802675861,0.00335856687098841
ground_781_gt.ply,0.0,0.002028967205652444
ground_551_gt.ply,0.004246346755892636,0.009440696038426974
ground_1245_gt.ply,0.001708782555862868,0.00351484359053503
ground_602_gt.ply,0.0045456971159697716,0.009406234196960418
ground_1089_gt.ply,0.0015703944058450996,0.003203601202923894
ground_1081_gt.ply,0.0,0.0013511540750494211
ground_402_gt.ply,0.00488588131155344,0.010045107016004012
ground_271_gt.ply,0.004434018246115912,0.008746133942463902
ground_1369_gt.ply,0.005175344490984722,0.00995404150955811
ground_1225_gt.ply,0.002873277680515019,0.0029539994146355417
ground_1220_gt.ply,0.0011230818885243623,0.0027550454770256423
ground_1107_gt.ply,0.000491324320821585,0.002050502878760463
ground_438_gt.ply,0.00501267631712018,0.009314908981985436
ground_1035_gt.ply,0.00275755885206659,0.002922413107966239
ground_891_gt.ply,0.0021529319479277444,0.0032479993045676837
ground_583_gt.ply,0.00496464241095323,0.00966467582483372
ground_351_gt.ply,0.005015849816653802,0.010240566946704027
ground_677_gt.ply,0.0011659534121224102,0.002838048327535983
ground_633_gt.ply,0.005151042003792723,0.010069235439736295
ground_102_gt.ply,0.0045958299300717514,0.009119094019929006
ground_803_gt.ply,0.0026723940118329476,0.0034908433131460546
ground_488_gt.ply,0.004470489998479782,0.009952926093421154
ground_88_gt.ply,0.00471792368363381,0.00961278509195813
ground_882_gt.ply,0.0026178309916938414,0.003752104598563658
ground_918_gt.ply,0.001770771014622674,0.0038981807121287277
ground_1257_gt.ply,0.0014686012512011778,0.002713538491893548
ground_241_gt.ply,0.004930165986040875,0.009176857741837189
ground_1272_gt.ply,7.744084011052194e-05,0.001605567547604257
ground_86_gt.ply,0.0045143962148179876,0.008945610595740592
ground_265_gt.ply,0.005075573520160172,0.009814939208116758
ground_731_gt.ply,0.0005003110648833333,0.0026678157418844025
ground_199_gt.ply,0.004855071052932114,0.00940025129670649
ground_1392_gt.ply,0.004888515527692868,0.009794297226942326
ground_580_gt.ply,0.0047249047982002735,0.009181942166320298
ground_198_gt.ply,0.00509147378494153,0.009763264553497143
ground_555_gt.ply,0.004622346555564658,0.009076010338789122
ground_1076_gt.ply,0.0015467412616317826,0.003375308331171429
ground_688_gt.ply,0.0,0.0016295857877345048
ground_622_gt.ply,0.00481738244434174,0.009572077294167262
ground_884_gt.ply,0.0027517232163713212,0.003812059588263532
ground_821_gt.ply,0.002194621098314358,0.003077637112043151
ground_1130_gt.ply,0.0005697132713413313,0.002141862774223296
ground_1368_gt.ply,0.004628128690617952,0.010012591898456035
ground_1242_gt.ply,0.0015507759510841293,0.003352650119650626
ground_1226_gt.ply,0.001025904696050463,0.0021897182373715384
ground_1080_gt.ply,0.0018089331393184931,0.003654361496134675
ground_1156_gt.ply,0.0025813587705840477,0.0029342673384472797
ground_1278_gt.ply,0.00048285374592756835,0.0020788072964192696
ground_764_gt.ply,0.0006633685394495555,0.00249471248093811
ground_90_gt.ply,0.005026767624279911,0.009674498394213225
ground_508_gt.ply,0.0049323770613868174,0.009558359813590628
ground_80_gt.ply,0.005073400208098822,0.009443330180349215
ground_597_gt.ply,0.00479345276479592,0.00942263685905704
ground_857_gt.ply,0.0015877927549213886,0.003145349836132738
ground_1247_gt.ply,0.0015262119165518925,0.0026113409963132933
ground_1351_gt.ply,0.004888620432924854,0.009347576920008715
ground_132_gt.ply,0.004982905846081195,0.009839722635853712
ground_449_gt.ply,0.005282818537372003,0.009984920894632533
ground_454_gt.ply,0.004831374420694651,0.009959955876631914
ground_1373_gt.ply,0.004772936102315081,0.00956330044398034
ground_146_gt.ply,0.0049320875102168045,0.009075451635183725
ground_1071_gt.ply,0.0016046990910872773,0.003226373661550212
ground_354_gt.ply,0.005033326380447291,0.009565602662521034
ground_807_gt.ply,0.00230837385167122,0.00326170182739236
ground_752_gt.ply,0.0,0.0009646097048980975
ground_161_gt.ply,0.0048794906206771375,0.009753241101022821
ground_738_gt.ply,0.00025200293775993994,0.0023272545598187542
ground_892_gt.ply,0.0017255870325627322,0.003787815651538507
ground_545_gt.ply,0.005298247713161256,0.009676890271585296
ground_49_gt.ply,0.004611106691004451,0.009406030901401912
ground_695_gt.ply,0.0018513758367530962,0.0027356517934500465
ground_1315_gt.ply,0.004313959914769891,0.008753289587756088
ground_1124_gt.ply,0.001656159506145379,0.003363588980109999
ground_442_gt.ply,0.005185842970893646,0.009528200726143755
ground_1239_gt.ply,0.0021052878921703558,0.0032845881175265824
ground_390_gt.ply,0.004559434185006846,0.009788388716086727
ground_469_gt.ply,0.004475281040784591,0.009994271504786994
ground_5_gt.ply,0.005056152527694189,0.010037423884904062
ground_590_gt.ply,0.005024314261256092,0.00935182887516781
ground_933_gt.ply,0.0015045306655320264,0.003071754601952736
ground_82_gt.ply,0.004653383659827714,0.009666594370617662
ground_411_gt.ply,0.004674243693888404,0.00976170501870708
ground_1206_gt.ply,0.0021260109516719463,0.0034033517183774207
ground_1059_gt.ply,0.0016441041449322812,0.0027099980592283986
ground_876_gt.ply,0.0025617041006574933,0.003433469633828524
ground_113_gt.ply,0.004924055719561629,0.009138622472624626
ground_541_gt.ply,0.005132735803039351,0.009703542082982842
ground_1099_gt.ply,0.0017265929953547625,0.0031397189384428314
ground_958_gt.ply,0.0016564082382818025,0.0034323795846378717
ground_410_gt.ply,0.0043840407262923835,0.009338359146398842
ground_1276_gt.ply,0.0010102136218879095,0.0025411870911297672
ground_1361_gt.ply,0.004689238535896093,0.010057079476823489
ground_721_gt.ply,0.0003933460488050206,0.002709581367510294
ground_1281_gt.ply,0.0020455480793971793,0.0036623339912206006
ground_1196_gt.ply,0.0013919467516659136,0.0029972759369150752
ground_960_gt.ply,0.0014770765309754328,0.00364381521061967
ground_1147_gt.ply,0.0018724603017801203,0.003530319765050139
ground_1054_gt.ply,0.0027404514219984163,0.0032534719809794825
ground_175_gt.ply,0.005261400396859083,0.009192616436547719
ground_378_gt.ply,0.0047384261379712946,0.009882980947219629
ground_166_gt.ply,0.004807977372593534,0.009356387123252635
ground_290_gt.ply,0.004756303472514411,0.009706675303416078
ground_990_gt.ply,0.0018035291849999397,0.003576203174978112
ground_1030_gt.ply,0.0020111427742553955,0.003445389546797012
ground_26_gt.ply,0.004659485869552367,0.009757476137062522
ground_431_gt.ply,0.00496763814941681,0.009728857872296494
ground_306_gt.ply,0.004431307036314492,0.009080491970111597
ground_397_gt.ply,0.004994883315426496,0.009964324496928849
ground_350_gt.ply,0.004685192187599444,0.010065321625282552
ground_177_gt.ply,0.0050121325817901324,0.008529471599727799
ground_428_gt.ply,0.004701484379994129,0.009765435038400433
ground_419_gt.ply,0.0048356194160857225,0.008820474204960555
ground_1394_gt.ply,0.0050233284339224315,0.010155253234198414
ground_1243_gt.ply,0.0018758966666292524,0.0034055394809898304
ground_77_gt.ply,0.004677397949262375,0.008823039301455721
ground_845_gt.ply,0.001902549544485549,0.0034250706472150633
ground_37_gt.ply,0.004659765311147224,0.009322128443374426
ground_747_gt.ply,0.0016053462452646527,0.002615071192477451
ground_181_gt.ply,0.005207107291500218,0.009748399777888078
ground_400_gt.ply,0.004570574201729851,0.00974290760137515
ground_1133_gt.ply,0.0009601016323105237,0.002713113020476739
ground_463_gt.ply,0.004982070860869178,0.009502105410116427
ground_1385_gt.ply,0.004847376949483314,0.009195577431321093
ground_1146_gt.ply,0.002368124437525298,0.002827534748108194
ground_636_gt.ply,0.004652309179325182,0.009480494179317745
ground_272_gt.ply,0.00436776675452883,0.008816593372556159
ground_778_gt.ply,0.0007801339732262731,0.002642406895062282
ground_1057_gt.ply,0.0019920266095701748,0.0032981402065785856
ground_1414_gt.ply,0.0045887561836616035,0.009808394943658746
ground_1149_gt.ply,3.2443881076119176e-05,0.0015797359228105767
ground_661_gt.ply,0.0,0.0019206422999907228
ground_336_gt.ply,0.004735283429919817,0.009677964278703955
ground_792_gt.ply,0.00012833410687944046,0.0018893174121578317
ground_106_gt.ply,0.005177917207108652,0.00950731728812089
ground_159_gt.ply,0.004558776527302176,0.00961240382113813
ground_1299_gt.ply,0.005017747641577138,0.009811577718999633
ground_743_gt.ply,6.950524343121198e-05,0.002168788700725087
ground_729_gt.ply,0.0004292769811983576,0.002659022168544389
ground_1235_gt.ply,0.002139260998634506,0.003418508342407353
ground_1159_gt.ply,0.0016501114071195647,0.0034133707309512477
ground_254_gt.ply,0.004945771268857204,0.009678419487139387
ground_1037_gt.ply,0.0008654114594115643,0.0021891612334454073
ground_72_gt.ply,0.004674405857450975,0.00954439020243833
ground_581_gt.ply,0.00495455769937966,0.009516009332734434
ground_115_gt.ply,0.004837108887977183,0.009550258080667194
ground_444_gt.ply,0.004759211071978297,0.00976629305053203
ground_1036_gt.ply,0.0014258194059494375,0.0029842882297998518
ground_783_gt.ply,0.0020067333432730074,0.0027161511797360108
ground_573_gt.ply,0.0047295064588725455,0.008862709734433857
ground_627_gt.ply,0.004996923902306504,0.009516172171026282
ground_1347_gt.ply,0.004519979033213016,0.008704987025800474
ground_606_gt.ply,0.004475147851778215,0.009567304148801872
ground_1075_gt.ply,0.0016467530590352508,0.0034660986113118396
ground_1311_gt.ply,0.004828704926108911,0.009535695280181913
ground_1335_gt.ply,0.0044483060407197635,0.009186310297877236
ground_595_gt.ply,0.004560523142141034,0.009019208639977731
ground_361_gt.ply,0.004828883628138714,0.009444418449597099
ground_978_gt.ply,0.001733326518806642,0.0034757503413479635
ground_991_gt.ply,0.0017675718353820304,0.0036204033741113807
ground_941_gt.ply,0.002309572899352595,0.0032978946685064724
ground_383_gt.ply,0.004594113600367496,0.009369709786644033
ground_1327_gt.ply,0.004852810001007473,0.009956008492914867
ground_1221_gt.ply,0.0016374893710863153,0.0027543412198629395
ground_514_gt.ply,0.004699975490564093,0.009255792486986733
ground_192_gt.ply,0.004582530681896032,0.009556727307121808
ground_325_gt.ply,0.004993697050285835,0.008967554356662629
ground_938_gt.ply,0.003256649321769706,0.0032226358769697734
ground_1085_gt.ply,0.0017553506244959937,0.0035027011516630038
ground_232_gt.ply,0.005239620496322265,0.009757165855505463
ground_112_gt.ply,0.004399341173345285,0.009368505890454135
ground_217_gt.ply,0.0048337975868757545,0.009853642045083686
ground_1429_gt.ply,0.0051967491525968,0.009544160753338454
ground_1066_gt.ply,9.554530309268549e-05,0.001618653245518627
ground_1118_gt.ply,2.8706141565885143e-05,0.0016769118086398284
ground_659_gt.ply,0.0022119085139787383,0.002806984499021072
ground_1139_gt.ply,0.001285332613823109,0.0028226766612700783
ground_1407_gt.ply,0.005273352992483137,0.009898273009853777
ground_492_gt.ply,0.00474218757553007,0.0097369695362353
ground_1042_gt.ply,0.0012217275151319054,0.0029468823734885158
ground_1430_gt.ply,0.004923177726985825,0.009753441353146815
ground_1250_gt.ply,0.003178445973762959,0.0032577423659834277
ground_1153_gt.ply,0.0015632071248850342,0.0034893534897939326
ground_1127_gt.ply,0.00021295478817397274,0.0020456859983637755
ground_186_gt.ply,0.004692827596162002,0.009024623184034655
ground_1165_gt.ply,0.0019030756807485246,0.0034874778768332875
ground_147_gt.ply,0.004966913429112453,0.00958717646522056
ground_870_gt.ply,0.001623689590039427,0.003356948004836764
ground_955_gt.ply,0.0018367461920046498,0.003524779978557848
ground_1033_gt.ply,0.0008104402379623761,0.0020761262518685544
ground_48_gt.ply,0.004356846137059934,0.009467761182565405
ground_1029_gt.ply,0.0014661489579406045,0.003276226179752574
ground_257_gt.ply,0.004648251335923994,0.009210450545851163
ground_989_gt.ply,7.558897235657781e-06,0.0015825972245781695
ground_685_gt.ply,1.3156682390187665e-05,0.0018352493043609897
ground_779_gt.ply,0.0001798831918749437,0.0027880384473372728
ground_503_gt.ply,0.004864766846740455,0.009383902459709683
ground_1043_gt.ply,0.0028435192271125563,0.003410967819627091
ground_1341_gt.ply,0.004265122172004244,0.009196630559674422
ground_714_gt.ply,0.00020231473897660982,0.0022211010918884635
ground_860_gt.ply,0.0020956134359107464,0.003189881933544709
ground_118_gt.ply,0.004928107459331485,0.009416984953331488
ground_888_gt.ply,0.0014792502355705044,0.0035251496832207404
ground_968_gt.ply,0.002172769753080993,0.0030087209302907137
ground_256_gt.ply,0.004765657430704558,0.008958046026543997
ground_1408_gt.ply,0.004938013764780058,0.009588817218412484
ground_53_gt.ply,0.004827699426058382,0.009544533368911643
ground_392_gt.ply,0.004515477001051921,0.009089622266072413
ground_768_gt.ply,0.0015048647333392774,0.0026404582101921324
ground_952_gt.ply,0.0019943748325834494,0.0038037700522326533
ground_780_gt.ply,7.887847546047416e-05,0.0020034497056570693
ground_637_gt.ply,0.005101107529167285,0.009301150170746942
ground_811_gt.ply,0.0018937130912393867,0.0037292353543341176
ground_1333_gt.ply,0.004803355933044153,0.009454243185707483
ground_1152_gt.ply,0.000146918197567306,0.0017799707859722604
ground_1096_gt.ply,0.0017093185950685672,0.0034644433355242935
ground_592_gt.ply,0.004344673474892487,0.009103691052145466
ground_512_gt.ply,0.005113976801682019,0.009473642565033025
ground_863_gt.ply,0.0013927422566819459,0.003464267539360744
ground_910_gt.ply,0.0019146480374704965,0.0034634566996443556
ground_17_gt.ply,0.004705354929136716,0.009087678690669603
ground_733_gt.ply,0.000545365943433107,0.002632469412996729
ground_1377_gt.ply,0.005085292805230338,0.010044427297657584
ground_1062_gt.ply,0.0020610962765611313,0.0032495142448485644
ground_794_gt.ply,0.0,0.0014051575932401117
ground_1155_gt.ply,0.0016679897595118407,0.003138140210230568
ground_548_gt.ply,0.004800470233339355,0.009071692476387394
ground_332_gt.ply,0.005234174017872832,0.009894484011714565
ground_1331_gt.ply,0.0045222181331928644,0.009412675371656572
ground_423_gt.ply,0.00476425852914839,0.009626419179096467
ground_843_gt.ply,0.0020535603114486024,0.0038038193083461914
ground_153_gt.ply,0.004853762099662963,0.00970807896712881
ground_136_gt.ply,0.004554561755501896,0.009530221777288192
ground_1418_gt.ply,0.00484387483228505,0.009010940276570794
ground_1231_gt.ply,0.0018626619140738195,0.0034187615439022715
ground_379_gt.ply,0.005293642552753416,0.00978800161729504
ground_619_gt.ply,0.005400635318614681,0.01027256403809737
ground_391_gt.ply,0.0049136778645061715,0.009486141257792905
ground_537_gt.ply,0.00483324584736718,0.009602584687172861
ground_886_gt.ply,0.002435323834633795,0.0034591223252190945
ground_1309_gt.ply,0.005046529474800512,0.009375440453159516
ground_344_gt.ply,0.0051191230799208795,0.009678624460598686
ground_1185_gt.ply,0.0012142822312226332,0.002457728575283055
ground_359_gt.ply,0.004850565531289704,0.009636033801278693
ground_1295_gt.ply,0.004909994927168636,0.009832775187911246
ground_1317_gt.ply,0.004645176833837446,0.009544501275878692
ground_471_gt.ply,0.005053087367298127,0.009703476721456467
ground_519_gt.ply,0.004715439617945238,0.009478727676455677
ground_560_gt.ply,0.0047244209625639765,0.009708471575120014
ground_1172_gt.ply,0.0019072928504561535,0.0033365502732548725
ground_1026_gt.ply,0.0024780889901240494,0.0024846015164342533
ground_553_gt.ply,0.004734236137617614,0.009689671443287976
ground_382_gt.ply,0.004752757995560983,0.009282201549258889
ground_510_gt.ply,0.004426674921473038,0.009508058808676594
ground_1217_gt.ply,0.0018860729668596552,0.0033506909454935375
ground_481_gt.ply,0.004186311280347301,0.00940603639499131
ground_427_gt.ply,0.004652845583567021,0.009527156343842139
ground_841_gt.ply,0.0012169505094290854,0.0031888635957095226
ground_1074_gt.ply,0.0012953565978517192,0.003303509535633347
ground_66_gt.ply,0.004796983305831903,0.009482547065279037
ground_869_gt.ply,0.002396024977065022,0.0030397954749361348
ground_1403_gt.ply,0.004802527521536832,0.010160295057273252
ground_917_gt.ply,0.0019108876890633578,0.0036310723082264365
ground_1162_gt.ply,0.0022713936733765403,0.003544304420341206
ground_1028_gt.ply,0.0021417148170293915,0.0036267125833158243
ground_788_gt.ply,0.0006406737629535589,0.002545847036101754
ground_1113_gt.ply,0.0017202901563936432,0.002122069537887494
ground_965_gt.ply,0.0007378324563371598,0.0026301682437947847
ground_893_gt.ply,0.0015576460594594187,0.003609264845948222
ground_719_gt.ply,0.0,0.0016731902832894867
ground_895_gt.ply,0.001510304242272163,0.0035814178657611875
ground_1365_gt.ply,0.005034897660431735,0.009746325403058927
ground_329_gt.ply,0.00498977637952213,0.009806419360505681
ground_808_gt.ply,0.0020132406286059792,0.0035646016189271853
ground_1055_gt.ply,0.0016761825940049568,0.00216786204497264
ground_853_gt.ply,0.0028163999496863016,0.003357065979045059
ground_45_gt.ply,0.004537573716515605,0.009123071566870969
ground_846_gt.ply,0.0017532655378656183,0.003613721923242369
ground_1412_gt.ply,0.004385433234712253,0.008580772150980898
ground_399_gt.ply,0.0049998536732604425,0.010273131171230871
ground_1119_gt.ply,0.0015892763169772508,0.0029155353583895194
ground_801_gt.ply,0.0015068903882939242,0.0031865884463884676
ground_100_gt.ply,0.005187240460586905,0.00950374486744879
ground_1260_gt.ply,0.0015715308611309801,0.003510664630706167
ground_1248_gt.ply,0.002154875923577197,0.0028094552873629344
ground_861_gt.ply,0.0014103154378637432,0.003663845451474323
ground_1439_gt.ply,0.004734870887162089,0.009336742110594227
ground_923_gt.ply,0.0016101234403897823,0.0034649919935997335
ground_50_gt.ply,0.004784457368406395,0.009547150292084486
ground_318_gt.ply,0.004959050227109606,0.009372279316561228
ground_1004_gt.ply,0.0021251708291275843,0.0035777025279612627
ground_805_gt.ply,0.00173410570503463,0.0035689088353184086
ground_404_gt.ply,0.005071743492101603,0.009534964941311227
ground_1386_gt.ply,0.004927366212343255,0.009540943937527515
ground_500_gt.ply,0.0049957861894579705,0.009884191438497756
ground_243_gt.ply,0.004736302531035337,0.009587309938753178
ground_724_gt.ply,0.0017262129879608802,0.0029061066355429484
ground_1211_gt.ply,0.001337609949433059,0.003274850673960951
ground_538_gt.ply,0.004909639876470577,0.009425381849448446
ground_964_gt.ply,0.001816469138163594,0.0033629271882370504
ground_335_gt.ply,0.004762490927666889,0.009392815696074799
ground_7_gt.ply,0.004627580431934996,0.009898332960869782
ground_176_gt.ply,0.004948145636175113,0.009756069151347193
ground_267_gt.ply,0.005139825919556966,0.009458606838709081
ground_107_gt.ply,0.005017390691182825,0.009256398584923858
ground_585_gt.ply,0.004433120014214288,0.009712463488509423
ground_1396_gt.ply,0.004642186185337897,0.00938642330394954
ground_73_gt.ply,0.004964473921538888,0.009653095285508473
ground_54_gt.ply,0.004899377894745702,0.009397878758264975
ground_197_gt.ply,0.004908532530412342,0.009742170101090913
ground_1431_gt.ply,0.00485067358239392,0.009762488827346493
ground_1044_gt.ply,0.001752799662865792,0.0036281136791353735
ground_345_gt.ply,0.004563017132217285,0.009616861700565853
ground_1345_gt.ply,0.004959537057185402,0.009346724784195142
ground_1301_gt.ply,0.005081108770799633,0.009671670299642148
ground_730_gt.ply,0.0,0.0013167736828250088
ground_1384_gt.ply,0.004739675769377404,0.009150446706757572
ground_851_gt.ply,0.0023348644791916576,0.0035701399633004524
ground_704_gt.ply,0.000898140830187483,0.0026693987394422127
ground_672_gt.ply,0.000373429440564417,0.0021767679438881296
ground_951_gt.ply,0.002027271397115972,0.003105482678233034
ground_222_gt.ply,0.004654923829927498,0.009605148622597929
ground_726_gt.ply,0.00018646527482037048,0.0021977431894200923
ground_1255_gt.ply,0.0017206922974378086,0.0030699888162132663
ground_767_gt.ply,0.0009993645426474426,0.002780583148135168
ground_55_gt.ply,0.004816231227746388,0.009873119163643236
ground_205_gt.ply,0.0045301509151485534,0.009593441819815616
ground_1131_gt.ply,0.001754703300376121,0.0029692058750044057
ground_770_gt.ply,0.0015296876148356477,0.0034032154518269953
ground_476_gt.ply,0.004527972590432387,0.009844968499677741
ground_810_gt.ply,0.002309127284562124,0.0035672489453041963
ground_959_gt.ply,0.0022414079742247607,0.003888798331668092
ground_896_gt.ply,0.0021877994275555754,0.00316697753416151
ground_33_gt.ply,0.005256504810505654,0.009711356080752182
ground_1395_gt.ply,0.0052104242055192925,0.009584323012077924
ground_363_gt.ply,0.004512832274308721,0.009630356012561361
ground_1069_gt.ply,0.001954021522089914,0.003307621250697074
ground_67_gt.ply,0.004166542260556122,0.009194205410148443
ground_1061_gt.ply,0.002443110583139923,0.0025259447557950004
ground_898_gt.ply,0.0015714141512287816,0.0037277875291934423
ground_864_gt.ply,0.0019497950649838922,0.003149681005117684
ground_203_gt.ply,0.005016649922073823,0.009464041392225184
ground_760_gt.ply,0.0008680709034828442,0.0026616886937515234
ground_437_gt.ply,0.00455363974463938,0.009475548547413705
ground_460_gt.ply,0.00466628333804983,0.009799447116144711
ground_58_gt.ply,0.004979701770932945,0.009472105785080438
ground_304_gt.ply,0.004675102527010647,0.009328761894985936
ground_6_gt.ply,0.004784412893664561,0.008760301646695336
ground_1303_gt.ply,0.004845058333990288,0.009512633185017997
ground_527_gt.ply,0.005293169635510082,0.010304797625119873
ground_356_gt.ply,0.004659036222953312,0.009426208769132551
ground_76_gt.ply,0.004984625555282257,0.00941743852812721
ground_248_gt.ply,0.0044707228280993945,0.00920786299944034
ground_104_gt.ply,0.004885801406813503,0.009877152405273332
ground_832_gt.ply,0.0015931410360007516,0.003293431283060622
ground_949_gt.ply,0.001702498430953903,0.003809021585436065
ground_859_gt.ply,0.0014539428102571272,0.003046727406921116
ground_522_gt.ply,0.004536775687500156,0.00901167421696275
ground_1123_gt.ply,0.0012074445829771251,0.0022525736380395243
ground_976_gt.ply,0.001289067046393789,0.003106775421760913
ground_11_gt.ply,0.004710058093148669,0.00922973645734797
ground_216_gt.ply,0.005045707419842877,0.009440505607695378
ground_129_gt.ply,0.005133075210645951,0.009379004287763334
ground_825_gt.ply,0.0015979250742709603,0.003365500225440066
ground_386_gt.ply,0.0045741536746298096,0.009570845899608884
ground_591_gt.ply,0.004933309020243212,0.009235283853087195
ground_79_gt.ply,0.004525289287153294,0.009268932189670249
ground_204_gt.ply,0.004707093800990248,0.008993765142900484
ground_816_gt.ply,0.0018168284688896152,0.0036871006297897004
ground_1115_gt.ply,0.0017228272092000194,0.003183384326152663
ground_787_gt.ply,0.0006476529587654159,0.0026837280255175523
ground_111_gt.ply,0.004792596082077291,0.00951882214366715
ground_824_gt.ply,0.0019428491384833298,0.0037897480311448895
ground_110_gt.ply,0.004990917421668228,0.00893187491283251
ground_866_gt.ply,0.0013743014462357906,0.0032998945083565
ground_338_gt.ply,0.004593935648429642,0.010074284505250292
ground_1372_gt.ply,0.004826490440649178,0.009887237859852979
ground_885_gt.ply,0.002186271758136334,0.0037437797434874335
ground_1397_gt.ply,0.004727568217040595,0.009256704992507114
ground_868_gt.ply,0.0014615328177224572,0.0031937804062035285
ground_340_gt.ply,0.0047965876941148,0.009478730137499699
ground_1383_gt.ply,0.005068017003264905,0.009186956134909314
ground_432_gt.ply,0.004869829897287729,0.009878274617047114
ground_114_gt.ply,0.005013834504527626,0.009239024168717353
ground_239_gt.ply,0.004326869501568291,0.009165483573576598
ground_1241_gt.ply,0.0008724923601594698,0.0024186837506594413
ground_1312_gt.ply,0.004984491547528731,0.009634803124035592
ground_227_gt.ply,0.004681293282343157,0.009549747808784271
ground_1140_gt.ply,0.001412569747540946,0.002990104153142021
ground_1202_gt.ply,0.0014013934864193184,0.0030300846800983853
ground_931_gt.ply,0.0017150863291250887,0.0034640871751514127
ground_78_gt.ply,0.00499083559466979,0.009880776805983465
ground_1323_gt.ply,0.004834731804821808,0.009473906898596134
ground_127_gt.ply,0.005083929917694352,0.008976839893998351
ground_242_gt.ply,0.004863030476246489,0.009156092369720507
ground_1256_gt.ply,0.0022407754176169735,0.003642286098562544
ground_487_gt.ply,0.004808362577910285,0.009098509157629558
ground_797_gt.ply,2.0375885592791002e-05,0.0023494657121658495
ground_665_gt.ply,0.001447844513183403,0.002667116059906356
ground_924_gt.ply,0.001845967236456973,0.0037733875157943417
ground_1178_gt.ply,0.0015560369425424902,0.003105201269491504
ground_631_gt.ply,0.00476496888910712,0.009927820048197599
ground_737_gt.ply,0.0011384253995697555,0.0027301391736322357
ground_1047_gt.ply,0.0019945308315021818,0.002712507545786123
ground_660_gt.ply,0.0002711924233054844,0.002387606741805967
ground_848_gt.ply,0.002275865108652915,0.0029758169006157817
ground_611_gt.ply,0.004906009205479515,0.009228422672183162
ground_774_gt.ply,1.4931955145938978e-05,0.0018140931665098104
ground_191_gt.ply,0.005199232075134166,0.009421673489064367
ground_51_gt.ply,0.004932317784031957,0.00940672073082069
ground_646_gt.ply,0.005061566372603406,0.00990604792067707
ground_651_gt.ply,0.0004597227473756496,0.002653798614525261
ground_348_gt.ply,0.004360784156087528,0.008882570696581566
ground_1355_gt.ply,0.005031383184947915,0.009387671795498386
ground_693_gt.ply,0.0,0.0009317042819927594
ground_1197_gt.ply,0.0020269460527273476,0.002333796149903921
ground_1354_gt.ply,0.004918162799818953,0.009178843245246631
ground_193_gt.ply,0.004914692294375989,0.00988835117474273
ground_1070_gt.ply,0.001660837794469994,0.00350450566995716
ground_818_gt.ply,0.002209719702399302,0.003533980174930948
ground_1132_gt.ply,0.002820578899970769,0.0030765427709686217
ground_791_gt.ply,0.001146426385302557,0.0032391429051369424
ground_887_gt.ply,0.0022494331230417802,0.003923819933533057
ground_347_gt.ply,0.004771597345773974,0.009504199910921624
ground_1007_gt.ply,0.0,0.00139121608813058
ground_25_gt.ply,0.004687348405012552,0.0097696482154604
ground_262_gt.ply,0.005043416293400469,0.00942187445325783
ground_515_gt.ply,0.0052781166141736575,0.009377025615504837
ground_1180_gt.ply,0.0017474436305626208,0.003052577296509941
ground_187_gt.ply,0.004866606240101981,0.009547622626640856
ground_141_gt.ply,0.004683963147894456,0.009657181657008023
ground_1249_gt.ply,0.001753878716450593,0.0033106251301423468
ground_412_gt.ply,0.005224810669135156,0.009824316215882187
ground_301_gt.ply,0.004651814622247096,0.009180520264494226
ground_482_gt.ply,0.005072069931000681,0.009901689967846947
ground_64_gt.ply,0.004631612184819696,0.0092180622050223
ground_168_gt.ply,0.004457663228156125,0.009079717133923582
ground_1095_gt.ply,0.0016436925102021453,0.0030984255870149862
ground_926_gt.ply,0.001715765221837203,0.003394010871793544
ground_552_gt.ply,0.004600840756086463,0.009223375567637884
ground_1097_gt.ply,0.002260268528230803,0.002609799609587236
ground_233_gt.ply,0.005156377528658011,0.009556319813791278
ground_381_gt.ply,0.004794465602069884,0.009180719093131468
ground_618_gt.ply,0.0046973203755519225,0.009442457443270429
ground_333_gt.ply,0.004190252342629773,0.00940496965442707
ground_1126_gt.ply,0.0017653005597118583,0.0033227557227688237
ground_1423_gt.ply,0.004527476413648453,0.009422995357118408
ground_323_gt.ply,0.0047749408885697005,0.00990494813197682
ground_1073_gt.ply,0.00231183152127795,0.002480243163788442
ground_1008_gt.ply,0.0020200644289060515,0.0030839649180398774
ground_465_gt.ply,0.0048494522002856325,0.009551105538522363
ground_663_gt.ply,0.002033381320615631,0.0028465223961174385
ground_1313_gt.ply,0.0048335406975045766,0.009586062172285754
ground_644_gt.ply,0.004919424518301273,0.0097891126157051
ground_189_gt.ply,0.005232613829878397,0.008785300734367793
ground_1293_gt.ply,0.005251912780493089,0.009662692968372976
ground_920_gt.ply,0.0017249120922308734,0.0035819499647141992
ground_1084_gt.ply,0.0022357892652534574,0.0035147073644719107
ground_1422_gt.ply,0.004872349885074817,0.009293223038334304
ground_1005_gt.ply,0.0012678498432886287,0.003348405718871934
ground_684_gt.ply,0.0017068323068302517,0.002936143452096243
ground_1189_gt.ply,0.0019578130270080855,0.003401076477222452
ground_1212_gt.ply,0.0037249891539655943,0.0035915189356237375
ground_962_gt.ply,0.0019573028948795634,0.003436554037008841
ground_1296_gt.ply,0.005037522605791203,0.009334856614622935
ground_138_gt.ply,0.004314179169418722,0.008814050568041526
ground_658_gt.ply,0.0,0.0014435837596639889
ground_727_gt.ply,0.0020331219858577645,0.0028645202798599613
ground_913_gt.ply,0.00188584615342831,0.003734173002120641
ground_934_gt.ply,0.0021922728777507665,0.003228963970707447
ground_563_gt.ply,0.004394267369976899,0.009333806816897596
ground_342_gt.ply,0.005075524057831697,0.0101302135648861
ground_849_gt.ply,0.0017325756786978287,0.0033121794425037066
ground_235_gt.ply,0.005179428841109118,0.00967559849993669
ground_456_gt.ply,0.00463602506954453,0.009802295754393014
ground_1326_gt.ply,0.00503352759074494,0.009651216876468041
ground_1252_gt.ply,0.0011892573445933768,0.0026607479577348578
ground_493_gt.ply,0.004464010590613675,0.009817541502498556
ground_274_gt.ply,0.004583921841431596,0.009305545961349361
ground_642_gt.ply,0.0046949404143983055,0.00983764827824191
ground_1236_gt.ply,0.0018500080604501585,0.003254797321530553
ground_464_gt.ply,0.004612705311088023,0.008945635751612484
ground_725_gt.ply,0.00030046441887745157,0.002200841609004681
ground_686_gt.ply,0.00028471210347843514,0.0027000921468302275
ground_385_gt.ply,0.004735561315965336,0.010074823013126653
ground_292_gt.ply,0.0046575949693692205,0.00961446743884412
ground_157_gt.ply,0.00496593750945316,0.00919688876149216
ground_137_gt.ply,0.00495392837858072,0.009803503178348424
ground_649_gt.ply,0.0013420611920928432,0.0028797612213311676
ground_1259_gt.ply,0.002005241298631591,0.003166128309905666
ground_689_gt.ply,0.0016663467513289647,0.003108346735578921
ground_403_gt.ply,0.004649587587271286,0.00947110252126351
ground_1128_gt.ply,0.0012081047422834268,0.0028581187806487112
ground_255_gt.ply,0.004570753324180873,0.009576261361688073
ground_570_gt.ply,0.004788389628185103,0.009110837283741655
ground_1349_gt.ply,0.004437807389672643,0.00926666379705312
ground_526_gt.ply,0.004979956765797112,0.009758410055588104
ground_1170_gt.ply,0.0020915359499817984,0.0024380466985168396
ground_564_gt.ply,0.004888237606649771,0.009816667405366353
ground_123_gt.ply,0.00485833244322323,0.009651062852281638
ground_921_gt.ply,0.0015747009291282134,0.003998487746344514
ground_603_gt.ply,0.004966354569333387,0.010084102359869073
ground_716_gt.ply,0.0007505154552585095,0.0024260232605344827
ground_657_gt.ply,0.0010091883948218257,0.0028524528799543196
ground_769_gt.ply,0.0007507424217159204,0.002595906435341799
ground_1244_gt.ply,0.0019353020045509016,0.003484640009322754
ground_101_gt.ply,0.005085568397423096,0.00956721796467509
ground_1053_gt.ply,0.0013658299523707134,0.0033750072069081124
ground_932_gt.ply,0.0017208016778754854,0.003407160155484283
ground_1227_gt.ply,0.0019542660012487295,0.003757323945335195
ground_1267_gt.ply,0.0004993735489985383,0.002303557677002692
ground_291_gt.ply,0.004973572180605263,0.00946665894803905
ground_1371_gt.ply,0.00506724650171559,0.009536623256962048
ground_1319_gt.ply,0.0047359331212680315,0.009770638397805589
ground_462_gt.ply,0.004732352791997055,0.009048354067170326
ground_698_gt.ply,0.0020029697179828722,0.002730126084405266
ground_365_gt.ply,0.004632326256490583,0.009934635956168102
ground_753_gt.ply,0.002714208628073835,0.003022456332602531
ground_862_gt.ply,0.0022994865296081845,0.003281897403156671
ground_880_gt.ply,0.0012146080228526625,0.003490653300631223
ground_238_gt.ply,0.0045192588425584605,0.009647022259716049
ground_130_gt.ply,0.004725587172940629,0.00966786313051846
ground_457_gt.ply,0.005004810657056989,0.009828418741187759
ground_1002_gt.ply,0.0021067319459893777,0.003607106955821438
ground_231_gt.ply,0.004857934767349173,0.009537935186134449
ground_1442_gt.ply,0.004397407515257182,0.008834705670514649
ground_850_gt.ply,0.0015773625854862278,0.0034494020798588026
ground_221_gt.ply,0.004867071006675174,0.009428780369798813
ground_559_gt.ply,0.004897288562278075,0.009734979930757975
ground_24_gt.ply,0.004420785462873287,0.009256506331403007
ground_1183_gt.ply,0.002502260539703891,0.003542691814308631
ground_1265_gt.ply,0.0020438606124915932,0.0035637625867233594
ground_542_gt.ply,0.004947834022764491,0.009973844797915661
ground_739_gt.ply,0.0006643540446474056,0.002797247753228816
ground_1362_gt.ply,0.004899281362424117,0.009110094090422509
ground_1330_gt.ply,0.004702023437299485,0.009450573298473416
ground_549_gt.ply,0.004493735553995885,0.009990561337247813
ground_1137_gt.ply,0.001563600232513386,0.0032186173109381155
ground_1289_gt.ply,0.004910835352503829,0.00990983922491753
ground_838_gt.ply,0.0014095590310157589,0.0030515455457602245
ground_230_gt.ply,0.005007260321876878,0.009169471923571563
ground_470_gt.ply,0.004567246648727935,0.009705048781268443
ground_506_gt.ply,0.004577774903563521,0.009286845057868403
ground_517_gt.ply,0.0047100655326511405,0.009117088793223838
ground_215_gt.ply,0.004480417812438424,0.009229526495888202
ground_1262_gt.ply,0.0018096905840017882,0.0034550712392692967
ground_946_gt.ply,0.0025753993892943076,0.0038050383724984775
ground_1343_gt.ply,0.004920546287726874,0.009529527801790703
ground_1228_gt.ply,0.002210349458500711,0.0034421447057346624
ground_1143_gt.ply,0.0018533512457536625,0.002473585802001992
ground_212_gt.ply,0.004773849047943991,0.009457033650680803
ground_41_gt.ply,0.004900075845043178,0.009607560188199665
ground_703_gt.ply,0.0010737667486168895,0.002608198289947773
ground_1051_gt.ply,0.0014379370978012938,0.003287179550880136
ground_1237_gt.ply,3.0857715959744086e-05,0.0015257464267467173
ground_525_gt.ply,0.004490235001687921,0.009421142047719098
ground_409_gt.ply,0.00420454236586886,0.009753676693000283
ground_360_gt.ply,0.005109270748872161,0.009856221770556665
ground_281_gt.ply,0.005003375027889767,0.010065864684028016
ground_317_gt.ply,0.004358954764377266,0.009131823926545468
ground_122_gt.ply,0.004701101081718222,0.009680670511516096
ground_979_gt.ply,0.0016405779751129626,0.002818072226552717
ground_13_gt.ply,0.004862193895022518,0.009163908453127386
ground_1413_gt.ply,0.00462309803323579,0.008958175700490598
ground_635_gt.ply,0.005044000064509453,0.009618941738652097
ground_1387_gt.ply,0.0047737500798440595,0.009121700204248965
ground_1334_gt.ply,0.004889323521164733,0.00955642226612436
ground_1381_gt.ply,0.004655840310464142,0.00952525265156399
ground_1416_gt.ply,0.004588371696610928,0.009505882528325672
ground_623_gt.ply,0.004811020032811145,0.00941084547799434
ground_543_gt.ply,0.004608158503774698,0.009413935172251732
ground_520_gt.ply,0.004717357649101016,0.009369218299474236
ground_4_gt.ply,0.004797482413057925,0.009329402369494387
ground_901_gt.ply,0.0019037418176782645,0.0036283159584536455
ground_1064_gt.ply,0.001718089181227006,0.003245584822742357
ground_1254_gt.ply,0.0012731032668491186,0.0027125862467211885
ground_396_gt.ply,0.004680958984755231,0.009490632007896477
ground_734_gt.ply,0.0014474601556434639,0.0031023474948943756
ground_1136_gt.ply,0.0016837547427315327,0.0031950475368458147
ground_84_gt.ply,0.00429249301495694,0.009374990061971109
ground_167_gt.ply,0.004803124767765452,0.01009847553569218
ground_587_gt.ply,0.004926551211221746,0.009390819848384645
ground_352_gt.ply,0.003955791098025858,0.008838225754047472
ground_997_gt.ply,0.0020530374327763674,0.002666945813241039
ground_1379_gt.ply,0.0052763346142802,0.009823445589143626
ground_1109_gt.ply,0.0014712690065690334,0.002205173896749163
ground_961_gt.ply,0.0018383205428237127,0.0036193439217028934
ground_244_gt.ply,0.004901129062626854,0.009499510279030603
ground_744_gt.ply,0.0,0.002360115407764127
ground_1222_gt.ply,0.001970671015511104,0.003327740209797163
ground_996_gt.ply,0.0012877268949856558,0.0030963274583002747
ground_173_gt.ply,0.004842341586844227,0.00906862367510598
ground_655_gt.ply,0.0,0.0019160834390643928
ground_1261_gt.ply,0.0008880744504837666,0.002926927354786905
ground_1433_gt.ply,0.004937906830650067,0.009650518669387254
ground_98_gt.ply,0.004818859625833416,0.00941900286873628
ground_71_gt.ply,0.004767691851572751,0.009701224431330726
ground_139_gt.ply,0.0047504301230794025,0.009102244836676708
ground_706_gt.ply,0.0012873921113494549,0.002986805750113301
ground_973_gt.ply,0.00012900240080345932,0.001680640970965382
ground_877_gt.ply,0.0016461203059357397,0.0035134805511285233
ground_1015_gt.ply,0.0016207397468502504,0.0033359523282771157
ground_1290_gt.ply,0.004625012161597199,0.009640654931061652
ground_799_gt.ply,0.0020383951293728836,0.0027537399458545386
ground_609_gt.ply,0.005285559497276594,0.009451379059820977
ground_395_gt.ply,0.005008681914534345,0.010053607303225763
ground_674_gt.ply,0.0003423665983460581,0.0024238939154674604
ground_371_gt.ply,0.004521665542559,0.009942878745556421
ground_30_gt.ply,0.004770108288621746,0.009493768127926343
ground_1175_gt.ply,0.002072411925968003,0.003363018994315669
ground_647_gt.ply,0.004762248042892169,0.009847618723435833
ground_150_gt.ply,0.0046020122309557085,0.009616585371613955
ground_18_gt.ply,0.004554310332899949,0.010010173755162574
ground_305_gt.ply,0.004847868125916223,0.009285491818714854
ground_547_gt.ply,0.004930954320907365,0.0101289568647277
ground_558_gt.ply,0.004677469923955512,0.008971733681067271
ground_1182_gt.ply,0.001240868862695091,0.003224313306877427
ground_236_gt.ply,0.0048397371985994565,0.009652795263967649
ground_311_gt.ply,0.004655013062122225,0.009350369894906493
ground_919_gt.ply,0.0028752148885706156,0.003826071788459408
ground_418_gt.ply,0.0045843850367356855,0.00893224771083056
ground_666_gt.ply,0.0,0.001171548189306665
ground_1105_gt.ply,0.002069805198818278,0.003525764668354011
ground_969_gt.ply,0.0016843935901918467,0.0032716641040517764
ground_1356_gt.ply,0.004449472361712922,0.010018560291682532
ground_1402_gt.ply,0.004961689862799065,0.008951949569617746
ground_490_gt.ply,0.00432645662785282,0.009573018423080176
ground_574_gt.ply,0.004712229958894668,0.008633745663093086
ground_184_gt.ply,0.004824801143787203,0.009450261293774694
ground_954_gt.ply,0.0011462414990445324,0.0033063454591345668
ground_190_gt.ply,0.004525860342753433,0.008916637791139829
ground_966_gt.ply,0.0017407991030635912,0.003294174115397069
ground_532_gt.ply,0.004741361799027177,0.009415380941295966
ground_299_gt.ply,0.0049362830989486475,0.00968118181281842
ground_149_gt.ply,0.005142225147650559,0.009293485286740958
ground_300_gt.ply,0.004799342834594096,0.008807064360479032
ground_253_gt.ply,0.0045684856982044515,0.009063670466317038
ground_42_gt.ply,0.004340385660241216,0.008894039103486226
ground_384_gt.ply,0.004831941644133994,0.009736067270544551
ground_1092_gt.ply,0.0024635558091007387,0.0027345298227385555
ground_1428_gt.ply,0.005148385181835251,0.009774127999172016
ground_858_gt.ply,0.001303844769538013,0.003452758340360863
ground_776_gt.ply,0.0017731945487182528,0.0026218659496543392
ground_757_gt.ply,0.0013309940198718508,0.002385341507332538
ground_172_gt.ply,0.0046480126955776545,0.00923696242587655
ground_74_gt.ply,0.004599266266932518,0.009897958319898086
ground_1320_gt.ply,0.00466474185206125,0.00924547917627003
ground_200_gt.ply,0.004892640722871115,0.00963143109276053
ground_331_gt.ply,0.004688585402001077,0.009957052928606748
ground_705_gt.ply,0.0003587722403394134,0.0022281409278048217
ground_328_gt.ply,0.004721887989676241,0.009414686814838744
ground_899_gt.ply,0.002102739749933743,0.0030601135669730906
ground_648_gt.ply,0.0,0.0016960169718441163
ground_120_gt.ply,0.0049086516070506025,0.009610061192133208
ground_1285_gt.ply,0.004822023868908218,0.009124537647907754
ground_1192_gt.ply,0.0022091417651184326,0.0034300999629902403
ground_988_gt.ply,0.0016348593102344714,0.003256797046366404
ground_700_gt.ply,0.0015010364062831923,0.0029712125591896277
ground_831_gt.ply,0.00186041121507757,0.0033758296736388733
ground_524_gt.ply,0.005034867294822552,0.009207758187807913
ground_156_gt.ply,0.00510515741931719,0.01008854852770002
ground_417_gt.ply,0.004609717993963614,0.009620981437766563
ground_1166_gt.ply,0.00212035294128845,0.0022986377375322034
ground_92_gt.ply,0.004717617535472591,0.009885565023255861
ground_1203_gt.ply,0.0022894233702393007,0.0034192648723111304
ground_874_gt.ply,0.0011679535424889568,0.003485860206360742
ground_280_gt.ply,0.004673676244231628,0.009509975364769684
ground_1398_gt.ply,0.00456225474787304,0.009398514643493006
ground_475_gt.ply,0.004842700723827796,0.00965858054541279
ground_680_gt.ply,0.0003029350685911021,0.0020215963449772456
ground_229_gt.ply,0.005075079208280941,0.009165208055946958
ground_330_gt.ply,0.004860590876543103,0.009077577780090985
ground_1138_gt.ply,0.0015459656535152513,0.0034093431789226796
ground_812_gt.ply,0.002111946576832801,0.003588324108438232
ground_1399_gt.ply,0.004369564462519145,0.009454632609696971
ground_613_gt.ply,0.005362228289128306,0.009455966721183456
ground_927_gt.ply,0.0020457839740351804,0.0040885642310523555
ground_307_gt.ply,0.0048447813743195,0.009689331773966326
ground_21_gt.ply,0.004412315446058123,0.009365197442056501
ground_297_gt.ply,0.0050078088976541965,0.009465075524023345
ground_282_gt.ply,0.004823879404064051,0.009951944971834461
ground_91_gt.ply,0.0044706558569089444,0.008619109544579517
ground_1135_gt.ply,0.0006836188942570439,0.0021270488682244453
ground_1288_gt.ply,0.005008482885049315,0.009943110620765402
ground_1209_gt.ply,0.0012132548193027016,0.0032704904393240242
ground_1207_gt.ply,0.0011140645960174085,0.0031444351704086543
ground_8_gt.ply,0.004541482206270339,0.009774788438545687
ground_441_gt.ply,0.004863869061662257,0.009911248128776336
ground_694_gt.ply,0.0002730010346308773,0.0019787520777951244
ground_751_gt.ply,0.0,0.002221762634827742
ground_1040_gt.ply,0.0003655620575236348,0.0019143661612397813
ground_259_gt.ply,0.004400543133732505,0.00934467715245156
ground_905_gt.ply,0.0015646024984805552,0.003646262721353525
ground_472_gt.ply,0.004526411468973387,0.009130063088112844
ground_909_gt.ply,0.0017671149149120742,0.0038597799095453234
ground_567_gt.ply,0.005089657122998632,0.009612640921336754
ground_99_gt.ply,0.0045920996227505765,0.009669088417293994
ground_246_gt.ply,0.004684134423104927,0.009440021325549832
ground_584_gt.ply,0.004878362575244649,0.009604415671157752
ground_1233_gt.ply,0.0010638183172655227,0.0027836414999144214
ground_1240_gt.ply,0.0022100423924962392,0.0036107230706240966
ground_1148_gt.ply,0.0016917412199798114,0.003245211511771027
ground_804_gt.ply,0.0016391879342385382,0.0038178909634501174
ground_174_gt.ply,0.0049944215086776605,0.00988819756294986
ground_1049_gt.ply,0.0027869998206644436,0.0032706815875840063
ground_1154_gt.ply,0.0008208135522243527,0.0022042350882344407
ground_1230_gt.ply,0.0019654785154742853,0.0034660720219309212
ground_1000_gt.ply,0.0,0.000845201559896076
ground_586_gt.ply,0.00478583010493672,0.009626241033936738
ground_616_gt.ply,0.004860415799232692,0.009084494188736102
ground_1232_gt.ply,0.0020322593267786205,0.003554807430824143
ground_270_gt.ply,0.005130284192995063,0.009547837374859631
ground_1090_gt.ply,0.002804740830087314,0.0039013829984282595
ground_302_gt.ply,0.004356473872332097,0.008817233886977194
ground_1067_gt.ply,0.0019182323546345537,0.0036210952710886957
ground_171_gt.ply,0.004635557849393083,0.009290544162349926
ground_1438_gt.ply,0.0045624818853313796,0.00901228058231818
ground_206_gt.ply,0.004514747111779649,0.009453912220797146
ground_867_gt.ply,0.001882873689458679,0.003620751353722011
ground_984_gt.ply,0.0015958523922874656,0.0034868447329140734
ground_1314_gt.ply,0.004796304067446594,0.008909424073438955
ground_1024_gt.ply,0.001543428823509207,0.003494351007413995
ground_588_gt.ply,0.0047868044222099185,0.009518111632322978
ground_766_gt.ply,0.0011521902319244323,0.002340212993118136
ground_748_gt.ply,0.00016193884650702955,0.0027073821019306193
ground_128_gt.ply,0.0049130174582328445,0.009187978087359836
ground_922_gt.ply,0.0016713244446344292,0.0033742636091343235
ground_682_gt.ply,0.0015859165377308617,0.003189857500757446
ground_1110_gt.ply,0.0021005333579508165,0.0037171976155473373
ground_771_gt.ply,0.0023214474053043924,0.002748820873159341
ground_1117_gt.ply,0.0015897980333326503,0.0033077583550049257
ground_1102_gt.ply,0.001595723803119611,0.0032713349532285446
ground_1440_gt.ply,0.005113510316349667,0.00945433284550782
ground_1023_gt.ply,0.0018799297589386856,0.003585340386666006
ground_429_gt.ply,0.004992506562019192,0.009969837331191746
ground_208_gt.ply,0.004411456944117701,0.008998918085116502
ground_1204_gt.ply,0.0019373572540647482,0.0037009787788836726
ground_546_gt.ply,0.004809027888682332,0.00949771894106208
ground_46_gt.ply,0.0048248210851083145,0.008777456242232598
ground_735_gt.ply,0.0010165996435858896,0.0026504198383740835
ground_720_gt.ply,0.0006402548724732536,0.0025892025664883255
ground_1325_gt.ply,0.00477370451525769,0.00953255187508134
ground_424_gt.ply,0.004768098229072926,0.009884693802743937
ground_822_gt.ply,0.0015074589868534962,0.0034091120148252146
ground_718_gt.ply,3.7958192152676195e-05,0.0028257738498302003
ground_65_gt.ply,0.0047630144311590255,0.009456426640560133
ground_671_gt.ply,0.0010816001582266053,0.0029920929385584888
ground_296_gt.ply,0.00455345494369168,0.009086786430361926
ground_346_gt.ply,0.004753702924143222,0.009575948928509753
ground_495_gt.ply,0.004424898448846547,0.008955399862108712
ground_837_gt.ply,0.0026524772629720993,0.0037867395534912267
ground_963_gt.ply,0.0018969398586975847,0.003626111891166555
ground_59_gt.ply,0.004782451234653109,0.009501516540075573
ground_1_gt.ply,0.004499044390485398,0.010083107426555726
ground_749_gt.ply,0.0005139403805096876,0.0024707295502196056
ground_1144_gt.ply,0.0017674582036059524,0.0035266475795920306
ground_183_gt.ply,0.004952006818965116,0.009564866166555039
ground_758_gt.ply,0.002489794487798653,0.0028204764156909653
ground_1269_gt.ply,0.001191970250030488,0.0026565402771937144
ground_667_gt.ply,0.001396089805240315,0.0029273614611064714
ground_511_gt.ply,0.004868331332468801,0.009442551011545963
ground_245_gt.ply,0.004729093396660881,0.00960640401524915
ground_116_gt.ply,0.004920181685380888,0.00918482700772658
ground_1164_gt.ply,0.0031489273356130115,0.0034619247321413154
ground_494_gt.ply,0.005223045191635928,0.009831397792435383
ground_1367_gt.ply,0.004817808027882834,0.009201068173529517
ground_1298_gt.ply,0.005060951094968086,0.009657959814512848
ground_1307_gt.ply,0.005268840632393848,0.009698713462011193
ground_401_gt.ply,0.004505565328967412,0.009159947623349853
ground_362_gt.ply,0.004614807997194995,0.009786065862068243
ground_218_gt.ply,0.004825599129863298,0.009056743678574633
ground_650_gt.ply,0.00037614855039855917,0.001924442081409073
ground_119_gt.ply,0.004877441734997216,0.009835428367975902
ground_1068_gt.ply,0.001913040272402659,0.0034454449927869054
ground_413_gt.ply,0.004863854849368278,0.009558063847616701
ground_554_gt.ply,0.004811578265663391,0.009430721774625415
ground_903_gt.ply,0.0016785953629226396,0.003676135179201125
ground_800_gt.ply,0.0,0.0014229973488543084
ground_188_gt.ply,0.005119414231142732,0.009647416575368823
ground_829_gt.ply,0.001760329679757794,0.0033721809287624548
ground_1193_gt.ply,0.0007918908050540342,0.0022972681397293716
ground_761_gt.ply,0.0,0.0012814504493240408
ground_605_gt.ply,0.004821661027226011,0.009544044680425844
ground_32_gt.ply,0.004619478443070769,0.008791762460621341
ground_702_gt.ply,0.0013207547216123995,0.0028819938318058753
ground_314_gt.ply,0.004728224613089749,0.009662092773258833
ground_1437_gt.ply,0.004605756306989476,0.009464867013814217
ground_929_gt.ply,0.0017691926888714913,0.0034448259349743934
ground_987_gt.ply,0.0016238063587313736,0.0033192363721272333
ground_1337_gt.ply,0.005019275695355239,0.010077403801291646
ground_214_gt.ply,0.004936207067506474,0.009681631990566465
ground_364_gt.ply,0.00475902398252016,0.009109292783954271
ground_1025_gt.ply,0.00044521842907422075,0.002007371812766021
ground_1199_gt.ply,0.0013958644013612122,0.003238777479530777
ground_1279_gt.ply,0.0015553642813284116,0.0031355457855189277
ground_251_gt.ply,0.004608934906670394,0.009080586514213628
ground_85_gt.ply,0.004654546037288633,0.009606974845405018
ground_826_gt.ply,0.0027095209184195565,0.003469825106913831
ground_1336_gt.ply,0.004972295575012908,0.009829773180181238
ground_1194_gt.ply,1.272242964805675e-05,0.001556877248109932
ground_1404_gt.ply,0.004869745844024462,0.0097349528579282
ground_446_gt.ply,0.005364487580058416,0.009771639847134205
ground_566_gt.ply,0.004713917086043507,0.009400392995985682
ground_298_gt.ply,0.004760293176899897,0.009625920199536118
ground_1006_gt.ply,0.0007675049681933686,0.002127946076992287
ground_1198_gt.ply,0.0012734624625356052,0.0026351382057769445
ground_998_gt.ply,0.0026928365641354333,0.0028747269735267494
ground_1190_gt.ply,0.0023612508677915327,0.0034520726190984292
ground_1125_gt.ply,0.0018284250284269195,0.0028642148238989277
ground_97_gt.ply,0.004923427430648213,0.00935760101171301
ground_1306_gt.ply,0.004625054754990451,0.009263871942081427
ground_450_gt.ply,0.004712124839706763,0.008887137560436218
ground_1275_gt.ply,0.0018075000863664165,0.003202867611041872
ground_750_gt.ply,0.0,0.0007806174224477738
ground_1264_gt.ply,0.0024909352149140667,0.003335585202226876
ground_3_gt.ply,0.004717679451574386,0.009677876836934864
ground_683_gt.ply,0.0009380056098792365,0.0026008302699458453
ground_690_gt.ply,0.00028148481329226863,0.0020076591463480866
ground_1218_gt.ply,0.0019369204916944772,0.002648708710785719
ground_309_gt.ply,0.004987361377789257,0.00961847044188933
ground_736_gt.ply,0.0014419144659300485,0.0028382393719699334
ground_1344_gt.ply,0.005055154261958588,0.009014950281899387
ground_908_gt.ply,0.001983687652488045,0.0034049833340741307
ground_1121_gt.ply,0.0018118065402711809,0.0036382055827527825
ground_87_gt.ply,0.0047060329717327504,0.009115627477246925
ground_977_gt.ply,0.0015538598545018227,0.003219847275277615
ground_485_gt.ply,0.004826578751921518,0.009641439428875302
ground_889_gt.ply,0.001765140391494571,0.003357850417750056
ground_1389_gt.ply,0.005072957643887999,0.009743829226180351
ground_1160_gt.ply,0.0,0.0011824266551447521
ground_1195_gt.ply,0.0012576928385454806,0.0031152413382583336
ground_1391_gt.ply,0.005016635535457693,0.00957522036863251
ground_372_gt.ply,0.004834206345532877,0.009402829590226695
ground_925_gt.ply,0.0015716661222937947,0.003275203020700907
ground_819_gt.ply,0.0019112216872363402,0.0034762092799330777
ground_154_gt.ply,0.005120488035899196,0.00999297841935326
ground_194_gt.ply,0.0045465098395253475,0.008806172007048328
ground_945_gt.ply,0.0016464636936851216,0.003477060210028399
ground_117_gt.ply,0.004936811015284424,0.009547657479426581
ground_550_gt.ply,0.004647815657979261,0.009871610434821914
ground_247_gt.ply,0.004898763389808232,0.009612830394808045
ground_219_gt.ply,0.004865404310095422,0.009484412822875547
ground_1316_gt.ply,0.004969789381699599,0.009809654486150687
ground_1338_gt.ply,0.0052429077588020765,0.009534197550138068
ground_31_gt.ply,0.004779942041125111,0.009792537622642306
ground_1282_gt.ply,0.00018210063410330896,0.0017985837218795011
ground_504_gt.ply,0.004602357394371116,0.009577163731322691
ground_654_gt.ply,0.002277834434457327,0.002727820631945724
ground_252_gt.ply,0.005029206332202031,0.009594847878090413
ground_135_gt.ply,0.0046898586098963295,0.009142760577058382
ground_679_gt.ply,0.0029765658547386033,0.003520247876420632
ground_983_gt.ply,0.0011519342918691997,0.002227241878844637
ground_213_gt.ply,0.004253091828935131,0.009399755580603885
ground_713_gt.ply,0.0011441247185685422,0.0030804956664215897
ground_827_gt.ply,0.0018349251641747069,0.003317766069301501
ground_81_gt.ply,0.005312845873126315,0.009595655345731096
ground_1268_gt.ply,0.0021077252742500614,0.003390156189597814
ground_1038_gt.ply,0.0021988993255833028,0.0025880595297818635
ground_878_gt.ply,0.0022240581085759374,0.003466770916016518
ground_414_gt.ply,0.004901687671787478,0.009788765839728989
ground_202_gt.ply,0.0048438673386544924,0.009304830765882151
ground_577_gt.ply,0.004522564001049844,0.009562850772892428
ground_993_gt.ply,0.0015932901030459427,0.003520563843095061
ground_19_gt.ply,0.004514311537018295,0.009226285593889376
ground_224_gt.ply,0.0049404958714062905,0.00929687256910234
ground_389_gt.ply,0.004840988889925525,0.009625817565322856
ground_772_gt.ply,0.0,0.0012488343194398306
ground_447_gt.ply,0.004895050036351857,0.009856218944822897
ground_497_gt.ply,0.005001875238938432,0.009491874275545651
ground_269_gt.ply,0.004588748081462531,0.009691889798374074
ground_897_gt.ply,0.001724565380451184,0.003469974138968779
ground_489_gt.ply,0.005099617896625122,0.009755302613151832
ground_1370_gt.ply,0.004987450578634156,0.009271875427480113
ground_377_gt.ply,0.0049956203611050565,0.009895938813648152
ground_523_gt.ply,0.005085080439130004,0.009147692216367333
ground_94_gt.ply,0.004430206555826319,0.008955627827253914
ground_855_gt.ply,0.0017400994983330503,0.0034393542584339088
ground_1045_gt.ply,0.0015848329797940566,0.003283642299172825
ground_773_gt.ply,0.0017648297842124893,0.003076280045958584
ground_182_gt.ply,0.004785964934780089,0.00950834953482211
ground_357_gt.ply,0.004791262155318492,0.009704523762060806
ground_421_gt.ply,0.00450982910318111,0.009237257757414406
ground_561_gt.ply,0.004996723832535995,0.009705342383684437
ground_75_gt.ply,0.0048786649770250524,0.00996100278984267
ground_430_gt.ply,0.0047887015648459316,0.00982695434890576
ground_1411_gt.ply,0.005007155077816069,0.009788828936986911
ground_939_gt.ply,0.002793023816369435,0.00337831266119451
ground_121_gt.ply,0.004435548088129321,0.0094812119489328
ground_353_gt.ply,0.005222838522180188,0.010007395695976062
ground_1375_gt.ply,0.004986193327904642,0.009597150546087601
ground_225_gt.ply,0.004756123927007625,0.009344236845751395
ground_369_gt.ply,0.004250207282161489,0.009663692167762156
ground_1304_gt.ply,0.0050668821328538095,0.009469050735207124
ground_20_gt.ply,0.004422339944984902,0.009409389777030635
ground_875_gt.ply,0.0020412566284561573,0.0032069231396110454
ground_12_gt.ply,0.005104662598918651,0.00975975121735038
ground_1177_gt.ply,0.0020388731841217145,0.0031036836859458655
ground_480_gt.ply,0.00495336767757934,0.010058532158035288
ground_668_gt.ply,0.00019185376356108968,0.0020104163918191124
ground_628_gt.ply,0.0050249583691307845,0.009629323072531906
ground_664_gt.ply,0.00020577850953013932,0.0019306211474274658
ground_453_gt.ply,0.0048998313123330625,0.009658174095707829
ground_27_gt.ply,0.004572209155346565,0.008897511433226138
ground_1013_gt.ply,0.0006999820638175645,0.0020402823887354926
ground_1151_gt.ply,0.0019990165468744573,0.0036330217368925905
ground_142_gt.ply,0.004528880221743652,0.009225706613564973
ground_710_gt.ply,0.0010058178127743448,0.002680549015297184
mean_density_metric,0.003342653220343585,0.006618328995920848
