base_name,EMD_Distance
ground_779_gt.ply,0.17340465651662387
ground_679_gt.ply,0.15400854120400462
ground_128_gt.ply,0.1625421189454894
ground_nofloor_164_gt.ply,0.24003022929249654
ground_nofloor_482_gt.ply,0.3381251459923229
ground_nofloor_582_gt.ply,0.233714025013843
ground_704_gt.ply,0.14887405192231387
ground_604_gt.ply,0.13678400344933261
ground_155_gt.ply,0.1783431076897824
ground_nofloor_119_gt.ply,0.22635035024950448
ground_62_gt.ply,0.18187280392562682
ground_nofloor_65_gt.ply,0.3694821455324953
ground_281_gt.ply,0.17476518218415538
ground_767_gt.ply,0.13184993124306005
ground_381_gt.ply,0.13972642993061257
ground_667_gt.ply,0.16344726929975448
ground_136_gt.ply,0.16147576714066075
ground_nofloor_107_gt.ply,0.17981936882267202
ground_nofloor_18_gt.ply,0.4780715188920535
ground_nofloor_69_gt.ply,0.41795574736398955
ground_nofloor_590_gt.ply,0.5627812736922599
ground_nofloor_490_gt.ply,0.5146039494548751
ground_nofloor_176_gt.ply,0.2719963551983423
ground_nofloor_627_gt.ply,0.4013455582165678
ground_147_gt.ply,0.13673319008375437
ground_616_gt.ply,0.16792795794152512
ground_nofloor_14_gt.ply,0.3648207117028489
ground_716_gt.ply,0.14942177285664654
ground_803_gt.ply,0.15919610599032813
ground_13_gt.ply,0.15214149913108369
ground_70_gt.ply,0.13599744649617604
ground_nofloor_168_gt.ply,0.22605243330170258
ground_124_gt.ply,0.13823805781937218
ground_675_gt.ply,0.17677848017796272
ground_393_gt.ply,0.13065143941741109
ground_775_gt.ply,0.14239717726056902
ground_nofloor_77_gt.ply,0.29643263987367274
ground_293_gt.ply,0.19261234690802154
ground_nofloor_115_gt.ply,0.34943375373520075
ground_159_gt.ply,0.1598645957784429
ground_608_gt.ply,0.17765298383729014
ground_708_gt.ply,0.1592874657284475
ground_58_gt.ply,0.180844175283357
ground_nofloor_611_gt.ply,0.18661146678348686
ground_nofloor_140_gt.ply,0.17536287704622094
ground_25_gt.ply,0.14883178409163622
ground_620_gt.ply,0.14738945256930672
ground_171_gt.ply,0.1368277053296466
ground_497_gt.ply,0.16929614435504786
ground_720_gt.ply,0.142221585170801
ground_597_gt.ply,0.13217769922293834
ground_nofloor_22_gt.ply,0.24715331581242903
ground_6_gt.ply,0.1499772126528043
ground_643_gt.ply,0.17532689122315626
ground_112_gt.ply,0.14677550428578656
ground_nofloor_41_gt.ply,0.2997379745638556
ground_743_gt.ply,0.17842883259414755
ground_46_gt.ply,0.17635107430154223
ground_489_gt.ply,0.14866149016310537
ground_589_gt.ply,0.140805125160641
ground_nofloor_294_gt.ply,0.21146024495427285
ground_nofloor_394_gt.ply,0.177185463989919
ground_nofloor_123_gt.ply,0.29205445757118254
ground_nofloor_152_gt.ply,0.31481569795866576
ground_nofloor_603_gt.ply,0.34145643145017635
ground_nofloor_398_gt.ply,0.2805393126088536
ground_nofloor_298_gt.ply,0.2097811746011683
ground_37_gt.ply,0.16171843142486508
ground_nofloor_30_gt.ply,0.2597950595031495
ground_585_gt.ply,0.15193739600077624
ground_732_gt.ply,0.14930301609179028
ground_485_gt.ply,0.12455220155624518
ground_163_gt.ply,0.1590078383683535
ground_632_gt.ply,0.1842055475763636
ground_751_gt.ply,0.137530418210472
ground_nofloor_53_gt.ply,0.2443759023293912
ground_100_gt.ply,0.16045447042332317
ground_651_gt.ply,0.1602426845324592
ground_54_gt.ply,0.15471764461937704
ground_nofloor_131_gt.ply,0.1865811278581547
ground_nofloor_386_gt.ply,0.3709498318211196
ground_29_gt.ply,0.17171858189473244
ground_nofloor_286_gt.ply,0.18762510068899318
ground_nofloor_351_gt.ply,0.1554154266145918
ground_nofloor_400_gt.ply,0.2709139583607174
ground_nofloor_251_gt.ply,0.23900550920201197
ground_nofloor_500_gt.ply,0.34301271058571675
ground_nofloor_84_gt.ply,0.37954627513547584
ground_260_gt.ply,0.18083336723180427
ground_531_gt.ply,0.1332157952081594
ground_786_gt.ply,0.156150871233045
ground_360_gt.ply,0.17791786481353028
ground_431_gt.ply,0.15706479671535686
ground_686_gt.ply,0.14105338724504787
ground_83_gt.ply,0.14159431218424165
ground_203_gt.ply,0.1512653226732986
ground_552_gt.ply,0.1468465368824441
ground_303_gt.ply,0.15182101830932473
ground_452_gt.ply,0.14048087028906903
ground_nofloor_185_gt.ply,0.17763932385808454
ground_nofloor_332_gt.ply,0.5823463892733116
ground_nofloor_463_gt.ply,0.5007386803923009
ground_nofloor_232_gt.ply,0.3292754473767268
ground_nofloor_563_gt.ply,0.29245915534717465
ground_798_gt.ply,0.15015635847016656
ground_698_gt.ply,0.18160587727217006
ground_nofloor_512_gt.ply,0.14716778814893086
ground_nofloor_243_gt.ply,0.33985348828359035
ground_nofloor_412_gt.ply,0.2985463986677432
ground_nofloor_343_gt.ply,0.4311096357216275
ground_694_gt.ply,0.17015096163966337
ground_423_gt.ply,0.14007241941312243
ground_372_gt.ply,0.17010518552235013
ground_794_gt.ply,0.14666224848206663
ground_523_gt.ply,0.15175336698391761
ground_nofloor_96_gt.ply,0.43433431813772266
ground_272_gt.ply,0.16064474847316454
ground_91_gt.ply,0.13481720891078713
ground_nofloor_189_gt.ply,0.1720818049224007
ground_440_gt.ply,0.13699620567450668
ground_311_gt.ply,0.14886220656052485
ground_540_gt.ply,0.14429634570173186
ground_211_gt.ply,0.13637592639287083
ground_nofloor_571_gt.ply,0.3548243394555496
ground_nofloor_220_gt.ply,0.27569164416611974
ground_nofloor_471_gt.ply,0.36829408681406556
ground_nofloor_320_gt.ply,0.18660370230546186
ground_nofloor_197_gt.ply,0.278663084851387
ground_nofloor_88_gt.ply,0.27249705347731534
ground_nofloor_275_gt.ply,0.2189411166034876
ground_nofloor_524_gt.ply,0.23786579869024752
ground_nofloor_375_gt.ply,0.4895579024387834
ground_nofloor_424_gt.ply,0.2519112602202158
ground_339_gt.ply,0.13585915855491373
ground_468_gt.ply,0.2080039005144808
ground_239_gt.ply,0.14985910925138096
ground_568_gt.ply,0.14092753165896404
ground_nofloor_208_gt.ply,0.23615133579902822
ground_nofloor_559_gt.ply,0.17701622116198915
ground_nofloor_308_gt.ply,0.20759660818060344
ground_nofloor_459_gt.ply,0.1367315506433409
ground_344_gt.ply,0.1768087606076288
ground_415_gt.ply,0.15439498634670815
ground_244_gt.ply,0.15225946319279327
ground_515_gt.ply,0.1462357706141529
ground_190_gt.ply,0.14151188881219287
ground_327_gt.ply,0.13139178125803175
ground_476_gt.ply,0.161326672651632
ground_227_gt.ply,0.1514346844402351
ground_576_gt.ply,0.1452003349044463
ground_nofloor_216_gt.ply,0.32625141891932763
ground_nofloor_547_gt.ply,0.30958803918425765
ground_nofloor_316_gt.ply,0.2549165039313586
ground_nofloor_447_gt.ply,0.3118037983456844
ground_nofloor_6_gt.ply,0.20411878570046113
ground_nofloor_436_gt.ply,0.45352816924996314
ground_nofloor_367_gt.ply,0.16377818504079433
ground_nofloor_536_gt.ply,0.14864140535674256
ground_nofloor_267_gt.ply,0.2505052974499467
ground_507_gt.ply,0.13394930854748324
ground_256_gt.ply,0.19240056003955128
ground_407_gt.ply,0.12973368524383178
ground_356_gt.ply,0.19261526998596334
ground_564_gt.ply,0.14295266321997138
ground_235_gt.ply,0.15133142455994603
ground_464_gt.ply,0.13356730203316763
ground_335_gt.ply,0.15324569361676588
ground_182_gt.ply,0.17531352745499526
ground_nofloor_428_gt.ply,0.1468025178519104
ground_nofloor_379_gt.ply,0.2046023169189416
ground_nofloor_528_gt.ply,0.27537874490179143
ground_nofloor_279_gt.ply,0.18088793419829288
ground_519_gt.ply,0.16374488501400283
ground_248_gt.ply,0.15339517570167546
ground_419_gt.ply,0.19882265977867156
ground_348_gt.ply,0.14210649306249318
ground_nofloor_455_gt.ply,0.1977092763860054
ground_nofloor_304_gt.ply,0.19092027460255345
ground_nofloor_555_gt.ply,0.22135954138511446
ground_nofloor_204_gt.ply,0.3731717526884019
ground_442_gt.ply,0.14692453951448176
ground_313_gt.ply,0.1560344734944591
ground_542_gt.ply,0.1561038011831942
ground_213_gt.ply,0.16621610333446582
ground_688_gt.ply,0.18486646018066147
ground_788_gt.ply,0.14959423354815632
ground_nofloor_573_gt.ply,0.15892269811266463
ground_nofloor_222_gt.ply,0.2847765679432867
ground_nofloor_473_gt.ply,0.201163989457661
ground_nofloor_322_gt.ply,0.24231979415437158
ground_nofloor_195_gt.ply,0.21000966348948483
ground_nofloor_510_gt.ply,0.16673220183118437
ground_nofloor_241_gt.ply,0.2576627930791564
ground_nofloor_410_gt.ply,0.3852303648453522
ground_nofloor_341_gt.ply,0.45025063769675405
ground_93_gt.ply,0.14400101807111026
ground_696_gt.ply,0.150534383208252
ground_421_gt.ply,0.13519641641461633
ground_370_gt.ply,0.12164424507326875
ground_796_gt.ply,0.17740984421771835
ground_521_gt.ply,0.1250582592004468
ground_270_gt.ply,0.18157330771006322
ground_nofloor_94_gt.ply,0.15501667465033986
ground_201_gt.ply,0.1591709591423726
ground_550_gt.ply,0.16649485670938488
ground_301_gt.ply,0.14886548849262946
ground_450_gt.ply,0.15118875864566764
ground_nofloor_98_gt.ply,0.1693847669729601
ground_nofloor_187_gt.ply,0.16600439784073284
ground_nofloor_330_gt.ply,0.4750310807019444
ground_nofloor_461_gt.ply,0.6532959374677605
ground_nofloor_230_gt.ply,0.1838773053524183
ground_nofloor_561_gt.ply,0.31977393582072955
ground_nofloor_353_gt.ply,0.19980003671679836
ground_nofloor_402_gt.ply,0.2723054988616787
ground_nofloor_253_gt.ply,0.23238354050811558
ground_nofloor_502_gt.ply,0.24133273531114205
ground_nofloor_199_gt.ply,0.267434564852083
ground_81_gt.ply,0.18237413243966577
ground_262_gt.ply,0.18668089211536992
ground_nofloor_86_gt.ply,0.21508406967568397
ground_533_gt.ply,0.13974216567518322
ground_784_gt.ply,0.14357997594737415
ground_362_gt.ply,0.15324315572418826
ground_433_gt.ply,0.1491185604889485
ground_684_gt.ply,0.16248917229312174
ground_566_gt.ply,0.1411761531110555
ground_237_gt.ply,0.1477605610790364
ground_466_gt.ply,0.18505399293425856
ground_337_gt.ply,0.18347058687058448
ground_180_gt.ply,0.1401681250488591
ground_nofloor_457_gt.ply,0.14895557168105436
ground_nofloor_306_gt.ply,0.20762499239333923
ground_nofloor_557_gt.ply,0.330504381619126
ground_nofloor_206_gt.ply,0.17003764388270493
ground_578_gt.ply,0.16808400925817216
ground_229_gt.ply,0.17569467647341008
ground_478_gt.ply,0.13860644868726468
ground_329_gt.ply,0.1287715747370285
ground_nofloor_4_gt.ply,0.30197688656282656
ground_nofloor_434_gt.ply,0.14486954524496867
ground_nofloor_365_gt.ply,0.1834721697561373
ground_nofloor_534_gt.ply,0.2495986523924046
ground_nofloor_265_gt.ply,0.20032057067475992
ground_505_gt.ply,0.1406943445090652
ground_254_gt.ply,0.15809468304456287
ground_405_gt.ply,0.12640165480829454
ground_354_gt.ply,0.14296497149106452
ground_nofloor_449_gt.ply,0.2567623594528018
ground_nofloor_318_gt.ply,0.23080810159216988
ground_nofloor_549_gt.ply,0.48282473294626693
ground_nofloor_218_gt.ply,0.25610441497937303
ground_nofloor_269_gt.ply,0.25123147081691
ground_nofloor_538_gt.ply,0.16981495723075327
ground_nofloor_8_gt.ply,0.6859992310636278
ground_nofloor_369_gt.ply,0.42170888102074977
ground_nofloor_438_gt.ply,0.16011090160277133
ground_192_gt.ply,0.15176219379602707
ground_325_gt.ply,0.18132690911361873
ground_474_gt.ply,0.16678408121930874
ground_225_gt.ply,0.17527500185316128
ground_574_gt.ply,0.1425310226813135
ground_nofloor_214_gt.ply,0.17637290178048046
ground_nofloor_545_gt.ply,0.15223793393432702
ground_nofloor_314_gt.ply,0.48946228939710346
ground_nofloor_445_gt.ply,0.2715548830823285
ground_358_gt.ply,0.20201534430405335
ground_409_gt.ply,0.1716577725939484
ground_258_gt.ply,0.20845059604927185
ground_509_gt.ply,0.14719148409018934
ground_nofloor_277_gt.ply,0.23422096925900213
ground_nofloor_526_gt.ply,0.23841482373645106
ground_nofloor_377_gt.ply,0.2564923893974197
ground_nofloor_426_gt.ply,0.5639462047112688
ground_346_gt.ply,0.15809028284475143
ground_417_gt.ply,0.13093384063969507
ground_246_gt.ply,0.14222548679080893
ground_517_gt.ply,0.16155782494787738
ground_126_gt.ply,0.14341824064800726
ground_677_gt.ply,0.14576828974921696
ground_391_gt.ply,0.12941228439234576
ground_777_gt.ply,0.16581009535256191
ground_291_gt.ply,0.15329501730375109
ground_nofloor_75_gt.ply,0.14307627984794863
ground_72_gt.ply,0.14412978811038005
ground_nofloor_117_gt.ply,0.23505972827131255
ground_nofloor_592_gt.ply,0.15477610957356933
ground_nofloor_492_gt.ply,0.4178882258787226
ground_nofloor_174_gt.ply,0.15558543216999282
ground_nofloor_625_gt.ply,0.2981459276302664
ground_138_gt.ply,0.12948423611879584
ground_669_gt.ply,0.15085171287318186
ground_769_gt.ply,0.1303046359532161
ground_801_gt.ply,0.18004945069591416
ground_11_gt.ply,0.16930348398180964
ground_nofloor_109_gt.ply,0.1839328541437052
ground_145_gt.ply,0.1683585861028652
ground_614_gt.ply,0.15275026992911261
ground_nofloor_16_gt.ply,0.39551504954965117
ground_714_gt.ply,0.17516467799250132
ground_283_gt.ply,0.1378129330192153
ground_nofloor_67_gt.ply,0.21726219228960608
ground_765_gt.ply,0.1724265591890785
ground_383_gt.ply,0.15318274893055184
ground_665_gt.ply,0.14862164229488017
ground_134_gt.ply,0.15944961144139724
ground_nofloor_629_gt.ply,0.5052578818081181
ground_nofloor_178_gt.ply,0.18608157530073502
ground_60_gt.ply,0.15057377931538832
ground_718_gt.ply,0.14990503498963173
ground_618_gt.ply,0.1624676571536075
ground_149_gt.ply,0.1699308634243064
ground_nofloor_105_gt.ply,0.16600291783378035
ground_nofloor_166_gt.ply,0.34121976608726756
ground_nofloor_480_gt.ply,0.1451811530678731
ground_nofloor_580_gt.ply,0.2796605342611816
ground_nofloor_79_gt.ply,0.3640879672778941
ground_706_gt.ply,0.15966340463690326
ground_606_gt.ply,0.18627362839457326
ground_157_gt.ply,0.1456996767854397
ground_56_gt.ply,0.16561227861278624
ground_753_gt.ply,0.18726287592046
ground_nofloor_51_gt.ply,0.15232226532765533
ground_102_gt.ply,0.15272100323266963
ground_653_gt.ply,0.15286426584085508
ground_nofloor_133_gt.ply,0.3807765806169486
ground_nofloor_384_gt.ply,0.5029711549098527
ground_nofloor_284_gt.ply,0.22662132107394128
ground_599_gt.ply,0.18149070881178528
ground_499_gt.ply,0.13689268767300666
ground_8_gt.ply,0.17229813387383627
ground_nofloor_150_gt.ply,0.2027093455614596
ground_nofloor_601_gt.ply,0.2540494015094335
ground_48_gt.ply,0.17645790567414826
ground_nofloor_32_gt.ply,0.6686544108802462
ground_587_gt.ply,0.13399859047536283
ground_730_gt.ply,0.15762871166422768
ground_487_gt.ply,0.1557939883276631
ground_161_gt.ply,0.14661133227592543
ground_630_gt.ply,0.12691048383420078
ground_35_gt.ply,0.16229443281456102
ground_44_gt.ply,0.16017372660224435
ground_4_gt.ply,0.12055871533764163
ground_641_gt.ply,0.15827180936496435
ground_110_gt.ply,0.14377031842417923
ground_nofloor_43_gt.ply,0.16068543106615824
ground_741_gt.ply,0.12885359459599832
ground_nofloor_296_gt.ply,0.17779290410074866
ground_39_gt.ply,0.19410481614044772
ground_nofloor_396_gt.ply,0.2831909366726795
ground_nofloor_121_gt.ply,0.42506178616928314
ground_nofloor_613_gt.ply,0.16021113060641448
ground_nofloor_142_gt.ply,0.40567859063093475
ground_622_gt.ply,0.1416223227721334
ground_173_gt.ply,0.17529231542590434
ground_495_gt.ply,0.1373587665803724
ground_722_gt.ply,0.17152506162833295
ground_595_gt.ply,0.14561040559615357
ground_nofloor_20_gt.ply,0.3460762687301666
ground_27_gt.ply,0.16466764466752254
ground_nofloor_288_gt.ply,0.2660305674976339
ground_nofloor_388_gt.ply,0.30829364150089145
ground_nofloor_541_gt.ply,0.1608855811357539
ground_nofloor_210_gt.ply,0.19737622506815777
ground_nofloor_441_gt.ply,0.33042365871742474
ground_nofloor_310_gt.ply,0.17342332234964486
ground_196_gt.ply,0.1389930045642256
ground_470_gt.ply,0.14269022322823488
ground_321_gt.ply,0.16822267147049758
ground_570_gt.ply,0.16699716408464704
ground_221_gt.ply,0.17715875024506844
ground_413_gt.ply,0.1447711571443291
ground_342_gt.ply,0.13885936868714996
ground_513_gt.ply,0.14453373105255227
ground_242_gt.ply,0.14954604413505546
ground_188_gt.ply,0.17457617306772036
ground_nofloor_522_gt.ply,0.3962998091700109
ground_nofloor_273_gt.ply,0.2308087801987193
ground_nofloor_422_gt.ply,0.45010040581207117
ground_nofloor_373_gt.ply,0.17907934701510478
ground_nofloor_302_gt.ply,0.14225679984717207
ground_nofloor_453_gt.ply,0.2713968797731914
ground_nofloor_202_gt.ply,0.2472000578399618
ground_nofloor_553_gt.ply,0.1857176529389649
ground_233_gt.ply,0.17056620662679053
ground_562_gt.ply,0.1579104870964739
ground_333_gt.ply,0.13229323282892022
ground_462_gt.ply,0.12729306365642282
ground_184_gt.ply,0.15050861670707447
ground_250_gt.ply,0.155444924758525
ground_501_gt.ply,0.13678084083454198
ground_350_gt.ply,0.20472829779850796
ground_401_gt.ply,0.14593751215212397
ground_nofloor_0_gt.ply,0.7926690134553257
ground_nofloor_361_gt.ply,0.1494612018341785
ground_nofloor_430_gt.ply,0.8143758590061101
ground_nofloor_261_gt.ply,0.1551626778026541
ground_nofloor_530_gt.ply,0.22877020720250993
ground_529_gt.ply,0.1643930836590886
ground_278_gt.ply,0.16650988051114893
ground_429_gt.ply,0.14906897781989384
ground_378_gt.ply,0.16140588098815895
ground_nofloor_183_gt.ply,0.502994266601885
ground_nofloor_465_gt.ply,0.5244271788780066
ground_nofloor_334_gt.ply,0.2506627180079352
ground_nofloor_565_gt.ply,0.22101030760987267
ground_nofloor_234_gt.ply,0.18236218924917197
ground_554_gt.ply,0.15766721944124312
ground_205_gt.ply,0.15462400005387422
ground_454_gt.ply,0.16767240605638498
ground_305_gt.ply,0.18791431199615358
ground_nofloor_418_gt.ply,0.26343562127993275
ground_nofloor_349_gt.ply,1.0971604108132997
ground_nofloor_518_gt.ply,0.18398853794154132
ground_nofloor_249_gt.ply,0.1982711266844477
ground_85_gt.ply,0.134534076121296
ground_537_gt.ply,0.12928925133371547
ground_nofloor_82_gt.ply,0.42504286369348165
ground_266_gt.ply,0.17724067551219988
ground_780_gt.ply,0.1356639955932618
ground_437_gt.ply,0.1952089148762729
ground_366_gt.ply,0.14391307522499994
ground_680_gt.ply,0.14970413990328854
ground_nofloor_406_gt.ply,0.28256180846096873
ground_nofloor_357_gt.ply,0.30323562939834015
ground_nofloor_506_gt.ply,0.35981724114812474
ground_nofloor_257_gt.ply,0.18829465984208546
ground_nofloor_226_gt.ply,0.1959341873238981
ground_nofloor_577_gt.ply,0.19356058093467832
ground_89_gt.ply,0.15946485462562096
ground_nofloor_326_gt.ply,0.3091129262464918
ground_nofloor_477_gt.ply,0.2544613446817028
ground_nofloor_191_gt.ply,0.23244620206611463
ground_317_gt.ply,0.16539146455029863
ground_446_gt.ply,0.12831464599437828
ground_217_gt.ply,0.1643570518856127
ground_546_gt.ply,0.13853926167393257
ground_97_gt.ply,0.15875031133917622
ground_nofloor_238_gt.ply,0.22533148873648828
ground_nofloor_569_gt.ply,0.36353899675366064
ground_nofloor_338_gt.ply,0.5510450228269181
ground_nofloor_469_gt.ply,0.5380890202797562
ground_692_gt.ply,0.1588467748293625
ground_374_gt.ply,0.17898498070455296
ground_425_gt.ply,0.13365917601370514
ground_792_gt.ply,0.1475288397184064
ground_nofloor_90_gt.ply,0.35334432596758086
ground_274_gt.ply,0.16330864290869576
ground_525_gt.ply,0.1684185058678649
ground_nofloor_245_gt.ply,0.29761929604602994
ground_nofloor_514_gt.ply,0.15617772702709373
ground_nofloor_345_gt.ply,0.3860625427082845
ground_nofloor_414_gt.ply,0.42303566784813695
ground_309_gt.ply,0.1311884361721548
ground_458_gt.ply,0.16880434372862146
ground_209_gt.ply,0.1889774941827342
ground_558_gt.ply,0.14914983927541348
ground_nofloor_292_gt.ply,0.30811943729837765
ground_nofloor_392_gt.ply,0.15391510592689894
ground_nofloor_125_gt.ply,0.4456676396510218
ground_169_gt.ply,0.12989428077649548
ground_638_gt.ply,0.13827029335608212
ground_738_gt.ply,0.137823962311252
ground_40_gt.ply,0.17057491730508034
ground_nofloor_158_gt.ply,0.26833663464028357
ground_nofloor_609_gt.ply,0.1463272857644813
ground_0_gt.ply,0.17417950288818476
ground_114_gt.ply,0.15073639624877425
ground_645_gt.ply,0.1616384155421431
ground_nofloor_47_gt.ply,0.12682393208164564
ground_745_gt.ply,0.144806472092984
ground_177_gt.ply,0.17430449621690333
ground_626_gt.ply,0.1391543891203821
ground_491_gt.ply,0.1476656739218593
ground_726_gt.ply,0.13754124527632622
ground_nofloor_24_gt.ply,0.39236040546706263
ground_591_gt.ply,0.14351627836396075
ground_23_gt.ply,0.13786420872160818
ground_nofloor_59_gt.ply,0.17932348273940057
ground_nofloor_146_gt.ply,0.32594970769403225
ground_nofloor_617_gt.ply,0.15183730169206794
ground_nofloor_137_gt.ply,0.3579750282739418
ground_nofloor_380_gt.ply,0.24542756417001887
ground_nofloor_280_gt.ply,0.2584730824815957
ground_nofloor_28_gt.ply,0.14142929925900505
ground_52_gt.ply,0.1719117063050094
ground_757_gt.ply,0.13993827575272624
ground_nofloor_55_gt.ply,0.15018275927795546
ground_657_gt.ply,0.14414012129486597
ground_106_gt.ply,0.1663529845044142
ground_583_gt.ply,0.16275509092950013
ground_nofloor_36_gt.ply,0.31867287254171783
ground_734_gt.ply,0.1564952814361448
ground_483_gt.ply,0.13740587059234644
ground_634_gt.ply,0.13813452357209938
ground_165_gt.ply,0.11685561054760467
ground_nofloor_129_gt.ply,0.4329225179859628
ground_31_gt.ply,0.12363605060300205
ground_749_gt.ply,0.1518470837955064
ground_649_gt.ply,0.17825631443170958
ground_118_gt.ply,0.1720363276911171
ground_nofloor_605_gt.ply,0.20652289667247695
ground_nofloor_154_gt.ply,0.27337186607496855
ground_nofloor_101_gt.ply,0.5069115681571339
ground_809_gt.ply,0.14542088783741927
ground_19_gt.ply,0.14231217123691092
ground_nofloor_63_gt.ply,0.28179173551119385
ground_287_gt.ply,0.1260477257937108
ground_761_gt.ply,0.13414148276288734
ground_387_gt.ply,0.11653894229663903
ground_130_gt.ply,0.17714208813147406
ground_661_gt.ply,0.1444119479880183
ground_64_gt.ply,0.1349532869620173
ground_702_gt.ply,0.14360899949292893
ground_153_gt.ply,0.1406436808954223
ground_602_gt.ply,0.13897422641835494
ground_nofloor_162_gt.ply,0.23959543412020176
ground_nofloor_484_gt.ply,0.5272834125295518
ground_nofloor_584_gt.ply,0.1429024633846845
ground_299_gt.ply,0.1673180339687029
ground_399_gt.ply,0.14444589026702206
ground_nofloor_113_gt.ply,0.19405618513873113
ground_673_gt.ply,0.1595999379930502
ground_122_gt.ply,0.19802353257233496
ground_395_gt.ply,0.16662003593165076
ground_773_gt.ply,0.12637433141471913
ground_nofloor_71_gt.ply,0.32389155137854464
ground_295_gt.ply,0.14981862661945533
ground_76_gt.ply,0.18492664390749383
ground_nofloor_588_gt.ply,0.22694253710192955
ground_nofloor_488_gt.ply,0.263135642146864
ground_805_gt.ply,0.13961535704313552
ground_15_gt.ply,0.1565675080663386
ground_610_gt.ply,0.13891617656526378
ground_141_gt.ply,0.16792357419047566
ground_nofloor_12_gt.ply,0.3214724296884843
ground_710_gt.ply,0.15377193614296436
ground_nofloor_596_gt.ply,0.32401344448554614
ground_68_gt.ply,0.1790769112930655
ground_nofloor_496_gt.ply,0.2700961091435952
ground_nofloor_621_gt.ply,0.768033551657211
ground_nofloor_170_gt.ply,0.18834947711885083
ground_33_gt.ply,0.12911733076360465
ground_581_gt.ply,0.13443280512358108
ground_nofloor_34_gt.ply,0.23834534810109884
ground_736_gt.ply,0.1534954513096016
ground_481_gt.ply,0.13814796985519465
ground_636_gt.ply,0.15253026045396834
ground_167_gt.ply,0.14269721664999271
ground_nofloor_607_gt.ply,1.1961620379177422
ground_nofloor_156_gt.ply,0.20689185412392289
ground_nofloor_49_gt.ply,0.19734464871206311
ground_728_gt.ply,0.14288371881637293
ground_628_gt.ply,0.20305595352958927
ground_179_gt.ply,0.18890518140790324
ground_nofloor_135_gt.ply,0.25448432835059304
ground_nofloor_382_gt.ply,0.4685634850680115
ground_nofloor_282_gt.ply,0.2835002219056054
ground_755_gt.ply,0.14942352394698313
ground_nofloor_57_gt.ply,0.17789869924619492
ground_655_gt.ply,0.1434326565495132
ground_104_gt.ply,0.14411366469903092
ground_nofloor_619_gt.ply,0.14328100013898407
ground_nofloor_148_gt.ply,0.3583502360718043
ground_50_gt.ply,0.14092544439222612
ground_21_gt.ply,0.18012981445377807
ground_nofloor_139_gt.ply,0.44669864585417834
ground_175_gt.ply,0.13744484691441802
ground_624_gt.ply,0.1422436354183115
ground_493_gt.ply,0.14138636648134678
ground_724_gt.ply,0.17040805420838404
ground_nofloor_26_gt.ply,0.513858543228366
ground_593_gt.ply,0.15759027459521396
ground_nofloor_144_gt.ply,0.22530925212110253
ground_nofloor_615_gt.ply,0.22388794411300164
ground_108_gt.ply,0.1720406443232786
ground_659_gt.ply,0.17868694647153413
ground_759_gt.ply,0.18550846574339624
ground_nofloor_38_gt.ply,0.1717389844582205
ground_nofloor_290_gt.ply,0.2620001127079859
ground_nofloor_390_gt.ply,0.1921383064640968
ground_nofloor_127_gt.ply,0.18689629126773372
ground_2_gt.ply,0.16888009451610955
ground_116_gt.ply,0.14204505700186693
ground_647_gt.ply,0.15227364330009754
ground_nofloor_45_gt.ply,0.4021235270380346
ground_747_gt.ply,0.14120737071164144
ground_42_gt.ply,0.16173593149447024
ground_612_gt.ply,0.13209040396281796
ground_143_gt.ply,0.14630151954521042
ground_nofloor_10_gt.ply,0.6056235268648196
ground_712_gt.ply,0.1353934624884649
ground_807_gt.ply,0.1503272788878957
ground_17_gt.ply,0.19101883517253151
ground_389_gt.ply,0.1357271096785266
ground_289_gt.ply,0.14601523093542923
ground_nofloor_594_gt.ply,0.21683889511694365
ground_nofloor_494_gt.ply,0.19451051396034932
ground_nofloor_623_gt.ply,0.43347897561008536
ground_nofloor_172_gt.ply,0.21865191124794595
ground_nofloor_111_gt.ply,0.24224135231395771
ground_74_gt.ply,0.13986481990840477
ground_671_gt.ply,0.14047218614717044
ground_120_gt.ply,0.20227976380207333
ground_397_gt.ply,0.13241729831496613
ground_771_gt.ply,0.14633354727703213
ground_297_gt.ply,0.1742324167223027
ground_nofloor_73_gt.ply,0.15453908872713543
ground_700_gt.ply,0.13446744461744076
ground_151_gt.ply,0.127574712161174
ground_600_gt.ply,0.1530125242678211
ground_nofloor_160_gt.ply,0.14087119130312006
ground_nofloor_631_gt.ply,0.4902244898711972
ground_nofloor_486_gt.ply,0.369243042852768
ground_78_gt.ply,0.1671126553465416
ground_nofloor_586_gt.ply,0.5084259686219479
ground_nofloor_103_gt.ply,0.2656543956675641
ground_nofloor_498_gt.ply,0.5589402316999482
ground_nofloor_598_gt.ply,0.2294114705949239
ground_66_gt.ply,0.1414442791938952
ground_285_gt.ply,0.1510665399453775
ground_nofloor_61_gt.ply,0.3842832770142024
ground_763_gt.ply,0.15487025248253555
ground_385_gt.ply,0.14159022074906724
ground_132_gt.ply,0.18014085571606536
ground_663_gt.ply,0.15535647742337416
ground_252_gt.ply,0.16201437261942167
ground_503_gt.ply,0.15379889661532206
ground_352_gt.ply,0.20548163562278396
ground_403_gt.ply,0.13161661150150053
ground_nofloor_2_gt.ply,0.3227749708512612
ground_nofloor_363_gt.ply,0.2312459297616341
ground_nofloor_432_gt.ply,0.1816194009987657
ground_nofloor_263_gt.ply,0.1899525390460796
ground_nofloor_532_gt.ply,0.1686573517507809
ground_198_gt.ply,0.16211463705037923
ground_nofloor_300_gt.ply,0.21397264243227998
ground_nofloor_451_gt.ply,0.193391824258548
ground_nofloor_200_gt.ply,0.23893262956222086
ground_nofloor_551_gt.ply,0.2989913793159615
ground_231_gt.ply,0.14364082523953373
ground_560_gt.ply,0.1503042796615462
ground_331_gt.ply,0.13782783099399482
ground_460_gt.ply,0.1680339769345945
ground_186_gt.ply,0.1496140583988704
ground_411_gt.ply,0.16449391356017407
ground_340_gt.ply,0.16017514575167477
ground_511_gt.ply,0.14183491226634484
ground_240_gt.ply,0.16840416205396647
ground_nofloor_520_gt.ply,0.3161569788003329
ground_nofloor_271_gt.ply,0.26070210274640954
ground_nofloor_420_gt.ply,0.2582089576546357
ground_nofloor_371_gt.ply,0.28610914506444024
ground_nofloor_543_gt.ply,0.6649531051881795
ground_nofloor_212_gt.ply,0.10159906507931966
ground_nofloor_443_gt.ply,0.5031675166088169
ground_nofloor_312_gt.ply,0.17711516781004602
ground_194_gt.ply,0.18836409290984943
ground_472_gt.ply,0.15016366847319595
ground_323_gt.ply,0.14910827029975474
ground_572_gt.ply,0.14131372528050368
ground_223_gt.ply,0.15385867320419566
ground_690_gt.ply,0.12999412619398584
ground_376_gt.ply,0.2033248382108752
ground_427_gt.ply,0.13253189069791438
ground_790_gt.ply,0.18054341961229822
ground_276_gt.ply,0.16721983624379666
ground_nofloor_92_gt.ply,0.2284001661963872
ground_527_gt.ply,0.13386305759289596
ground_95_gt.ply,0.16172501901417213
ground_nofloor_247_gt.ply,0.2713536233689816
ground_nofloor_516_gt.ply,0.7215014496489444
ground_nofloor_347_gt.ply,0.21514700800892522
ground_nofloor_416_gt.ply,0.20137068608041572
ground_nofloor_224_gt.ply,0.3087653204087385
ground_nofloor_575_gt.ply,0.43821345099789033
ground_nofloor_324_gt.ply,0.5417700045338923
ground_nofloor_475_gt.ply,0.2002455792295812
ground_nofloor_193_gt.ply,0.3298280998725669
ground_368_gt.ply,0.12871724765515943
ground_439_gt.ply,0.1326069566424749
ground_268_gt.ply,0.1769741955263605
ground_539_gt.ply,0.14161460887581884
ground_nofloor_259_gt.ply,0.2216556060226977
ground_nofloor_508_gt.ply,0.21415823689200805
ground_nofloor_359_gt.ply,0.39644250934773256
ground_nofloor_408_gt.ply,0.22275062533309342
ground_315_gt.ply,0.1473115887275738
ground_444_gt.ply,0.16032528577676908
ground_215_gt.ply,0.1960459629795687
ground_544_gt.ply,0.15405552780156476
ground_535_gt.ply,0.18267258089633187
ground_264_gt.ply,0.1500057073790101
ground_nofloor_80_gt.ply,0.29483021296854617
ground_782_gt.ply,0.15232604178987091
ground_435_gt.ply,0.15762623620481936
ground_364_gt.ply,0.170845116975161
ground_682_gt.ply,0.14166979944031544
ground_nofloor_479_gt.ply,0.5490076532050985
ground_nofloor_328_gt.ply,0.2936201339954598
ground_nofloor_579_gt.ply,0.25805927586926497
ground_nofloor_228_gt.ply,0.29335769375713905
ground_87_gt.ply,0.12682317010238353
ground_548_gt.ply,0.15684325449510444
ground_219_gt.ply,0.16864803162671713
ground_448_gt.ply,0.1520694700420153
ground_319_gt.ply,0.13251322635126855
ground_nofloor_404_gt.ply,0.435246032866135
ground_nofloor_355_gt.ply,0.343342038439636
ground_nofloor_504_gt.ply,0.20377194162009732
ground_nofloor_255_gt.ply,0.26674505129392384
ground_nofloor_181_gt.ply,0.25093552986547285
ground_nofloor_467_gt.ply,0.6026819541671325
ground_nofloor_336_gt.ply,0.15926926512175996
ground_99_gt.ply,0.18280593063067493
ground_nofloor_567_gt.ply,0.15081477769541216
ground_nofloor_236_gt.ply,0.22786386310356246
ground_556_gt.ply,0.14863711863755566
ground_207_gt.ply,0.15069407079188926
ground_456_gt.ply,0.16180068200830292
ground_307_gt.ply,0.14048775331070487
ground_nofloor_317_gt.ply,0.37033126048604725
ground_nofloor_446_gt.ply,0.45023225599432337
ground_nofloor_217_gt.ply,0.14355558890536063
ground_nofloor_546_gt.ply,0.2998498247385164
ground_226_gt.ply,0.159156818145809
ground_577_gt.ply,0.14288891044692376
ground_191_gt.ply,0.16095968120575768
ground_326_gt.ply,0.15080275281208597
ground_477_gt.ply,0.11649805815797747
ground_nofloor_309_gt.ply,0.17662244419328216
ground_nofloor_458_gt.ply,0.4074906487627687
ground_nofloor_209_gt.ply,0.2119018828531796
ground_nofloor_558_gt.ply,0.21958029166307264
ground_245_gt.ply,0.1584429382133385
ground_514_gt.ply,0.14442632581527395
ground_345_gt.ply,0.17607795616851962
ground_414_gt.ply,0.1425530660174534
ground_nofloor_374_gt.ply,0.4447106241873588
ground_nofloor_425_gt.ply,0.2451429278962806
ground_nofloor_274_gt.ply,0.2337146517705126
ground_nofloor_525_gt.ply,0.2477085781495048
ground_238_gt.ply,0.16840252360628438
ground_569_gt.ply,0.12734571027656286
ground_338_gt.ply,0.1635904228715721
ground_469_gt.ply,0.18161752342040896
ground_418_gt.ply,0.14045095588947487
ground_349_gt.ply,0.148022648743369
ground_518_gt.ply,0.17261083515082118
ground_249_gt.ply,0.17997435968435557
ground_nofloor_554_gt.ply,0.33838802478910635
ground_nofloor_205_gt.ply,0.2625101845745891
ground_nofloor_454_gt.ply,0.160968787676309
ground_nofloor_305_gt.ply,0.18371867959439128
ground_465_gt.ply,0.1692508096137873
ground_334_gt.ply,0.14511375725364858
ground_183_gt.ply,0.15891112914311267
ground_565_gt.ply,0.1303318709748286
ground_234_gt.ply,0.16226008814792126
ground_nofloor_529_gt.ply,0.2715212165875894
ground_nofloor_278_gt.ply,0.26094169109688653
ground_nofloor_429_gt.ply,0.19083417155489926
ground_nofloor_378_gt.ply,0.17856982002644162
ground_406_gt.ply,0.15060520168344552
ground_357_gt.ply,0.15234079590906952
ground_506_gt.ply,0.12571353408491473
ground_257_gt.ply,0.1557184409531391
ground_nofloor_537_gt.ply,0.21289504264349732
ground_nofloor_266_gt.ply,0.19547147550463673
ground_nofloor_7_gt.ply,0.2672335466153671
ground_nofloor_437_gt.ply,0.4066088458876053
ground_nofloor_366_gt.ply,0.20251664764171962
ground_nofloor_233_gt.ply,0.2596802272238989
ground_nofloor_562_gt.ply,0.17995069333249322
ground_nofloor_184_gt.ply,0.3749031185813027
ground_nofloor_333_gt.ply,0.1807818539495234
ground_nofloor_462_gt.ply,0.3840645713223555
ground_699_gt.ply,0.14424509452470982
ground_799_gt.ply,0.14916204663889468
ground_302_gt.ply,0.14070631325191904
ground_453_gt.ply,0.16184268743892952
ground_202_gt.ply,0.1744835259330396
ground_553_gt.ply,0.13623862113234522
ground_361_gt.ply,0.1682518771453714
ground_430_gt.ply,0.18139906710470655
ground_687_gt.ply,0.19273848450615383
ground_nofloor_85_gt.ply,0.23586562267835165
ground_261_gt.ply,0.1611873343009282
ground_530_gt.ply,0.17098714581111196
ground_787_gt.ply,0.13000527879317222
ground_82_gt.ply,0.1665006899907941
ground_nofloor_250_gt.ply,0.14627078240232347
ground_nofloor_501_gt.ply,0.3769653665675898
ground_nofloor_350_gt.ply,0.24611233686119047
ground_nofloor_401_gt.ply,0.41754639722989795
ground_nofloor_470_gt.ply,0.16580713033447497
ground_nofloor_321_gt.ply,0.30043657899705556
ground_nofloor_196_gt.ply,0.22041650036119526
ground_nofloor_570_gt.ply,0.35487835380178523
ground_nofloor_221_gt.ply,0.1926420987313746
ground_nofloor_89_gt.ply,0.26999424120819826
ground_541_gt.ply,0.1568959450042025
ground_210_gt.ply,0.16482125961243352
ground_441_gt.ply,0.17469349915678187
ground_310_gt.ply,0.1502228881403942
ground_795_gt.ply,0.15971716818840914
ground_522_gt.ply,0.14294623659297637
ground_nofloor_97_gt.ply,0.4680955658746379
ground_273_gt.ply,0.15893086362792627
ground_695_gt.ply,0.18639078783877785
ground_422_gt.ply,0.1594490141794762
ground_373_gt.ply,0.14385757827855816
ground_nofloor_188_gt.ply,0.16693283459465671
ground_90_gt.ply,0.15157202505168987
ground_nofloor_413_gt.ply,0.17726852883582556
ground_nofloor_342_gt.ply,0.2353774307783773
ground_nofloor_513_gt.ply,0.29903685241939265
ground_nofloor_242_gt.ply,0.17487209382455585
ground_588_gt.ply,0.1630955690433033
ground_488_gt.ply,0.15148044245162104
ground_nofloor_395_gt.ply,0.24203256533641854
ground_nofloor_122_gt.ply,0.13065224263215408
ground_nofloor_295_gt.ply,0.19268652880364823
ground_nofloor_40_gt.ply,0.2371440104220698
ground_742_gt.ply,0.16575748960265663
ground_7_gt.ply,0.1475296013385749
ground_642_gt.ply,0.1640930028248809
ground_113_gt.ply,0.16597311285760818
ground_47_gt.ply,0.15037443069082737
ground_24_gt.ply,0.15624233766942125
ground_721_gt.ply,0.17864368492988994
ground_596_gt.ply,0.17431628158455684
ground_nofloor_23_gt.ply,0.23423941537301637
ground_621_gt.ply,0.1428501179795381
ground_170_gt.ply,0.17487997141134015
ground_496_gt.ply,0.13717296954695368
ground_nofloor_610_gt.ply,0.29418337554836893
ground_nofloor_141_gt.ply,0.4254507975722238
ground_59_gt.ply,0.1701308465018035
ground_28_gt.ply,0.1589246406096937
ground_nofloor_287_gt.ply,0.19510565167438582
ground_nofloor_130_gt.ply,0.5510568134387029
ground_nofloor_387_gt.ply,0.31295759464160255
ground_101_gt.ply,0.13292645993290575
ground_650_gt.ply,0.13541949427464717
ground_750_gt.ply,0.17883776037901458
ground_nofloor_52_gt.ply,0.18821674587977652
ground_55_gt.ply,0.1640007685166134
ground_nofloor_299_gt.ply,0.15246896432737006
ground_36_gt.ply,0.134734064814271
ground_nofloor_399_gt.ply,0.183532004640167
ground_484_gt.ply,0.1863015501948287
ground_162_gt.ply,0.1635520137818176
ground_633_gt.ply,0.13694914318516388
ground_nofloor_31_gt.ply,0.24103188543966256
ground_584_gt.ply,0.1630688340739941
ground_733_gt.ply,0.1365165432908384
ground_nofloor_153_gt.ply,0.16218125817042117
ground_nofloor_602_gt.ply,0.44459057912396904
ground_nofloor_106_gt.ply,0.21719282266744433
ground_nofloor_19_gt.ply,0.13964841457839447
ground_63_gt.ply,0.1454578230943052
ground_380_gt.ply,0.18686586559807317
ground_666_gt.ply,0.14804134290961599
ground_137_gt.ply,0.13366199244578378
ground_nofloor_64_gt.ply,0.22494493843838806
ground_280_gt.ply,0.1541329880681488
ground_766_gt.ply,0.159513733146182
ground_605_gt.ply,0.1464992025041205
ground_154_gt.ply,0.1874339573137508
ground_705_gt.ply,0.1404348214569787
ground_nofloor_118_gt.ply,0.1963617104107472
ground_678_gt.ply,0.15400553773773776
ground_129_gt.ply,0.1467369662283883
ground_778_gt.ply,0.13851305679720166
ground_nofloor_583_gt.ply,0.22312049444748208
ground_nofloor_165_gt.ply,0.20055722126167688
ground_nofloor_483_gt.ply,0.24037962239094007
ground_nofloor_114_gt.ply,0.6313213630137047
ground_709_gt.ply,0.1750059392706604
ground_158_gt.ply,0.16549512085742027
ground_609_gt.ply,0.15273304618743652
ground_nofloor_169_gt.ply,0.29489562643637623
ground_71_gt.ply,0.14528994284026944
ground_774_gt.ply,0.16907838209453277
ground_nofloor_76_gt.ply,0.49134555549414516
ground_292_gt.ply,0.13925478270916103
ground_125_gt.ply,0.1276310096224246
ground_674_gt.ply,0.13563275575143152
ground_392_gt.ply,0.23770264257395066
ground_nofloor_15_gt.ply,0.4474860550341821
ground_717_gt.ply,0.16054407745105542
ground_146_gt.ply,0.14622532352065887
ground_617_gt.ply,0.13522674319603734
ground_802_gt.ply,0.13742338095010756
ground_12_gt.ply,0.18533850784330055
ground_nofloor_68_gt.ply,0.45514176921640964
ground_nofloor_491_gt.ply,0.19285863143366772
ground_nofloor_177_gt.ply,0.19269491932858562
ground_nofloor_626_gt.ply,0.18537189049396993
ground_nofloor_591_gt.ply,0.289180960961075
ground_486_gt.ply,0.1576881124008209
ground_160_gt.ply,0.13022056895132844
ground_631_gt.ply,0.13960222329624447
ground_nofloor_33_gt.ply,0.19153844329856995
ground_586_gt.ply,0.14437768910199694
ground_731_gt.ply,0.15073763425759382
ground_34_gt.ply,0.16348314686781398
ground_9_gt.ply,0.14537455503864288
ground_49_gt.ply,0.1534976968471235
ground_nofloor_151_gt.ply,0.21211904822631503
ground_nofloor_600_gt.ply,0.32040173844560343
ground_nofloor_285_gt.ply,0.2839588744350537
ground_nofloor_132_gt.ply,0.5584591943985499
ground_nofloor_385_gt.ply,0.17733197776675375
ground_498_gt.ply,0.13634529661667252
ground_598_gt.ply,0.15001450185639414
ground_57_gt.ply,0.14913937832521573
ground_103_gt.ply,0.15262136243445568
ground_652_gt.ply,0.14708467840613085
ground_752_gt.ply,0.12903532461723213
ground_nofloor_50_gt.ply,0.30567341850231106
ground_723_gt.ply,0.14934367916179964
ground_594_gt.ply,0.13755580071281076
ground_nofloor_21_gt.ply,0.5634457208948906
ground_623_gt.ply,0.14082190288016577
ground_172_gt.ply,0.13393717855957663
ground_494_gt.ply,0.12874796513840714
ground_nofloor_389_gt.ply,0.3577011810414941
ground_26_gt.ply,0.1367639349107499
ground_nofloor_289_gt.ply,0.17194866811920398
ground_nofloor_612_gt.ply,0.4971391701231081
ground_nofloor_143_gt.ply,0.5976535616305167
ground_nofloor_397_gt.ply,0.47801842600616307
ground_nofloor_120_gt.ply,0.25742580029921197
ground_nofloor_297_gt.ply,0.20167856415664878
ground_38_gt.ply,0.14597720325158414
ground_45_gt.ply,0.18339099202882653
ground_nofloor_42_gt.ply,0.18636211311926923
ground_740_gt.ply,0.17745036320777904
ground_5_gt.ply,0.14512016027043798
ground_640_gt.ply,0.1444188656318635
ground_111_gt.ply,0.1524372541104649
ground_nofloor_108_gt.ply,0.292397784303577
ground_800_gt.ply,0.1334177779073164
ground_10_gt.ply,0.14493732212312155
ground_nofloor_17_gt.ply,0.38592620875245465
ground_715_gt.ply,0.15308448422831836
ground_144_gt.ply,0.1883647100106631
ground_615_gt.ply,0.14267473036871925
ground_nofloor_493_gt.ply,0.17363479192640485
ground_nofloor_175_gt.ply,0.2639270560702443
ground_nofloor_624_gt.ply,0.1626959923723
ground_nofloor_593_gt.ply,0.2288974692139319
ground_768_gt.ply,0.18203644522007265
ground_139_gt.ply,0.15058673903707454
ground_668_gt.ply,0.15188773451820575
ground_nofloor_116_gt.ply,0.34578418140898987
ground_776_gt.ply,0.12561982601596453
ground_290_gt.ply,0.15333632558861202
ground_nofloor_74_gt.ply,0.17448028869928406
ground_127_gt.ply,0.12117231582119095
ground_676_gt.ply,0.13397242026443743
ground_390_gt.ply,0.13432359102393437
ground_73_gt.ply,0.14897244797176867
ground_607_gt.ply,0.16246090946886496
ground_156_gt.ply,0.13044206142131995
ground_707_gt.ply,0.16693773677473273
ground_nofloor_581_gt.ply,0.25709481791565486
ground_nofloor_167_gt.ply,0.1613550644848374
ground_nofloor_481_gt.ply,0.14126239294473628
ground_nofloor_78_gt.ply,0.2932654475048123
ground_619_gt.ply,0.16837231025499136
ground_148_gt.ply,0.14071265643711794
ground_719_gt.ply,0.14265731011051505
ground_nofloor_104_gt.ply,0.2694659957154741
ground_382_gt.ply,0.17826572694919862
ground_664_gt.ply,0.194678978793372
ground_135_gt.ply,0.16015491012717642
ground_282_gt.ply,0.16999570342095216
ground_nofloor_66_gt.ply,0.23771596761005148
ground_764_gt.ply,0.12267221128100839
ground_61_gt.ply,0.1403314921870296
ground_nofloor_628_gt.ply,0.18293997133031137
ground_nofloor_179_gt.ply,0.14212196947141614
ground_404_gt.ply,0.1588584008492184
ground_355_gt.ply,0.13755625655494955
ground_504_gt.ply,0.14338961379072096
ground_255_gt.ply,0.1742416314368802
ground_nofloor_548_gt.ply,0.26971142520098085
ground_nofloor_219_gt.ply,0.201034576188368
ground_nofloor_448_gt.ply,0.1435271821438167
ground_nofloor_319_gt.ply,0.5619384683184533
ground_479_gt.ply,0.13906439971492154
ground_328_gt.ply,0.14974388046262893
ground_579_gt.ply,0.15060216180486474
ground_228_gt.ply,0.1409065518409707
ground_nofloor_535_gt.ply,0.38629779072323306
ground_nofloor_264_gt.ply,0.20912942664262196
ground_nofloor_5_gt.ply,0.3346529681741482
ground_nofloor_435_gt.ply,0.3237505050073192
ground_nofloor_364_gt.ply,0.20390202955021805
ground_nofloor_556_gt.ply,0.14534071322237074
ground_nofloor_207_gt.ply,0.13158898089485682
ground_nofloor_456_gt.ply,0.6078131459854708
ground_nofloor_307_gt.ply,0.19162777980174445
ground_467_gt.ply,0.15795443711138085
ground_336_gt.ply,0.15360074754516903
ground_181_gt.ply,0.1753588783523852
ground_567_gt.ply,0.13927623970671502
ground_236_gt.ply,0.16963875908738504
ground_247_gt.ply,0.18725248355988153
ground_516_gt.ply,0.15514476592325932
ground_347_gt.ply,0.18120115712813173
ground_416_gt.ply,0.150440231983127
ground_nofloor_376_gt.ply,0.12140767805585952
ground_nofloor_427_gt.ply,0.17652839332814602
ground_nofloor_276_gt.ply,0.2569873551259942
ground_nofloor_527_gt.ply,0.15371644551898458
ground_nofloor_315_gt.ply,0.16322798369556668
ground_nofloor_444_gt.ply,0.22374808973529783
ground_nofloor_215_gt.ply,0.31728698889899754
ground_nofloor_544_gt.ply,0.36124001948497014
ground_259_gt.ply,0.14922030381245222
ground_508_gt.ply,0.1532721010641282
ground_359_gt.ply,0.11833637700802949
ground_408_gt.ply,0.13697505693311834
ground_nofloor_9_gt.ply,0.13009994405803293
ground_nofloor_368_gt.ply,0.3340481443290157
ground_nofloor_439_gt.ply,0.19192370867724876
ground_nofloor_268_gt.ply,0.23885370626580202
ground_nofloor_539_gt.ply,0.17415219004610083
ground_224_gt.ply,0.14846730393240964
ground_575_gt.ply,0.15498285612467158
ground_193_gt.ply,0.16566723949510073
ground_324_gt.ply,0.14657084125785622
ground_475_gt.ply,0.13219138108585005
ground_92_gt.ply,0.17726934062908803
ground_797_gt.ply,0.15904958139223443
ground_520_gt.ply,0.1293639516293189
ground_271_gt.ply,0.15250796947853643
ground_nofloor_95_gt.ply,0.15848469324931339
ground_697_gt.ply,0.1449763143097448
ground_420_gt.ply,0.15799659161437837
ground_371_gt.ply,0.13221870786955792
ground_nofloor_411_gt.ply,0.17412285111002646
ground_nofloor_340_gt.ply,0.27139591958530634
ground_nofloor_511_gt.ply,0.17044106262169267
ground_nofloor_240_gt.ply,0.21703659656986649
ground_789_gt.ply,0.15781189593907483
ground_689_gt.ply,0.14537164521613694
ground_nofloor_472_gt.ply,0.4008668847066071
ground_nofloor_323_gt.ply,0.22436168257947567
ground_nofloor_194_gt.ply,0.19195565365780032
ground_nofloor_572_gt.ply,0.2673824511161776
ground_nofloor_223_gt.ply,0.3430353784831038
ground_543_gt.ply,0.15010489839820887
ground_212_gt.ply,0.13428676278228588
ground_443_gt.ply,0.1347029899093667
ground_312_gt.ply,0.14446531936709642
ground_80_gt.ply,0.15217936950517588
ground_nofloor_198_gt.ply,0.17087197652803487
ground_363_gt.ply,0.17935219956695542
ground_432_gt.ply,0.17720467160030406
ground_685_gt.ply,0.16745903105708712
ground_263_gt.ply,0.14697936890374172
ground_nofloor_87_gt.ply,0.30699099405270663
ground_532_gt.ply,0.1447579824720338
ground_785_gt.ply,0.14360338188204608
ground_nofloor_252_gt.ply,0.23558977699986738
ground_nofloor_503_gt.ply,0.27068211558938343
ground_nofloor_352_gt.ply,0.15195943560036143
ground_nofloor_403_gt.ply,0.3435346737755041
ground_nofloor_99_gt.ply,0.2759828866959095
ground_nofloor_231_gt.ply,0.28856327619628347
ground_nofloor_560_gt.ply,0.244286001973431
ground_nofloor_186_gt.ply,0.17966958198535338
ground_nofloor_331_gt.ply,0.20368588183096484
ground_nofloor_460_gt.ply,0.2224491446097019
ground_300_gt.ply,0.1506852060115799
ground_451_gt.ply,0.1412540733363276
ground_200_gt.ply,0.17125310883056863
ground_551_gt.ply,0.16356360208598775
ground_nofloor_585_gt.ply,0.21367632115736576
ground_nofloor_163_gt.ply,0.12460290485791
ground_nofloor_632_gt.ply,0.21948664793618164
ground_nofloor_485_gt.ply,0.23321322797121832
ground_398_gt.ply,0.13040487016437424
ground_298_gt.ply,0.13118876471143204
ground_152_gt.ply,0.1357342334294216
ground_603_gt.ply,0.15895103318894208
ground_703_gt.ply,0.16946831197621393
ground_386_gt.ply,0.1682545975369902
ground_131_gt.ply,0.15538072543867565
ground_660_gt.ply,0.13926733226809193
ground_nofloor_62_gt.ply,0.18023537720424557
ground_286_gt.ply,0.1344726324255015
ground_760_gt.ply,0.1375189046974658
ground_65_gt.ply,0.16349592113832248
ground_808_gt.ply,0.1575532356170961
ground_18_gt.ply,0.16846632984544602
ground_nofloor_100_gt.ply,0.28346529073187837
ground_nofloor_497_gt.ply,0.21187887141160455
ground_nofloor_620_gt.ply,0.21678184593099947
ground_nofloor_171_gt.ply,0.24339421330325658
ground_nofloor_597_gt.ply,0.5096546779472526
ground_69_gt.ply,0.16990134003996474
ground_804_gt.ply,0.15202657694734256
ground_14_gt.ply,0.2105272188385111
ground_nofloor_13_gt.ply,0.7996230229875945
ground_711_gt.ply,0.14667361610728488
ground_611_gt.ply,0.1554020196813341
ground_140_gt.ply,0.1384372289843538
ground_772_gt.ply,0.17190836841113827
ground_nofloor_70_gt.ply,0.5158926428120872
ground_294_gt.ply,0.16590146401873418
ground_672_gt.ply,0.14659731305435328
ground_123_gt.ply,0.16796829284171985
ground_394_gt.ply,0.13592647135188912
ground_nofloor_489_gt.ply,0.2060604270430708
ground_77_gt.ply,0.1494136879004175
ground_nofloor_589_gt.ply,0.24829494553138026
ground_nofloor_112_gt.ply,0.15414220481190263
ground_nofloor_58_gt.ply,0.49862634743661755
ground_nofloor_147_gt.ply,0.5610041036726343
ground_nofloor_616_gt.ply,0.5832706748479811
ground_727_gt.ply,0.1590669344791331
ground_nofloor_25_gt.ply,0.32459236626119425
ground_590_gt.ply,0.1489339021693699
ground_176_gt.ply,0.15473985700176676
ground_627_gt.ply,0.15171333786134428
ground_490_gt.ply,0.14365289258255667
ground_22_gt.ply,0.1465197276362904
ground_nofloor_159_gt.ply,0.18069051172212888
ground_nofloor_608_gt.ply,0.21213801386932896
ground_41_gt.ply,0.17865032346022758
ground_nofloor_46_gt.ply,0.19331130448163505
ground_744_gt.ply,0.1553497028978081
ground_1_gt.ply,0.1415684713229781
ground_115_gt.ply,0.1454098825090884
ground_644_gt.ply,0.16455141949239063
ground_nofloor_393_gt.ply,0.22290680137390045
ground_nofloor_124_gt.ply,0.3384265038407099
ground_nofloor_293_gt.ply,0.3167537438924644
ground_739_gt.ply,0.15100951526248133
ground_168_gt.ply,0.1638401474148732
ground_639_gt.ply,0.13566182495439721
ground_648_gt.ply,0.1413244539505176
ground_119_gt.ply,0.1458796093953427
ground_748_gt.ply,0.14179140313012686
ground_nofloor_604_gt.ply,0.2038668991435108
ground_nofloor_155_gt.ply,0.19307216618021894
ground_482_gt.ply,0.17161600559112247
ground_635_gt.ply,0.15671647461562305
ground_164_gt.ply,0.17505315586370956
ground_582_gt.ply,0.13925388624876317
ground_nofloor_37_gt.ply,0.4573833450423702
ground_735_gt.ply,0.1320700843312701
ground_30_gt.ply,0.14863890776773409
ground_nofloor_128_gt.ply,0.28469037781949397
ground_53_gt.ply,0.16047721919673055
ground_656_gt.ply,0.1681372895371128
ground_107_gt.ply,0.1660745273444056
ground_756_gt.ply,0.15293263746620156
ground_nofloor_54_gt.ply,0.1707037425497344
ground_nofloor_281_gt.ply,0.36473578367770654
ground_nofloor_136_gt.ply,0.21681659961799385
ground_nofloor_381_gt.ply,0.23227681494531144
ground_nofloor_29_gt.ply,0.2747128075681563
ground_nofloor_507_gt.ply,0.24422153471020852
ground_nofloor_256_gt.ply,0.14711026290026372
ground_nofloor_407_gt.ply,0.13851922871804453
ground_nofloor_356_gt.ply,0.6271867642092231
ground_84_gt.ply,0.13515067682660858
ground_436_gt.ply,0.15876710004853664
ground_367_gt.ply,0.14159493076972446
ground_681_gt.ply,0.1571779410573963
ground_536_gt.ply,0.16370692034097295
ground_nofloor_83_gt.ply,0.4330996724091546
ground_267_gt.ply,0.16349894601946832
ground_781_gt.ply,0.14749568650788444
ground_455_gt.ply,0.1378173605988903
ground_304_gt.ply,0.15473042439555937
ground_555_gt.ply,0.15156440254421863
ground_204_gt.ply,0.15790373412879805
ground_nofloor_519_gt.ply,0.2912468437384962
ground_nofloor_248_gt.ply,0.19631067534124746
ground_nofloor_419_gt.ply,0.23132760757455453
ground_nofloor_348_gt.ply,0.19792936647258447
ground_428_gt.ply,0.16733090477871376
ground_379_gt.ply,0.16704826092628988
ground_528_gt.ply,0.16653773537399041
ground_279_gt.ply,0.16382766749709146
ground_nofloor_564_gt.ply,0.3005751315818436
ground_nofloor_235_gt.ply,0.2555666540691811
ground_nofloor_182_gt.ply,0.2982089809459199
ground_nofloor_464_gt.ply,0.16918601937233818
ground_nofloor_335_gt.ply,0.2710613721437539
ground_nofloor_344_gt.ply,0.15735199899567995
ground_nofloor_415_gt.ply,0.5816283494213084
ground_nofloor_244_gt.ply,0.33802074281595446
ground_nofloor_515_gt.ply,0.2494528330364302
ground_208_gt.ply,0.21594250763822512
ground_559_gt.ply,0.15234041136529547
ground_308_gt.ply,0.17964107734773394
ground_459_gt.ply,0.1394028689489674
ground_nofloor_339_gt.ply,0.23237288583625706
ground_nofloor_468_gt.ply,0.26018150574295645
ground_96_gt.ply,0.17176033075589725
ground_nofloor_239_gt.ply,0.27208170882732885
ground_nofloor_568_gt.ply,0.24220918614569023
ground_793_gt.ply,0.1339283573786015
ground_nofloor_91_gt.ply,1.3338911969398122
ground_275_gt.ply,0.2195226874241056
ground_524_gt.ply,0.17458325591962726
ground_693_gt.ply,0.15187732451699018
ground_375_gt.ply,0.15113345793705205
ground_424_gt.ply,0.1526271583720025
ground_216_gt.ply,0.17558005323236553
ground_547_gt.ply,0.1364970395871959
ground_316_gt.ply,0.15230514905799003
ground_447_gt.ply,0.180725112602578
ground_nofloor_327_gt.ply,0.17825328901685009
ground_nofloor_476_gt.ply,0.2521103836767733
ground_nofloor_190_gt.ply,0.20694897241326662
ground_nofloor_227_gt.ply,0.18394862294516767
ground_nofloor_576_gt.ply,0.166857463442177
ground_88_gt.ply,0.153983824576335
ground_189_gt.ply,0.1396215803581524
ground_nofloor_423_gt.ply,0.28666832769165473
ground_nofloor_372_gt.ply,0.20819864757249934
ground_nofloor_523_gt.ply,0.1344086734954956
ground_nofloor_272_gt.ply,0.11922569291296127
ground_512_gt.ply,0.1578440145321523
ground_243_gt.ply,0.17420432540424577
ground_412_gt.ply,0.1621475736165382
ground_343_gt.ply,0.14650557757276625
ground_571_gt.ply,0.1510087762899491
ground_220_gt.ply,0.16887494362581448
ground_197_gt.ply,0.14631404212370408
ground_471_gt.ply,0.15831687758461133
ground_320_gt.ply,0.17183980697831483
ground_nofloor_440_gt.ply,0.2596651759345945
ground_nofloor_311_gt.ply,0.18994587026263665
ground_nofloor_540_gt.ply,0.22298728954739738
ground_nofloor_211_gt.ply,0.23803365974580182
ground_nofloor_260_gt.ply,0.256221341116239
ground_nofloor_531_gt.ply,0.2564661689975823
ground_nofloor_1_gt.ply,0.28972485027035266
ground_nofloor_360_gt.ply,0.3050671027391876
ground_nofloor_431_gt.ply,0.26328261945315456
ground_351_gt.ply,0.15971959269803288
ground_400_gt.ply,0.15103138103834515
ground_251_gt.ply,0.1542251178401777
ground_500_gt.ply,0.1399935148255263
ground_332_gt.ply,0.1808616029643488
ground_463_gt.ply,0.12785032798270352
ground_185_gt.ply,0.1747877543101886
ground_232_gt.ply,0.12753235761171874
ground_563_gt.ply,0.16466996526015204
ground_nofloor_203_gt.ply,0.21864395041589438
ground_nofloor_552_gt.ply,0.2144576594097481
ground_nofloor_303_gt.ply,0.21793437166565047
ground_nofloor_452_gt.ply,0.44269996542636597
ground_nofloor_358_gt.ply,0.23496460688930637
ground_nofloor_409_gt.ply,0.3927254105522824
ground_nofloor_258_gt.ply,0.2626298513754548
ground_nofloor_509_gt.ply,0.865747508410391
ground_214_gt.ply,0.15468257791057183
ground_545_gt.ply,0.13774275901364735
ground_314_gt.ply,0.13850570178642585
ground_445_gt.ply,0.12230018865669556
ground_nofloor_325_gt.ply,0.21595187932319054
ground_nofloor_474_gt.ply,0.2909304982298154
ground_nofloor_192_gt.ply,0.16493448212322218
ground_nofloor_225_gt.ply,0.27556765416043993
ground_nofloor_574_gt.ply,0.4095130452114663
ground_269_gt.ply,0.1528985856474946
ground_538_gt.ply,0.1385173058807929
ground_369_gt.ply,0.15774493170739826
ground_438_gt.ply,0.1481122131969893
ground_nofloor_346_gt.ply,0.5152465228062212
ground_nofloor_417_gt.ply,0.16142512740522788
ground_nofloor_246_gt.ply,0.22780634937956823
ground_nofloor_517_gt.ply,0.1649284181803615
ground_791_gt.ply,0.1930304868626728
ground_277_gt.ply,0.13841715976390778
ground_nofloor_93_gt.ply,0.14531558537978545
ground_526_gt.ply,0.1571741358215226
ground_691_gt.ply,0.1422979248318162
ground_377_gt.ply,0.15519514564400683
ground_426_gt.ply,0.14642582702522058
ground_94_gt.ply,0.15599630219443195
ground_457_gt.ply,0.14637002450330147
ground_306_gt.ply,0.12609520654571066
ground_557_gt.ply,0.13263924285135795
ground_206_gt.ply,0.16257141243984627
ground_98_gt.ply,0.14849566304995349
ground_nofloor_566_gt.ply,0.24519940572794766
ground_nofloor_237_gt.ply,0.25167878449874836
ground_nofloor_180_gt.ply,0.3456356969642585
ground_nofloor_466_gt.ply,0.17899701370050727
ground_nofloor_337_gt.ply,0.24303440184930453
ground_449_gt.ply,0.1322033159368725
ground_318_gt.ply,0.14903024565898856
ground_549_gt.ply,0.1324680145776546
ground_218_gt.ply,0.17763417933833303
ground_nofloor_505_gt.ply,0.23742812150767295
ground_nofloor_254_gt.ply,0.182115651681412
ground_nofloor_405_gt.ply,0.22806848704116503
ground_nofloor_354_gt.ply,0.20922968212496726
ground_434_gt.ply,0.1495420360030074
ground_365_gt.ply,0.15037137754057012
ground_683_gt.ply,0.17067000420924594
ground_534_gt.ply,0.1294746025176457
ground_265_gt.ply,0.16448050029528966
ground_nofloor_81_gt.ply,0.655115207167949
ground_783_gt.ply,0.12557201868907625
ground_nofloor_578_gt.ply,0.24532686220752417
ground_nofloor_229_gt.ply,0.21153654505228123
ground_86_gt.ply,0.13767449499383444
ground_nofloor_478_gt.ply,0.1608929182931889
ground_nofloor_329_gt.ply,0.26091994243890737
ground_330_gt.ply,0.1651997493816398
ground_461_gt.ply,0.1389142759944688
ground_187_gt.ply,0.15920057614775643
ground_230_gt.ply,0.138034165877047
ground_561_gt.ply,0.11965206920291814
ground_nofloor_201_gt.ply,0.25860453714837567
ground_nofloor_550_gt.ply,0.2344926082997308
ground_nofloor_301_gt.ply,0.1536885831004985
ground_nofloor_450_gt.ply,0.33661373382071264
ground_nofloor_262_gt.ply,0.3213263073286787
ground_nofloor_533_gt.ply,0.21944630189414924
ground_nofloor_3_gt.ply,0.29217956975068715
ground_nofloor_362_gt.ply,0.4855167418661231
ground_nofloor_433_gt.ply,0.2593231589401441
ground_199_gt.ply,0.15349463225230453
ground_353_gt.ply,0.14493371346094847
ground_402_gt.ply,0.14781711718119123
ground_253_gt.ply,0.15831775938611206
ground_502_gt.ply,0.17146759922177196
ground_573_gt.ply,0.12068241233270038
ground_222_gt.ply,0.16632881604811914
ground_195_gt.ply,0.13693119158794986
ground_473_gt.ply,0.14436687539564974
ground_322_gt.ply,0.15328255751422692
ground_nofloor_442_gt.ply,0.7303169645628814
ground_nofloor_313_gt.ply,0.18404906545934294
ground_nofloor_542_gt.ply,0.5419743200508493
ground_nofloor_213_gt.ply,0.2118296830393999
ground_nofloor_421_gt.ply,0.1658172469585952
ground_nofloor_370_gt.ply,0.27227337069710295
ground_nofloor_521_gt.ply,0.1577465961892265
ground_nofloor_270_gt.ply,0.21990336652049838
ground_510_gt.ply,0.180103337268212
ground_241_gt.ply,0.1646847059348194
ground_410_gt.ply,0.12243384341702139
ground_341_gt.ply,0.15663665083521988
ground_75_gt.ply,0.17378805503094036
ground_770_gt.ply,0.17482380608791717
ground_296_gt.ply,0.1693748227588979
ground_nofloor_72_gt.ply,0.3868774636896529
ground_670_gt.ply,0.15328745917570608
ground_121_gt.ply,0.1430041587814044
ground_396_gt.ply,0.1644934455492991
ground_nofloor_110_gt.ply,0.7342334353573038
ground_288_gt.ply,0.18014958916333693
ground_388_gt.ply,0.13833526212758251
ground_nofloor_495_gt.ply,0.27247919755616445
ground_nofloor_622_gt.ply,0.2947638728637231
ground_nofloor_173_gt.ply,0.16088654890676185
ground_nofloor_595_gt.ply,0.3116201276275948
ground_nofloor_11_gt.ply,0.2127682685435471
ground_713_gt.ply,0.14653259764169863
ground_613_gt.ply,0.1574306342596591
ground_142_gt.ply,0.1481968829943184
ground_806_gt.ply,0.14398447282345556
ground_16_gt.ply,0.14586792439927476
ground_nofloor_599_gt.ply,0.2506921134466688
ground_67_gt.ply,0.17966806564962937
ground_nofloor_499_gt.ply,0.2039385710518222
ground_384_gt.ply,0.18153969143680374
ground_133_gt.ply,0.15242058381473989
ground_662_gt.ply,0.16206421807248783
ground_284_gt.ply,0.14445653816422896
ground_nofloor_60_gt.ply,0.3849283676648222
ground_762_gt.ply,0.1286686775586369
ground_nofloor_102_gt.ply,0.21751588272809752
ground_79_gt.ply,0.14826903073400127
ground_nofloor_587_gt.ply,0.22045072097242724
ground_nofloor_161_gt.ply,0.12862906701952498
ground_nofloor_630_gt.ply,0.19693452522978552
ground_nofloor_487_gt.ply,0.18468261864105487
ground_150_gt.ply,0.15328069930055235
ground_601_gt.ply,0.15770776786850227
ground_701_gt.ply,0.1467973384794924
ground_654_gt.ply,0.14469591889441785
ground_105_gt.ply,0.20389038162351733
ground_754_gt.ply,0.1361846354032334
ground_nofloor_56_gt.ply,0.29466752826983633
ground_51_gt.ply,0.16564752533772545
ground_nofloor_618_gt.ply,0.24347768685335092
ground_nofloor_149_gt.ply,0.6447918645830165
ground_629_gt.ply,0.15835472430599512
ground_178_gt.ply,0.18996295447636274
ground_729_gt.ply,0.1440476423219384
ground_nofloor_283_gt.ply,0.24098053880321071
ground_nofloor_134_gt.ply,0.2601008915223732
ground_nofloor_383_gt.ply,0.5683273871109343
ground_nofloor_606_gt.ply,0.3643919281349744
ground_nofloor_157_gt.ply,0.23541470780468032
ground_nofloor_48_gt.ply,0.16814296064888937
ground_32_gt.ply,0.16752047807293682
ground_480_gt.ply,0.1689173693388085
ground_637_gt.ply,0.148743810131554
ground_166_gt.ply,0.14930500980838968
ground_580_gt.ply,0.14302292717404816
ground_nofloor_35_gt.ply,0.16825501742158502
ground_737_gt.ply,0.15107226151260975
ground_nofloor_44_gt.ply,1.2255487401698313
ground_746_gt.ply,0.18216385587083034
ground_3_gt.ply,0.12490179167541376
ground_117_gt.ply,0.14562164487111384
ground_646_gt.ply,0.14136888291809424
ground_43_gt.ply,0.1461060036605536
ground_nofloor_39_gt.ply,0.6290624385243373
ground_nofloor_391_gt.ply,0.3258503952375676
ground_nofloor_126_gt.ply,0.34599062744031445
ground_nofloor_291_gt.ply,0.1768612982928633
ground_nofloor_145_gt.ply,0.17747463370962718
ground_nofloor_614_gt.ply,0.2792741502501194
ground_758_gt.ply,0.1542701400867061
ground_109_gt.ply,0.14446625939709928
ground_658_gt.ply,0.18649219322422225
ground_nofloor_138_gt.ply,0.366262304050049
ground_20_gt.ply,0.13103516654805533
ground_725_gt.ply,0.15499057456675014
ground_nofloor_27_gt.ply,0.37920189647700386
ground_592_gt.ply,0.13597073006363253
ground_174_gt.ply,0.11850346375250155
ground_625_gt.ply,0.13534906163087165
ground_492_gt.ply,0.15692977776713105
mean_emd_distance,0.21314722659404148
